{
	"credit": "Made with Blockbench",
	"texture_size": [64, 64],
	"textures": {
		"main": "nubx/m1897-reload"
	},
	"elements": [
		{
			"from": [-8.01462, 8.69362, 7.518],
			"to": [4.78538, 9.29362, 8.518],
			"rotation": {"angle": 0, "axis": "y", "origin": [5.08538, 8.99362, 8.018]},
			"faces": {
				"north": {"uv": [16, 0.5625, 8, 1.4375], "texture": "#main"},
				"east": {"uv": [15.40625, 1.4375, 16, 2], "texture": "#main", "cullface": "east"},
				"south": {"uv": [16, 0.5625, 8, 1.4375], "texture": "#main"},
				"west": {"uv": [15.25, 0, 16, 0.375], "texture": "#main"},
				"up": {"uv": [8, 1.4375, 16, 2], "texture": "#main", "cullface": "east"},
				"down": {"uv": [8, 1.4375, 16, 2], "texture": "#main", "cullface": "east"}
			}
		},
		{
			"from": [-8.01462, 8.49362, 7.718],
			"to": [4.78538, 9.49362, 8.318],
			"rotation": {"angle": 0, "axis": "y", "origin": [5.08538, 8.99362, 8.018]},
			"faces": {
				"north": {"uv": [8, 1.4375, 16, 2], "texture": "#main", "cullface": "east"},
				"east": {"uv": [15.40625, 1.4375, 16, 2], "texture": "#main", "cullface": "east"},
				"south": {"uv": [8, 1.4375, 16, 2], "texture": "#main", "cullface": "east"},
				"west": {"uv": [15.25, 0, 16, 0.375], "texture": "#main"},
				"up": {"uv": [16, 0.5625, 8, 1.4375], "texture": "#main"},
				"down": {"uv": [16, 0.5625, 8, 1.4375], "texture": "#main"}
			}
		},
		{
			"from": [-8.01462, 8.59362, 7.618],
			"to": [4.78538, 9.39362, 8.418],
			"rotation": {"angle": 0, "axis": "y", "origin": [5.08538, 8.99362, 8.018]},
			"faces": {
				"north": {"uv": [8, 1.4375, 16, 2], "texture": "#main", "cullface": "east"},
				"east": {"uv": [15.40625, 1.4375, 16, 2], "texture": "#main", "cullface": "east"},
				"south": {"uv": [8, 1.4375, 16, 2], "texture": "#main", "cullface": "east"},
				"west": {"uv": [15.25, 0, 16, 0.375], "texture": "#main"},
				"up": {"uv": [8, 1.4375, 16, 2], "texture": "#main", "cullface": "east"},
				"down": {"uv": [8, 1.4375, 16, 2], "texture": "#main", "cullface": "east"}
			}
		},
		{
			"from": [-6.41462, 8.79362, 7.718],
			"to": [6.38538, 9.19362, 8.318],
			"rotation": {"angle": 0, "axis": "y", "origin": [5.08538, 8.99362, 8.018]},
			"faces": {
				"north": {"uv": [8, 2, 16, 2.625], "texture": "#main"},
				"east": {"uv": [8, 0, 8, 0], "texture": "#main"},
				"south": {"uv": [8, 2, 16, 2.625], "texture": "#main"},
				"west": {"uv": [8.75, 0, 8.75, 0], "texture": "#main"},
				"up": {"uv": [8, 2, 16, 2.625], "texture": "#main"},
				"down": {"uv": [8, 2, 16, 2.625], "texture": "#main"}
			}
		},
		{
			"from": [-6.41462, 8.59362, 7.918],
			"to": [6.38538, 9.39362, 8.118],
			"rotation": {"angle": 0, "axis": "y", "origin": [5.08538, 8.99362, 8.018]},
			"faces": {
				"north": {"uv": [8, 2, 16, 2.625], "texture": "#main"},
				"east": {"uv": [8, 0, 8, 0], "texture": "#main"},
				"south": {"uv": [8, 2, 16, 2.625], "texture": "#main"},
				"west": {"uv": [8.75, 0, 8.75, 0], "texture": "#main"},
				"up": {"uv": [8, 2, 16, 2.625], "texture": "#main"},
				"down": {"uv": [8, 2, 16, 2.78125], "texture": "#main"}
			}
		},
		{
			"from": [-6.41462, 8.69362, 7.818],
			"to": [6.38538, 9.29362, 8.218],
			"rotation": {"angle": 0, "axis": "y", "origin": [5.08538, 8.99362, 8.018]},
			"faces": {
				"north": {"uv": [8, 2, 16, 2.625], "texture": "#main"},
				"east": {"uv": [8, 0, 8, 0], "texture": "#main"},
				"south": {"uv": [8, 2, 16, 2.625], "texture": "#main"},
				"west": {"uv": [8.75, 0, 8.75, 0], "texture": "#main"},
				"up": {"uv": [8, 2, 16, 2.625], "texture": "#main"},
				"down": {"uv": [8, 2, 16, 2.625], "texture": "#main"}
			}
		},
		{
			"from": [3.38538, 7.79362, 7.518],
			"to": [6.38538, 8.29362, 8.518],
			"rotation": {"angle": 0, "axis": "y", "origin": [5.08538, 8.99362, 8.018]},
			"faces": {
				"north": {"uv": [8, 3.5, 10.25, 4.5], "texture": "#main"},
				"east": {"uv": [8, 0.0625, 8.0625, 0.0625], "texture": "#main"},
				"south": {"uv": [8, 3.5, 10.25, 4.5], "texture": "#main"},
				"west": {"uv": [8, 3.5, 10.25, 4.5], "texture": "#main"},
				"up": {"uv": [8, 3.5, 10.25, 4.5], "texture": "#main"},
				"down": {"uv": [8, 3.5, 10.25, 4.5], "texture": "#main"}
			}
		},
		{
			"from": [3.38538, 7.69362, 7.618],
			"to": [6.38538, 8.39362, 8.418],
			"rotation": {"angle": 0, "axis": "y", "origin": [5.08538, 8.99362, 8.018]},
			"faces": {
				"north": {"uv": [8, 3.5, 10.25, 4.5], "texture": "#main"},
				"east": {"uv": [8.4375, 0.5625, 8.4375, 0.5625], "texture": "#main"},
				"south": {"uv": [8, 3.5, 10.25, 4.5], "texture": "#main"},
				"west": {"uv": [8, 3.5, 10.25, 4.5], "texture": "#main"},
				"up": {"uv": [8, 3.5, 10.25, 4.5], "texture": "#main"},
				"down": {"uv": [8, 3.5, 10.25, 4.5], "texture": "#main"}
			}
		},
		{
			"from": [3.38538, 7.59362, 7.718],
			"to": [6.38538, 8.49362, 8.318],
			"rotation": {"angle": 0, "axis": "y", "origin": [5.08538, 8.99362, 8.018]},
			"faces": {
				"north": {"uv": [8, 3.5, 10.25, 4.5], "texture": "#main"},
				"east": {"uv": [8, 0, 8, 0], "texture": "#main"},
				"south": {"uv": [8, 3.5, 10.25, 4.5], "texture": "#main"},
				"west": {"uv": [8, 3.5, 10.25, 4.5], "texture": "#main"},
				"up": {"uv": [8, 3.5, 10.25, 4.5], "texture": "#main"},
				"down": {"uv": [8, 3.5, 10.25, 4.5], "texture": "#main"}
			}
		},
		{
			"from": [-5.51462, 7.99362, 7.618],
			"to": [3.48538, 8.19362, 8.318],
			"rotation": {"angle": 0, "axis": "y", "origin": [5.08538, 8.99362, 8.018]},
			"faces": {
				"north": {"uv": [8, 2.875, 16, 3.5], "texture": "#main", "cullface": "east"},
				"east": {"uv": [8, 0, 8, 0], "texture": "#main"},
				"south": {"uv": [8, 2.875, 16, 3.5], "texture": "#main", "cullface": "east"},
				"west": {"uv": [14.5, 0, 15.125, 0.375], "texture": "#main"},
				"up": {"uv": [8, 2.8125, 16, 3.5625], "texture": "#main", "cullface": "east"},
				"down": {"uv": [8, 2.875, 16, 3.5], "texture": "#main", "cullface": "east"}
			}
		},
		{
			"from": [-5.51462, 7.89362, 7.718],
			"to": [3.48538, 8.29362, 8.218],
			"rotation": {"angle": 0, "axis": "y", "origin": [5.08538, 8.99362, 8.018]},
			"faces": {
				"north": {"uv": [8, 2.875, 16, 3.5], "texture": "#main", "cullface": "east"},
				"east": {"uv": [8, 0, 8, 0], "texture": "#main"},
				"south": {"uv": [8, 2.875, 16, 3.5], "texture": "#main", "cullface": "east"},
				"west": {"uv": [14.5, 0, 15.125, 0.375], "texture": "#main"},
				"up": {"uv": [8, 2.8125, 16, 3.5625], "texture": "#main", "cullface": "east"},
				"down": {"uv": [8, 2.875, 16, 3.5], "texture": "#main", "cullface": "east"}
			}
		},
		{
			"from": [-5.51462, 7.79362, 7.818],
			"to": [3.48538, 8.39362, 8.118],
			"rotation": {"angle": 0, "axis": "y", "origin": [5.08538, 8.99362, 8.018]},
			"faces": {
				"north": {"uv": [8, 2.875, 16, 3.5], "texture": "#main", "cullface": "east"},
				"east": {"uv": [8, 0, 8, 0], "texture": "#main"},
				"south": {"uv": [8, 2.875, 16, 3.5], "texture": "#main", "cullface": "east"},
				"west": {"uv": [14.5, 0, 15.125, 0.375], "texture": "#main"},
				"up": {"uv": [8, 2.8125, 16, 3.5625], "texture": "#main", "cullface": "east"},
				"down": {"uv": [8, 2.875, 16, 3.5], "texture": "#main", "cullface": "east"}
			}
		},
		{
			"from": [-5.51462, 8.39362, 7.918],
			"to": [-4.51462, 8.49362, 8.018],
			"rotation": {"angle": 0, "axis": "y", "origin": [5.08538, 8.99362, 8.018]},
			"faces": {
				"north": {"uv": [14.5, 0, 15.125, 0.375], "texture": "#main"},
				"east": {"uv": [14.5, 0, 15.125, 0.375], "texture": "#main"},
				"south": {"uv": [14.5, 0, 15.125, 0.375], "texture": "#main"},
				"west": {"uv": [14.5, 0, 15.125, 0.375], "texture": "#main"},
				"up": {"uv": [8.0625, 0, 8, 0], "texture": "#main"},
				"down": {"uv": [8.125, 0, 8.0625, 0], "texture": "#main"}
			}
		},
		{
			"from": [6.38538, 7.49362, 7.718],
			"to": [6.88538, 9.49362, 8.318],
			"rotation": {"angle": 0, "axis": "y", "origin": [5.08538, 8.99362, 8.018]},
			"faces": {
				"north": {"uv": [8, 4.5, 15.875, 6.125], "texture": "#main", "cullface": "east"},
				"east": {"uv": [8, 0, 8, 0.125], "texture": "#main"},
				"south": {"uv": [8, 4.5, 15.875, 6.125], "texture": "#main", "cullface": "east"},
				"west": {"uv": [8, 4.5, 15.875, 6.125], "texture": "#main", "cullface": "east"},
				"up": {"uv": [8, 4.5, 15.875, 6.125], "texture": "#main", "cullface": "east"},
				"down": {"uv": [8, 0, 8, 0], "texture": "#main"}
			}
		},
		{
			"from": [6.88538, 9.39362, 7.618],
			"to": [11.38538, 9.59362, 8.418],
			"rotation": {"angle": 0, "axis": "y", "origin": [5.08538, 8.99362, 8.018]},
			"faces": {
				"north": {"uv": [8, 4.5, 15.875, 6.125], "texture": "#main", "cullface": "east"},
				"east": {"uv": [12.875, 4.5, 16, 6.125], "texture": "#main", "cullface": "east"},
				"south": {"uv": [8, 4.5, 15.875, 6.125], "texture": "#main", "cullface": "east"},
				"west": {"uv": [8, 4.5, 15.875, 6.125], "texture": "#main", "cullface": "east"},
				"up": {"uv": [8, 4.5, 15.875, 6.125], "texture": "#main", "cullface": "east"},
				"down": {"uv": [8.5, 0, 8.25, 0], "texture": "#main"}
			}
		},
		{
			"from": [6.38538, 7.29362, 7.618],
			"to": [11.38538, 7.49362, 8.418],
			"rotation": {"angle": 0, "axis": "y", "origin": [5.08538, 8.99362, 8.018]},
			"faces": {
				"north": {"uv": [8, 4.5, 15.875, 6.125], "texture": "#main", "cullface": "east"},
				"east": {"uv": [8, 0, 8, 0], "texture": "#main"},
				"south": {"uv": [8, 4.5, 15.875, 6.125], "texture": "#main", "cullface": "east"},
				"west": {"uv": [8, 4.5, 15.875, 6.125], "texture": "#main", "cullface": "east"},
				"up": {"uv": [8.3125, 0, 8, 0], "texture": "#main"},
				"down": {"uv": [8, 4.5, 15.875, 6.125], "texture": "#main", "cullface": "east"}
			}
		},
		{
			"from": [10.38538, 7.49362, 7.418],
			"to": [11.38538, 9.19362, 8.618],
			"rotation": {"angle": 0, "axis": "y", "origin": [5.08538, 8.99362, 8.018]},
			"faces": {
				"north": {"uv": [14.375, 4.5, 15.875, 6.125], "texture": "#main", "cullface": "east"},
				"east": {"uv": [12.875, 4.5, 16, 6.125], "texture": "#main", "cullface": "east"},
				"south": {"uv": [12.875, 4.5, 16, 6.125], "texture": "#main", "cullface": "east"},
				"west": {"uv": [9.25, 0, 11.125, 0.375], "texture": "#main"},
				"up": {"uv": [8, 4.5, 15.875, 6.125], "texture": "#main", "cullface": "east"},
				"down": {"uv": [8, 4.5, 15.875, 6.125], "texture": "#main", "cullface": "east"}
			}
		},
		{
			"from": [8.58538, 7.49362, 8.018],
			"to": [10.38538, 8.99362, 8.618],
			"rotation": {"angle": 0, "axis": "y", "origin": [5.08538, 8.99362, 8.018]},
			"faces": {
				"north": {"uv": [9.25, 0, 11.125, 0.375], "texture": "#main"},
				"east": {"uv": [8, 0, 8, 0.0625], "texture": "#main"},
				"south": {"uv": [10.625, 4.5, 12.875, 6.125], "texture": "#main", "cullface": "east"},
				"west": {"uv": [8.125, 0, 8.125, 0.0625], "texture": "#main"},
				"up": {"uv": [8.125, 0, 8, 0], "texture": "#main"},
				"down": {"uv": [8, 4.5, 15.875, 6.125], "texture": "#main", "cullface": "east"}
			}
		},
		{
			"from": [6.38538, 7.49362, 7.618],
			"to": [6.88538, 9.29362, 8.418],
			"rotation": {"angle": 0, "axis": "y", "origin": [5.08538, 8.99362, 8.018]},
			"faces": {
				"north": {"uv": [8, 4.5, 15.875, 6.125], "texture": "#main", "cullface": "east"},
				"east": {"uv": [8, 0, 8, 0.0625], "texture": "#main"},
				"south": {"uv": [8, 4.5, 15.875, 6.125], "texture": "#main", "cullface": "east"},
				"west": {"uv": [8, 4.5, 15.875, 6.125], "texture": "#main", "cullface": "east"},
				"up": {"uv": [8, 4.5, 15.875, 6.125], "texture": "#main", "cullface": "east"},
				"down": {"uv": [8, 0, 8, 0], "texture": "#main"}
			}
		},
		{
			"from": [6.38538, 7.49362, 7.518],
			"to": [6.88538, 8.99362, 8.518],
			"rotation": {"angle": 0, "axis": "y", "origin": [5.08538, 8.99362, 8.018]},
			"faces": {
				"north": {"uv": [8, 4.5, 15.875, 6.125], "texture": "#main", "cullface": "east"},
				"east": {"uv": [8, 0.0625, 8.0625, 0.125], "texture": "#main"},
				"south": {"uv": [8, 4.5, 15.875, 6.125], "texture": "#main", "cullface": "east"},
				"west": {"uv": [8, 4.5, 15.875, 6.125], "texture": "#main", "cullface": "east"},
				"up": {"uv": [8, 4.5, 15.875, 6.125], "texture": "#main", "cullface": "east"},
				"down": {"uv": [8, 4.5, 15.875, 6.125], "texture": "#main", "cullface": "east"}
			}
		},
		{
			"from": [6.88538, 7.49362, 7.418],
			"to": [8.58538, 9.19362, 8.618],
			"rotation": {"angle": 0, "axis": "y", "origin": [5.08538, 8.99362, 8.018]},
			"faces": {
				"north": {"uv": [8, 4.5, 9.75, 6.125], "texture": "#main", "cullface": "east"},
				"east": {"uv": [9.25, 0, 11.125, 0.375], "texture": "#main"},
				"south": {"uv": [8, 4.5, 10.25, 6.125], "texture": "#main", "cullface": "east"},
				"west": {"uv": [8, 4.5, 15.875, 6.125], "texture": "#main", "cullface": "east"},
				"up": {"uv": [8, 4.5, 15.875, 6.125], "texture": "#main", "cullface": "east"},
				"down": {"uv": [8, 4.5, 15.875, 6.125], "texture": "#main", "cullface": "east"}
			}
		},
		{
			"from": [8.58538, 7.49362, 7.418],
			"to": [10.38538, 8.49362, 8.018],
			"rotation": {"angle": 0, "axis": "y", "origin": [5.08538, 8.99362, 8.018]},
			"faces": {
				"north": {"uv": [10.125, 5.125, 12.625, 6.125], "texture": "#main", "cullface": "east"},
				"east": {"uv": [8, 0, 8, 0.0625], "texture": "#main"},
				"south": {"uv": [8.0625, 0, 8.125, 0.0625], "texture": "#main"},
				"west": {"uv": [8.0625, 0, 8.0625, 0.0625], "texture": "#main"},
				"up": {"uv": [9.25, 0, 11.125, 0.375], "texture": "#main"},
				"down": {"uv": [8, 4.5, 15.875, 6.125], "texture": "#main", "cullface": "east"}
			}
		},
		{
			"from": [6.88538, 9.19362, 7.518],
			"to": [11.38538, 9.39362, 8.518],
			"rotation": {"angle": 0, "axis": "y", "origin": [5.08538, 8.99362, 8.018]},
			"faces": {
				"north": {"uv": [8, 4.5, 15.875, 6.125], "texture": "#main", "cullface": "east"},
				"east": {"uv": [12.875, 4.5, 16, 6.125], "texture": "#main", "cullface": "east"},
				"south": {"uv": [8, 4.5, 15.875, 6.125], "texture": "#main", "cullface": "east"},
				"west": {"uv": [8, 4.5, 15.875, 6.125], "texture": "#main", "cullface": "east"},
				"up": {"uv": [8, 4.5, 15.875, 6.125], "texture": "#main", "cullface": "east"},
				"down": {"uv": [8.1875, 0, 8.125, 0.0625], "texture": "#main"}
			}
		},
		{
			"from": [8.58538, 8.99362, 7.418],
			"to": [10.38538, 9.19362, 8.618],
			"rotation": {"angle": 0, "axis": "y", "origin": [5.08538, 8.99362, 8.018]},
			"faces": {
				"north": {"uv": [8, 4.5, 15.875, 6.125], "texture": "#main", "cullface": "east"},
				"east": {"uv": [8, 0.0625, 8.0625, 0.0625], "texture": "#main"},
				"south": {"uv": [10.375, 4.5, 12.25, 4.875], "texture": "#main", "cullface": "east"},
				"west": {"uv": [8.125, 0.0625, 8.1875, 0.0625], "texture": "#main"},
				"up": {"uv": [8, 4.5, 15.875, 6.125], "texture": "#main", "cullface": "east"},
				"down": {"uv": [9.25, 0, 11.125, 0.375], "texture": "#main"}
			}
		},
		{
			"from": [13.78538, 5.79362, 7.418],
			"to": [14.78538, 7.99362, 8.618],
			"rotation": {"angle": 0, "axis": "y", "origin": [15.21872, 6.42695, 8.018]},
			"faces": {
				"north": {"uv": [11, 6.125, 12.5, 8], "texture": "#main", "cullface": "east"},
				"east": {"uv": [8, 0.0625, 8.0625, 0.1875], "texture": "#main"},
				"south": {"uv": [11, 6.125, 12.5, 8], "texture": "#main", "cullface": "east"},
				"west": {"uv": [8, 6.125, 15.875, 8], "texture": "#main", "cullface": "east"},
				"up": {"uv": [8, 6.125, 15.875, 8], "texture": "#main", "cullface": "east"},
				"down": {"uv": [8, 6.125, 15.875, 8], "texture": "#main", "cullface": "east"}
			}
		},
		{
			"from": [14.78538, 5.49362, 7.418],
			"to": [15.78538, 7.99362, 8.618],
			"rotation": {"angle": 0, "axis": "y", "origin": [15.21872, 6.42695, 8.018]},
			"faces": {
				"north": {"uv": [11.875, 6.125, 13.5, 8], "texture": "#main", "cullface": "east"},
				"east": {"uv": [8, 0.0625, 8.0625, 0.1875], "texture": "#main"},
				"south": {"uv": [11.875, 6.125, 13.5, 8], "texture": "#main", "cullface": "east"},
				"west": {"uv": [8, 6.125, 15.875, 8], "texture": "#main", "cullface": "east"},
				"up": {"uv": [8, 6.125, 15.875, 8], "texture": "#main", "cullface": "east"},
				"down": {"uv": [8, 6.125, 15.875, 8], "texture": "#main", "cullface": "east"}
			}
		},
		{
			"from": [15.78538, 5.09362, 7.418],
			"to": [18.78538, 7.99362, 8.618],
			"rotation": {"angle": 0, "axis": "y", "origin": [15.21872, 6.42695, 8.018]},
			"faces": {
				"north": {"uv": [13.125, 6.125, 15.875, 8], "texture": "#main", "cullface": "east"},
				"east": {"uv": [15.125, 6.625, 15.875, 7.75], "texture": "#main", "cullface": "east"},
				"south": {"uv": [13.125, 6.125, 15.875, 8], "texture": "#main", "cullface": "east"},
				"west": {"uv": [8, 6.125, 15.875, 8], "texture": "#main", "cullface": "east"},
				"up": {"uv": [8, 6.125, 15.875, 8], "texture": "#main", "cullface": "east"},
				"down": {"uv": [8, 6.125, 15.875, 8], "texture": "#main", "cullface": "east"}
			}
		},
		{
			"from": [11.38538, 6.89362, 7.418],
			"to": [12.28538, 8.29362, 8.618],
			"rotation": {"angle": 0, "axis": "y", "origin": [12.03538, 8.44362, 8.0055]},
			"faces": {
				"north": {"uv": [8, 6.125, 8.875, 7.125], "texture": "#main", "cullface": "east"},
				"east": {"uv": [8, 6.125, 15.875, 8], "texture": "#main", "cullface": "east"},
				"south": {"uv": [8, 6.125, 8.875, 7.125], "texture": "#main", "cullface": "east"},
				"west": {"uv": [8, 6.125, 15.875, 8], "texture": "#main", "cullface": "east"},
				"up": {"uv": [8, 6.125, 15.875, 8], "texture": "#main", "cullface": "east"},
				"down": {"uv": [8, 6.125, 15.875, 8], "texture": "#main", "cullface": "east"}
			}
		},
		{
			"from": [13.78538, 5.59362, 7.718],
			"to": [14.78538, 5.79362, 8.318],
			"rotation": {"angle": 0, "axis": "y", "origin": [15.21872, 6.42695, 8.018]},
			"faces": {
				"north": {"uv": [11, 6.125, 12.5, 8], "texture": "#main", "cullface": "east"},
				"east": {"uv": [8, 0, 8, 0], "texture": "#main"},
				"south": {"uv": [11, 6.125, 12.5, 8], "texture": "#main", "cullface": "east"},
				"west": {"uv": [8, 6.125, 15.875, 8], "texture": "#main", "cullface": "east"},
				"up": {"uv": [8.0625, 0, 8, 0], "texture": "#main"},
				"down": {"uv": [8, 6.125, 15.875, 8], "texture": "#main", "cullface": "east"}
			}
		},
		{
			"from": [15.78538, 4.89362, 7.718],
			"to": [18.78538, 5.09362, 8.318],
			"rotation": {"angle": 0, "axis": "y", "origin": [15.21872, 6.42695, 8.018]},
			"faces": {
				"north": {"uv": [13.125, 6.125, 15.875, 8], "texture": "#main", "cullface": "east"},
				"east": {"uv": [8, 6.125, 15.875, 8], "texture": "#main", "cullface": "east"},
				"south": {"uv": [13.125, 6.125, 15.875, 8], "texture": "#main", "cullface": "east"},
				"west": {"uv": [8, 6.125, 15.875, 8], "texture": "#main", "cullface": "east"},
				"up": {"uv": [8.1875, 0, 8, 0], "texture": "#main"},
				"down": {"uv": [8, 6.125, 15.875, 8], "texture": "#main", "cullface": "east"}
			}
		},
		{
			"from": [14.78538, 5.29362, 7.718],
			"to": [15.78538, 5.49362, 8.318],
			"rotation": {"angle": 0, "axis": "y", "origin": [15.21872, 6.42695, 8.018]},
			"faces": {
				"north": {"uv": [11.875, 6.125, 13.5, 8], "texture": "#main", "cullface": "east"},
				"east": {"uv": [8, 0, 8, 0], "texture": "#main"},
				"south": {"uv": [11.875, 6.125, 13.5, 8], "texture": "#main", "cullface": "east"},
				"west": {"uv": [8, 6.125, 15.875, 8], "texture": "#main", "cullface": "east"},
				"up": {"uv": [8.0625, 0, 8, 0], "texture": "#main"},
				"down": {"uv": [8, 6.125, 15.875, 8], "texture": "#main", "cullface": "east"}
			}
		},
		{
			"from": [12.78538, 6.09362, 7.718],
			"to": [13.78538, 6.29362, 8.318],
			"rotation": {"angle": 0, "axis": "y", "origin": [5.08538, 8.99362, 8.018]},
			"faces": {
				"north": {"uv": [9.625, 6.125, 10.75, 8], "texture": "#main", "cullface": "east"},
				"east": {"uv": [8, 0, 8, 0], "texture": "#main"},
				"south": {"uv": [9.625, 6.125, 10.75, 8], "texture": "#main", "cullface": "east"},
				"west": {"uv": [8, 6.125, 15.875, 8], "texture": "#main", "cullface": "east"},
				"up": {"uv": [8.0625, 0, 8, 0], "texture": "#main"},
				"down": {"uv": [8, 6.125, 15.875, 8], "texture": "#main", "cullface": "east"}
			}
		},
		{
			"from": [12.28538, 6.59362, 7.718],
			"to": [12.78538, 6.79362, 8.318],
			"rotation": {"angle": 0, "axis": "y", "origin": [12.53538, 8.26862, 8.0055]},
			"faces": {
				"north": {"uv": [8.875, 6.125, 9.75, 7.125], "texture": "#main", "cullface": "east"},
				"east": {"uv": [8, 0, 8, 0], "texture": "#main"},
				"south": {"uv": [8.875, 6.125, 9.75, 7.125], "texture": "#main", "cullface": "east"},
				"west": {"uv": [8, 6.125, 15.875, 8], "texture": "#main", "cullface": "east"},
				"up": {"uv": [8, 0, 8, 0], "texture": "#main"},
				"down": {"uv": [8, 6.125, 15.875, 8], "texture": "#main", "cullface": "east"}
			}
		},
		{
			"from": [11.38538, 6.69362, 7.718],
			"to": [12.28538, 6.89362, 8.318],
			"rotation": {"angle": 0, "axis": "y", "origin": [12.03538, 8.44362, 8.0055]},
			"faces": {
				"north": {"uv": [8, 6.125, 8.875, 7.125], "texture": "#main", "cullface": "east"},
				"east": {"uv": [8, 0, 8, 0], "texture": "#main"},
				"south": {"uv": [8, 6.125, 8.875, 7.125], "texture": "#main", "cullface": "east"},
				"west": {"uv": [8, 6.125, 15.875, 8], "texture": "#main", "cullface": "east"},
				"up": {"uv": [8, 0, 8, 0], "texture": "#main"},
				"down": {"uv": [8, 6.125, 15.875, 8], "texture": "#main", "cullface": "east"}
			}
		},
		{
			"from": [12.28538, 8.19362, 7.618],
			"to": [12.78538, 8.49362, 8.418],
			"rotation": {"angle": 0, "axis": "y", "origin": [12.53538, 8.26862, 8.0055]},
			"faces": {
				"north": {"uv": [14.625, 7, 15.875, 7.375], "texture": "#main", "cullface": "east"},
				"east": {"uv": [8, 6.125, 15.875, 8], "texture": "#main", "cullface": "east"},
				"south": {"uv": [14.625, 7, 15.875, 7.375], "texture": "#main", "cullface": "east"},
				"west": {"uv": [8, 0, 8, 0], "texture": "#main"},
				"up": {"uv": [8, 6.125, 15.875, 8], "texture": "#main", "cullface": "east"},
				"down": {"uv": [8, 0, 8, 0], "texture": "#main"}
			}
		},
		{
			"from": [12.28538, 7.99362, 7.518],
			"to": [12.78538, 8.29362, 8.518],
			"rotation": {"angle": 0, "axis": "y", "origin": [12.53538, 8.26862, 8.0055]},
			"faces": {
				"north": {"uv": [14.875, 7.5, 15.875, 8], "texture": "#main", "cullface": "east"},
				"east": {"uv": [8, 6.125, 15.875, 8], "texture": "#main", "cullface": "east"},
				"south": {"uv": [14.875, 7.5, 15.875, 7.875], "texture": "#main", "cullface": "east"},
				"west": {"uv": [8.0625, 0.0625, 8.125, 0.0625], "texture": "#main"},
				"up": {"uv": [8, 6.125, 15.875, 8], "texture": "#main", "cullface": "east"},
				"down": {"uv": [8.0625, 0, 8.0625, 0.0625], "texture": "#main"}
			}
		},
		{
			"from": [11.38538, 8.29362, 7.518],
			"to": [12.28538, 8.49362, 8.518],
			"rotation": {"angle": 0, "axis": "y", "origin": [12.03538, 8.44362, 8.0055]},
			"faces": {
				"north": {"uv": [14.875, 7.5, 15.875, 7.875], "texture": "#main", "cullface": "east"},
				"east": {"uv": [8, 6.125, 15.875, 8], "texture": "#main", "cullface": "east"},
				"south": {"uv": [14.875, 7.5, 15.875, 7.875], "texture": "#main", "cullface": "east"},
				"west": {"uv": [8.0625, 0.0625, 8.125, 0.0625], "texture": "#main"},
				"up": {"uv": [8, 6.125, 15.875, 8], "texture": "#main", "cullface": "east"},
				"down": {"uv": [8.0625, 0, 8.0625, 0.0625], "texture": "#main"}
			}
		},
		{
			"from": [11.38538, 8.49362, 7.618],
			"to": [12.28538, 8.69362, 8.418],
			"rotation": {"angle": 0, "axis": "y", "origin": [12.03538, 8.44362, 8.0055]},
			"faces": {
				"north": {"uv": [14.875, 6.125, 15.5, 6.625], "texture": "#main", "cullface": "east"},
				"east": {"uv": [8, 6.125, 15.875, 8], "texture": "#main", "cullface": "east"},
				"south": {"uv": [14.875, 6.125, 15.5, 6.625], "texture": "#main", "cullface": "east"},
				"west": {"uv": [8, 0, 8, 0], "texture": "#main"},
				"up": {"uv": [8, 6.125, 15.875, 8], "texture": "#main", "cullface": "east"},
				"down": {"uv": [8, 0, 8, 0], "texture": "#main"}
			}
		},
		{
			"from": [11.22577, 8.70323, 7.9],
			"to": [12.02577, 8.90323, 8.2],
			"rotation": {"angle": 45, "axis": "z", "origin": [11.57577, 8.90323, 7.968]},
			"faces": {
				"north": {"uv": [13, 0, 14.375, 0.5], "texture": "#main"},
				"east": {"uv": [13, 0, 14.375, 0.5], "texture": "#main"},
				"south": {"uv": [13, 0, 14.375, 0.5], "texture": "#main"},
				"west": {"uv": [8, 0, 8, 0], "texture": "#main"},
				"up": {"uv": [13, 0, 14.375, 0.5], "texture": "#main"},
				"down": {"uv": [13, 0, 14.375, 0.5], "texture": "#main"}
			}
		},
		{
			"from": [11.72577, 8.90323, 7.9],
			"to": [12.22577, 9.10323, 8.2],
			"rotation": {"angle": 45, "axis": "z", "origin": [11.57577, 8.90323, 7.968]},
			"faces": {
				"north": {"uv": [13, 0, 14.375, 0.5], "texture": "#main"},
				"east": {"uv": [13, 0, 14.375, 0.5], "texture": "#main"},
				"south": {"uv": [13, 0, 14.375, 0.5], "texture": "#main"},
				"west": {"uv": [8, 0, 8, 0], "texture": "#main"},
				"up": {"uv": [13, 0, 14.375, 0.5], "texture": "#main"},
				"down": {"uv": [13, 0, 14.375, 0.5], "texture": "#main"}
			}
		},
		{
			"from": [12.28538, 8.39362, 7.9],
			"to": [12.78538, 8.69362, 8.2],
			"rotation": {"angle": 0, "axis": "y", "origin": [12.53538, 8.26862, 8.0055]},
			"faces": {
				"north": {"uv": [14.875, 6.125, 15.5, 6.625], "texture": "#main", "cullface": "east"},
				"east": {"uv": [8, 6.125, 15.875, 8], "texture": "#main", "cullface": "east"},
				"south": {"uv": [14.875, 6.125, 15.5, 6.625], "texture": "#main", "cullface": "east"},
				"west": {"uv": [8, 0, 8, 0], "texture": "#main"},
				"up": {"uv": [8, 6.125, 15.875, 8], "texture": "#main", "cullface": "east"},
				"down": {"uv": [8, 0, 8, 0], "texture": "#main"}
			}
		},
		{
			"from": [12.78538, 8.39362, 7.9],
			"to": [18.78538, 8.59362, 8.2],
			"rotation": {"angle": 0, "axis": "y", "origin": [5.08538, 8.99362, 8.018]},
			"faces": {
				"north": {"uv": [8, 6.125, 15.875, 6.625], "texture": "#main", "cullface": "east"},
				"east": {"uv": [12.75, 6.125, 13.625, 6.5], "texture": "#main", "cullface": "east"},
				"south": {"uv": [8, 6.125, 15.875, 6.625], "texture": "#main", "cullface": "east"},
				"west": {"uv": [8.375, 0, 8.375, 0], "texture": "#main"},
				"up": {"uv": [8, 6.125, 15.875, 8], "texture": "#main", "cullface": "east"},
				"down": {"uv": [8.75, 0, 8.375, 0], "texture": "#main"}
			}
		},
		{
			"from": [12.78538, 7.99362, 7.518],
			"to": [18.78538, 8.19362, 8.518],
			"rotation": {"angle": 0, "axis": "y", "origin": [16.88538, 9.19362, 8.018]},
			"faces": {
				"north": {"uv": [8, 7.5, 15.875, 8], "texture": "#main", "cullface": "east"},
				"east": {"uv": [14.875, 6.125, 15.875, 6.5], "texture": "#main", "cullface": "east"},
				"south": {"uv": [8, 7.5, 15.875, 8], "texture": "#main", "cullface": "east"},
				"west": {"uv": [8.4375, 0.0625, 8.5, 0.0625], "texture": "#main"},
				"up": {"uv": [8, 6.125, 15.875, 8], "texture": "#main", "cullface": "east"},
				"down": {"uv": [8.8125, 0, 8.4375, 0.0625], "texture": "#main"}
			}
		},
		{
			"from": [12.78538, 8.19362, 7.618],
			"to": [18.78538, 8.39362, 8.418],
			"rotation": {"angle": 0, "axis": "y", "origin": [16.88538, 9.19362, 8.018]},
			"faces": {
				"north": {"uv": [8, 7, 15.875, 7.375], "texture": "#main", "cullface": "east"},
				"east": {"uv": [13.875, 6.125, 14.875, 6.375], "texture": "#main", "cullface": "east"},
				"south": {"uv": [8, 7, 15.875, 7.375], "texture": "#main", "cullface": "east"},
				"west": {"uv": [8.375, 0, 8.375, 0], "texture": "#main"},
				"up": {"uv": [8, 6.125, 15.875, 8], "texture": "#main", "cullface": "east"},
				"down": {"uv": [8.75, 0, 8.375, 0], "texture": "#main"}
			}
		},
		{
			"from": [12.28538, 6.79362, 7.418],
			"to": [12.78538, 8.09362, 8.618],
			"rotation": {"angle": 0, "axis": "y", "origin": [12.53538, 8.26862, 8.0055]},
			"faces": {
				"north": {"uv": [8.875, 6.125, 9.75, 7.125], "texture": "#main", "cullface": "east"},
				"east": {"uv": [8, 6.125, 15.875, 8], "texture": "#main", "cullface": "east"},
				"south": {"uv": [8.875, 6.125, 9.75, 7.125], "texture": "#main", "cullface": "east"},
				"west": {"uv": [8, 6.125, 15.875, 8], "texture": "#main", "cullface": "east"},
				"up": {"uv": [8, 6.125, 15.875, 8], "texture": "#main", "cullface": "east"},
				"down": {"uv": [8, 6.125, 15.875, 8], "texture": "#main", "cullface": "east"}
			}
		},
		{
			"from": [12.78538, 6.29362, 7.418],
			"to": [13.78538, 7.99362, 8.618],
			"rotation": {"angle": 0, "axis": "y", "origin": [5.08538, 8.99362, 8.018]},
			"faces": {
				"north": {"uv": [9.625, 6.125, 10.75, 8], "texture": "#main", "cullface": "east"},
				"east": {"uv": [8, 0.0625, 8.0625, 0.125], "texture": "#main"},
				"south": {"uv": [9.625, 6.125, 10.75, 8], "texture": "#main", "cullface": "east"},
				"west": {"uv": [8, 6.125, 15.875, 8], "texture": "#main", "cullface": "east"},
				"up": {"uv": [8, 6.125, 15.875, 8], "texture": "#main", "cullface": "east"},
				"down": {"uv": [8, 6.125, 15.875, 8], "texture": "#main", "cullface": "east"}
			}
		},
		{
			"from": [-3.21462, 7.89362, 7.518],
			"to": [1.28538, 8.29362, 8.418],
			"rotation": {"angle": 0, "axis": "y", "origin": [5.08538, 8.99362, 8.018]},
			"faces": {
				"north": {"uv": [11.375, 3.5625, 16, 4.5], "texture": "#main"},
				"east": {"uv": [10.375, 3.5, 11.375, 4.5], "texture": "#main"},
				"south": {"uv": [11.375, 3.5625, 16, 4.5], "texture": "#main"},
				"west": {"uv": [10.375, 3.5, 11.375, 4.5], "texture": "#main"},
				"up": {"uv": [11.375, 3.5625, 16, 4.5], "texture": "#main"},
				"down": {"uv": [11.375, 3.5, 16, 4.375], "texture": "#main"}
			}
		},
		{
			"from": [-3.21462, 7.79362, 7.718],
			"to": [1.28538, 8.39362, 8.318],
			"rotation": {"angle": 0, "axis": "y", "origin": [5.08538, 8.99362, 8.018]},
			"faces": {
				"north": {"uv": [11.375, 3.5625, 16, 4.5], "texture": "#main"},
				"east": {"uv": [10.375, 3.5, 11.375, 4.5], "texture": "#main"},
				"south": {"uv": [11.375, 3.5625, 16, 4.5], "texture": "#main"},
				"west": {"uv": [10.375, 3.5, 11.375, 4.5], "texture": "#main"},
				"up": {"uv": [11.375, 3.5625, 16, 4.5], "texture": "#main"},
				"down": {"uv": [11.375, 3.5625, 16, 4.5], "texture": "#main"}
			}
		},
		{
			"from": [-3.21462, 7.69362, 7.818],
			"to": [1.28538, 8.49362, 8.218],
			"rotation": {"angle": 0, "axis": "y", "origin": [5.08538, 8.99362, 8.018]},
			"faces": {
				"north": {"uv": [11.375, 3.5625, 16, 4.5], "texture": "#main"},
				"east": {"uv": [10.375, 3.5, 11.375, 4.5], "texture": "#main"},
				"south": {"uv": [11.375, 3.5625, 16, 4.5], "texture": "#main"},
				"west": {"uv": [10.375, 3.5, 11.375, 4.5], "texture": "#main"},
				"up": {"uv": [8.25, 0, 8, 0], "texture": "#main"},
				"down": {"uv": [11.375, 3.5625, 16, 4.5], "texture": "#main"}
			}
		},
		{
			"from": [7.18538, 8.49362, 7.518],
			"to": [8.78538, 8.99362, 7.618],
			"rotation": {"angle": 0, "axis": "y", "origin": [5.08538, 8.99362, 8.018]},
			"faces": {
				"north": {"uv": [11.25, 0, 14.375, 0.5], "texture": "#main", "cullface": "east"},
				"east": {"uv": [11.25, 0, 14.375, 0.5], "texture": "#main", "cullface": "east"},
				"south": {"uv": [8.0625, 0, 8.125, 0], "texture": "#main"},
				"west": {"uv": [8.0625, 0, 8.0625, 0], "texture": "#main"},
				"up": {"uv": [8.0625, 0, 8, 0], "texture": "#main"},
				"down": {"uv": [8.125, 0, 8.0625, 0], "texture": "#main"}
			}
		},
		{
			"from": [-8.01462, 8.69362, 7.518],
			"to": [4.78538, 9.29362, 8.518],
			"rotation": {"angle": 0, "axis": "y", "origin": [5.08538, 8.99362, 8.018]},
			"faces": {
				"north": {"uv": [8, 8.5625, 0, 9.4375], "texture": "#main"},
				"east": {"uv": [7.40625, 9.4375, 8, 10], "texture": "#main", "cullface": "east"},
				"south": {"uv": [8, 8.5625, 0, 9.4375], "texture": "#main"},
				"west": {"uv": [7.25, 8, 8, 8.375], "texture": "#main"},
				"up": {"uv": [0, 9.4375, 8, 10], "texture": "#main", "cullface": "east"},
				"down": {"uv": [0, 9.4375, 8, 10], "texture": "#main", "cullface": "east"}
			}
		},
		{
			"from": [-8.01462, 8.49362, 7.718],
			"to": [4.78538, 9.49362, 8.318],
			"rotation": {"angle": 0, "axis": "y", "origin": [5.08538, 8.99362, 8.018]},
			"faces": {
				"north": {"uv": [0, 9.4375, 8, 10], "texture": "#main", "cullface": "east"},
				"east": {"uv": [7.40625, 9.4375, 8, 10], "texture": "#main", "cullface": "east"},
				"south": {"uv": [0, 9.4375, 8, 10], "texture": "#main", "cullface": "east"},
				"west": {"uv": [7.25, 8, 8, 8.375], "texture": "#main"},
				"up": {"uv": [8, 8.5625, 0, 9.4375], "texture": "#main"},
				"down": {"uv": [8, 8.5625, 0, 9.4375], "texture": "#main"}
			}
		},
		{
			"from": [-8.01462, 8.59362, 7.618],
			"to": [4.78538, 9.39362, 8.418],
			"rotation": {"angle": 0, "axis": "y", "origin": [5.08538, 8.99362, 8.018]},
			"faces": {
				"north": {"uv": [0, 9.4375, 8, 10], "texture": "#main", "cullface": "east"},
				"east": {"uv": [7.40625, 9.4375, 8, 10], "texture": "#main", "cullface": "east"},
				"south": {"uv": [0, 9.4375, 8, 10], "texture": "#main", "cullface": "east"},
				"west": {"uv": [7.25, 8, 8, 8.375], "texture": "#main"},
				"up": {"uv": [0, 9.4375, 8, 10], "texture": "#main", "cullface": "east"},
				"down": {"uv": [0, 9.4375, 8, 10], "texture": "#main", "cullface": "east"}
			}
		},
		{
			"from": [-6.41462, 8.79362, 7.718],
			"to": [6.38538, 9.19362, 8.318],
			"rotation": {"angle": 0, "axis": "y", "origin": [5.08538, 8.99362, 8.018]},
			"faces": {
				"north": {"uv": [0, 10, 8, 10.625], "texture": "#main"},
				"east": {"uv": [0, 8, 0, 8], "texture": "#main"},
				"south": {"uv": [0, 10, 8, 10.625], "texture": "#main"},
				"west": {"uv": [0.75, 8, 0.75, 8], "texture": "#main"},
				"up": {"uv": [0, 10, 8, 10.625], "texture": "#main"},
				"down": {"uv": [0, 10, 8, 10.625], "texture": "#main"}
			}
		},
		{
			"from": [-6.41462, 8.59362, 7.918],
			"to": [6.38538, 9.39362, 8.118],
			"rotation": {"angle": 0, "axis": "y", "origin": [5.08538, 8.99362, 8.018]},
			"faces": {
				"north": {"uv": [0, 10, 8, 10.625], "texture": "#main"},
				"east": {"uv": [0, 8, 0, 8], "texture": "#main"},
				"south": {"uv": [0, 10, 8, 10.625], "texture": "#main"},
				"west": {"uv": [0.75, 8, 0.75, 8], "texture": "#main"},
				"up": {"uv": [0, 10, 8, 10.625], "texture": "#main"},
				"down": {"uv": [0, 10, 8, 10.78125], "texture": "#main"}
			}
		},
		{
			"from": [-6.41462, 8.69362, 7.818],
			"to": [6.38538, 9.29362, 8.218],
			"rotation": {"angle": 0, "axis": "y", "origin": [5.08538, 8.99362, 8.018]},
			"faces": {
				"north": {"uv": [0, 10, 8, 10.625], "texture": "#main"},
				"east": {"uv": [0, 8, 0, 8], "texture": "#main"},
				"south": {"uv": [0, 10, 8, 10.625], "texture": "#main"},
				"west": {"uv": [0.75, 8, 0.75, 8], "texture": "#main"},
				"up": {"uv": [0, 10, 8, 10.625], "texture": "#main"},
				"down": {"uv": [0, 10, 8, 10.625], "texture": "#main"}
			}
		},
		{
			"from": [3.38538, 7.79362, 7.518],
			"to": [6.38538, 8.29362, 8.518],
			"rotation": {"angle": 0, "axis": "y", "origin": [5.08538, 8.99362, 8.018]},
			"faces": {
				"north": {"uv": [0, 11.5, 2.25, 12.5], "texture": "#main"},
				"east": {"uv": [0, 8.0625, 0.0625, 8.0625], "texture": "#main"},
				"south": {"uv": [0, 11.5, 2.25, 12.5], "texture": "#main"},
				"west": {"uv": [0, 11.5, 2.25, 12.5], "texture": "#main"},
				"up": {"uv": [0, 11.5, 2.25, 12.5], "texture": "#main"},
				"down": {"uv": [0, 11.5, 2.25, 12.5], "texture": "#main"}
			}
		},
		{
			"from": [3.38538, 7.69362, 7.618],
			"to": [6.38538, 8.39362, 8.418],
			"rotation": {"angle": 0, "axis": "y", "origin": [5.08538, 8.99362, 8.018]},
			"faces": {
				"north": {"uv": [0, 11.5, 2.25, 12.5], "texture": "#main"},
				"east": {"uv": [0.4375, 8.5625, 0.4375, 8.5625], "texture": "#main"},
				"south": {"uv": [0, 11.5, 2.25, 12.5], "texture": "#main"},
				"west": {"uv": [0, 11.5, 2.25, 12.5], "texture": "#main"},
				"up": {"uv": [0, 11.5, 2.25, 12.5], "texture": "#main"},
				"down": {"uv": [0, 11.5, 2.25, 12.5], "texture": "#main"}
			}
		},
		{
			"from": [3.38538, 7.59362, 7.718],
			"to": [6.38538, 8.49362, 8.318],
			"rotation": {"angle": 0, "axis": "y", "origin": [5.08538, 8.99362, 8.018]},
			"faces": {
				"north": {"uv": [0, 11.5, 2.25, 12.5], "texture": "#main"},
				"east": {"uv": [0, 8, 0, 8], "texture": "#main"},
				"south": {"uv": [0, 11.5, 2.25, 12.5], "texture": "#main"},
				"west": {"uv": [0, 11.5, 2.25, 12.5], "texture": "#main"},
				"up": {"uv": [0, 11.5, 2.25, 12.5], "texture": "#main"},
				"down": {"uv": [0, 11.5, 2.25, 12.5], "texture": "#main"}
			}
		},
		{
			"from": [-5.51462, 7.99362, 7.618],
			"to": [3.48538, 8.19362, 8.318],
			"rotation": {"angle": 0, "axis": "y", "origin": [5.08538, 8.99362, 8.018]},
			"faces": {
				"north": {"uv": [0, 10.875, 8, 11.5], "texture": "#main", "cullface": "east"},
				"east": {"uv": [0, 8, 0, 8], "texture": "#main"},
				"south": {"uv": [0, 10.875, 8, 11.5], "texture": "#main", "cullface": "east"},
				"west": {"uv": [6.5, 8, 7.125, 8.375], "texture": "#main"},
				"up": {"uv": [0, 10.8125, 8, 11.5625], "texture": "#main", "cullface": "east"},
				"down": {"uv": [0, 10.875, 8, 11.5], "texture": "#main", "cullface": "east"}
			}
		},
		{
			"from": [-5.51462, 7.89362, 7.718],
			"to": [3.48538, 8.29362, 8.218],
			"rotation": {"angle": 0, "axis": "y", "origin": [5.08538, 8.99362, 8.018]},
			"faces": {
				"north": {"uv": [0, 10.875, 8, 11.5], "texture": "#main", "cullface": "east"},
				"east": {"uv": [0, 8, 0, 8], "texture": "#main"},
				"south": {"uv": [0, 10.875, 8, 11.5], "texture": "#main", "cullface": "east"},
				"west": {"uv": [6.5, 8, 7.125, 8.375], "texture": "#main"},
				"up": {"uv": [0, 10.8125, 8, 11.5625], "texture": "#main", "cullface": "east"},
				"down": {"uv": [0, 10.875, 8, 11.5], "texture": "#main", "cullface": "east"}
			}
		},
		{
			"from": [-5.51462, 7.79362, 7.818],
			"to": [3.48538, 8.39362, 8.118],
			"rotation": {"angle": 0, "axis": "y", "origin": [5.08538, 8.99362, 8.018]},
			"faces": {
				"north": {"uv": [0, 10.875, 8, 11.5], "texture": "#main", "cullface": "east"},
				"east": {"uv": [0, 8, 0, 8], "texture": "#main"},
				"south": {"uv": [0, 10.875, 8, 11.5], "texture": "#main", "cullface": "east"},
				"west": {"uv": [6.5, 8, 7.125, 8.375], "texture": "#main"},
				"up": {"uv": [0, 10.8125, 8, 11.5625], "texture": "#main", "cullface": "east"},
				"down": {"uv": [0, 10.875, 8, 11.5], "texture": "#main", "cullface": "east"}
			}
		},
		{
			"from": [-5.51462, 8.39362, 7.918],
			"to": [-4.51462, 8.49362, 8.018],
			"rotation": {"angle": 0, "axis": "y", "origin": [5.08538, 8.99362, 8.018]},
			"faces": {
				"north": {"uv": [6.5, 8, 7.125, 8.375], "texture": "#main"},
				"east": {"uv": [6.5, 8, 7.125, 8.375], "texture": "#main"},
				"south": {"uv": [6.5, 8, 7.125, 8.375], "texture": "#main"},
				"west": {"uv": [6.5, 8, 7.125, 8.375], "texture": "#main"},
				"up": {"uv": [0.0625, 8, 0, 8], "texture": "#main"},
				"down": {"uv": [0.125, 8, 0.0625, 8], "texture": "#main"}
			}
		},
		{
			"from": [6.38538, 7.49362, 7.718],
			"to": [6.88538, 9.49362, 8.318],
			"rotation": {"angle": 0, "axis": "y", "origin": [5.08538, 8.99362, 8.018]},
			"faces": {
				"north": {"uv": [0, 12.5, 7.875, 14.125], "texture": "#main", "cullface": "east"},
				"east": {"uv": [0, 8, 0, 8.125], "texture": "#main"},
				"south": {"uv": [0, 12.5, 7.875, 14.125], "texture": "#main", "cullface": "east"},
				"west": {"uv": [0, 12.5, 7.875, 14.125], "texture": "#main", "cullface": "east"},
				"up": {"uv": [0, 12.5, 7.875, 14.125], "texture": "#main", "cullface": "east"},
				"down": {"uv": [0, 8, 0, 8], "texture": "#main"}
			}
		},
		{
			"from": [6.88538, 9.39362, 7.618],
			"to": [11.38538, 9.59362, 8.418],
			"rotation": {"angle": 0, "axis": "y", "origin": [5.08538, 8.99362, 8.018]},
			"faces": {
				"north": {"uv": [0, 12.5, 7.875, 14.125], "texture": "#main", "cullface": "east"},
				"east": {"uv": [4.875, 12.5, 8, 14.125], "texture": "#main", "cullface": "east"},
				"south": {"uv": [0, 12.5, 7.875, 14.125], "texture": "#main", "cullface": "east"},
				"west": {"uv": [0, 12.5, 7.875, 14.125], "texture": "#main", "cullface": "east"},
				"up": {"uv": [0, 12.5, 7.875, 14.125], "texture": "#main", "cullface": "east"},
				"down": {"uv": [0.5, 8, 0.25, 8], "texture": "#main"}
			}
		},
		{
			"from": [6.38538, 7.29362, 7.618],
			"to": [11.38538, 7.49362, 8.418],
			"rotation": {"angle": 0, "axis": "y", "origin": [5.08538, 8.99362, 8.018]},
			"faces": {
				"north": {"uv": [0, 12.5, 7.875, 14.125], "texture": "#main", "cullface": "east"},
				"east": {"uv": [0, 8, 0, 8], "texture": "#main"},
				"south": {"uv": [0, 12.5, 7.875, 14.125], "texture": "#main", "cullface": "east"},
				"west": {"uv": [0, 12.5, 7.875, 14.125], "texture": "#main", "cullface": "east"},
				"up": {"uv": [0.3125, 8, 0, 8], "texture": "#main"},
				"down": {"uv": [0, 12.5, 7.875, 14.125], "texture": "#main", "cullface": "east"}
			}
		},
		{
			"from": [10.38538, 7.49362, 7.418],
			"to": [11.38538, 9.19362, 8.618],
			"rotation": {"angle": 0, "axis": "y", "origin": [5.08538, 8.99362, 8.018]},
			"faces": {
				"north": {"uv": [6.375, 12.5, 7.875, 14.125], "texture": "#main", "cullface": "east"},
				"east": {"uv": [4.875, 12.5, 8, 14.125], "texture": "#main", "cullface": "east"},
				"south": {"uv": [4.875, 12.5, 8, 14.125], "texture": "#main", "cullface": "east"},
				"west": {"uv": [1.25, 8, 3.125, 8.375], "texture": "#main"},
				"up": {"uv": [0, 12.5, 7.875, 14.125], "texture": "#main", "cullface": "east"},
				"down": {"uv": [0, 12.5, 7.875, 14.125], "texture": "#main", "cullface": "east"}
			}
		},
		{
			"from": [8.58538, 7.49362, 8.018],
			"to": [10.38538, 8.99362, 8.618],
			"rotation": {"angle": 0, "axis": "y", "origin": [5.08538, 8.99362, 8.018]},
			"faces": {
				"north": {"uv": [1.25, 8, 3.125, 8.375], "texture": "#main"},
				"east": {"uv": [0, 8, 0, 8.0625], "texture": "#main"},
				"south": {"uv": [2.625, 12.5, 4.875, 14.125], "texture": "#main", "cullface": "east"},
				"west": {"uv": [0.125, 8, 0.125, 8.0625], "texture": "#main"},
				"up": {"uv": [0.125, 8, 0, 8], "texture": "#main"},
				"down": {"uv": [0, 12.5, 7.875, 14.125], "texture": "#main", "cullface": "east"}
			}
		},
		{
			"from": [6.38538, 7.49362, 7.618],
			"to": [6.88538, 9.29362, 8.418],
			"rotation": {"angle": 0, "axis": "y", "origin": [5.08538, 8.99362, 8.018]},
			"faces": {
				"north": {"uv": [0, 12.5, 7.875, 14.125], "texture": "#main", "cullface": "east"},
				"east": {"uv": [0, 8, 0, 8.0625], "texture": "#main"},
				"south": {"uv": [0, 12.5, 7.875, 14.125], "texture": "#main", "cullface": "east"},
				"west": {"uv": [0, 12.5, 7.875, 14.125], "texture": "#main", "cullface": "east"},
				"up": {"uv": [0, 12.5, 7.875, 14.125], "texture": "#main", "cullface": "east"},
				"down": {"uv": [0, 8, 0, 8], "texture": "#main"}
			}
		},
		{
			"from": [6.38538, 7.49362, 7.518],
			"to": [6.88538, 8.99362, 8.518],
			"rotation": {"angle": 0, "axis": "y", "origin": [5.08538, 8.99362, 8.018]},
			"faces": {
				"north": {"uv": [0, 12.5, 7.875, 14.125], "texture": "#main", "cullface": "east"},
				"east": {"uv": [0, 8.0625, 0.0625, 8.125], "texture": "#main"},
				"south": {"uv": [0, 12.5, 7.875, 14.125], "texture": "#main", "cullface": "east"},
				"west": {"uv": [0, 12.5, 7.875, 14.125], "texture": "#main", "cullface": "east"},
				"up": {"uv": [0, 12.5, 7.875, 14.125], "texture": "#main", "cullface": "east"},
				"down": {"uv": [0, 12.5, 7.875, 14.125], "texture": "#main", "cullface": "east"}
			}
		},
		{
			"from": [6.88538, 7.49362, 7.418],
			"to": [8.58538, 9.19362, 8.618],
			"rotation": {"angle": 0, "axis": "y", "origin": [5.08538, 8.99362, 8.018]},
			"faces": {
				"north": {"uv": [0, 12.5, 1.75, 14.125], "texture": "#main", "cullface": "east"},
				"east": {"uv": [1.25, 8, 3.125, 8.375], "texture": "#main"},
				"south": {"uv": [0, 12.5, 2.25, 14.125], "texture": "#main", "cullface": "east"},
				"west": {"uv": [0, 12.5, 7.875, 14.125], "texture": "#main", "cullface": "east"},
				"up": {"uv": [0, 12.5, 7.875, 14.125], "texture": "#main", "cullface": "east"},
				"down": {"uv": [0, 12.5, 7.875, 14.125], "texture": "#main", "cullface": "east"}
			}
		},
		{
			"from": [8.58538, 7.49362, 7.418],
			"to": [10.38538, 8.49362, 8.018],
			"rotation": {"angle": 0, "axis": "y", "origin": [5.08538, 8.99362, 8.018]},
			"faces": {
				"north": {"uv": [2.125, 13.125, 4.625, 14.125], "texture": "#main", "cullface": "east"},
				"east": {"uv": [0, 8, 0, 8.0625], "texture": "#main"},
				"south": {"uv": [0.0625, 8, 0.125, 8.0625], "texture": "#main"},
				"west": {"uv": [0.0625, 8, 0.0625, 8.0625], "texture": "#main"},
				"up": {"uv": [1.25, 8, 3.125, 8.375], "texture": "#main"},
				"down": {"uv": [0, 12.5, 7.875, 14.125], "texture": "#main", "cullface": "east"}
			}
		},
		{
			"from": [6.88538, 9.19362, 7.518],
			"to": [11.38538, 9.39362, 8.518],
			"rotation": {"angle": 0, "axis": "y", "origin": [5.08538, 8.99362, 8.018]},
			"faces": {
				"north": {"uv": [0, 12.5, 7.875, 14.125], "texture": "#main", "cullface": "east"},
				"east": {"uv": [4.875, 12.5, 8, 14.125], "texture": "#main", "cullface": "east"},
				"south": {"uv": [0, 12.5, 7.875, 14.125], "texture": "#main", "cullface": "east"},
				"west": {"uv": [0, 12.5, 7.875, 14.125], "texture": "#main", "cullface": "east"},
				"up": {"uv": [0, 12.5, 7.875, 14.125], "texture": "#main", "cullface": "east"},
				"down": {"uv": [0.1875, 8, 0.125, 8.0625], "texture": "#main"}
			}
		},
		{
			"from": [8.58538, 8.99362, 7.418],
			"to": [10.38538, 9.19362, 8.618],
			"rotation": {"angle": 0, "axis": "y", "origin": [5.08538, 8.99362, 8.018]},
			"faces": {
				"north": {"uv": [0, 12.5, 7.875, 14.125], "texture": "#main", "cullface": "east"},
				"east": {"uv": [0, 8.0625, 0.0625, 8.0625], "texture": "#main"},
				"south": {"uv": [2.375, 12.5, 4.25, 12.875], "texture": "#main", "cullface": "east"},
				"west": {"uv": [0.125, 8.0625, 0.1875, 8.0625], "texture": "#main"},
				"up": {"uv": [0, 12.5, 7.875, 14.125], "texture": "#main", "cullface": "east"},
				"down": {"uv": [1.25, 8, 3.125, 8.375], "texture": "#main"}
			}
		},
		{
			"from": [13.78538, 5.79362, 7.418],
			"to": [14.78538, 7.99362, 8.618],
			"rotation": {"angle": 0, "axis": "y", "origin": [15.21872, 6.42695, 8.018]},
			"faces": {
				"north": {"uv": [3, 14.125, 4.5, 16], "texture": "#main", "cullface": "east"},
				"east": {"uv": [0, 8.0625, 0.0625, 8.1875], "texture": "#main"},
				"south": {"uv": [3, 14.125, 4.5, 16], "texture": "#main", "cullface": "east"},
				"west": {"uv": [0, 14.125, 7.875, 16], "texture": "#main", "cullface": "east"},
				"up": {"uv": [0, 14.125, 7.875, 16], "texture": "#main", "cullface": "east"},
				"down": {"uv": [0, 14.125, 7.875, 16], "texture": "#main", "cullface": "east"}
			}
		},
		{
			"from": [14.78538, 5.49362, 7.418],
			"to": [15.78538, 7.99362, 8.618],
			"rotation": {"angle": 0, "axis": "y", "origin": [15.21872, 6.42695, 8.018]},
			"faces": {
				"north": {"uv": [3.875, 14.125, 5.5, 16], "texture": "#main", "cullface": "east"},
				"east": {"uv": [0, 8.0625, 0.0625, 8.1875], "texture": "#main"},
				"south": {"uv": [3.875, 14.125, 5.5, 16], "texture": "#main", "cullface": "east"},
				"west": {"uv": [0, 14.125, 7.875, 16], "texture": "#main", "cullface": "east"},
				"up": {"uv": [0, 14.125, 7.875, 16], "texture": "#main", "cullface": "east"},
				"down": {"uv": [0, 14.125, 7.875, 16], "texture": "#main", "cullface": "east"}
			}
		},
		{
			"from": [15.78538, 5.09362, 7.418],
			"to": [18.78538, 7.99362, 8.618],
			"rotation": {"angle": 0, "axis": "y", "origin": [15.21872, 6.42695, 8.018]},
			"faces": {
				"north": {"uv": [5.125, 14.125, 7.875, 16], "texture": "#main", "cullface": "east"},
				"east": {"uv": [7.125, 14.625, 7.875, 15.75], "texture": "#main", "cullface": "east"},
				"south": {"uv": [5.125, 14.125, 7.875, 16], "texture": "#main", "cullface": "east"},
				"west": {"uv": [0, 14.125, 7.875, 16], "texture": "#main", "cullface": "east"},
				"up": {"uv": [0, 14.125, 7.875, 16], "texture": "#main", "cullface": "east"},
				"down": {"uv": [0, 14.125, 7.875, 16], "texture": "#main", "cullface": "east"}
			}
		},
		{
			"from": [11.38538, 6.89362, 7.418],
			"to": [12.28538, 8.29362, 8.618],
			"rotation": {"angle": 0, "axis": "y", "origin": [12.03538, 8.44362, 8.0055]},
			"faces": {
				"north": {"uv": [0, 14.125, 0.875, 15.125], "texture": "#main", "cullface": "east"},
				"east": {"uv": [0, 14.125, 7.875, 16], "texture": "#main", "cullface": "east"},
				"south": {"uv": [0, 14.125, 0.875, 15.125], "texture": "#main", "cullface": "east"},
				"west": {"uv": [0, 14.125, 7.875, 16], "texture": "#main", "cullface": "east"},
				"up": {"uv": [0, 14.125, 7.875, 16], "texture": "#main", "cullface": "east"},
				"down": {"uv": [0, 14.125, 7.875, 16], "texture": "#main", "cullface": "east"}
			}
		},
		{
			"from": [13.78538, 5.59362, 7.718],
			"to": [14.78538, 5.79362, 8.318],
			"rotation": {"angle": 0, "axis": "y", "origin": [15.21872, 6.42695, 8.018]},
			"faces": {
				"north": {"uv": [3, 14.125, 4.5, 16], "texture": "#main", "cullface": "east"},
				"east": {"uv": [0, 8, 0, 8], "texture": "#main"},
				"south": {"uv": [3, 14.125, 4.5, 16], "texture": "#main", "cullface": "east"},
				"west": {"uv": [0, 14.125, 7.875, 16], "texture": "#main", "cullface": "east"},
				"up": {"uv": [0.0625, 8, 0, 8], "texture": "#main"},
				"down": {"uv": [0, 14.125, 7.875, 16], "texture": "#main", "cullface": "east"}
			}
		},
		{
			"from": [15.78538, 4.89362, 7.718],
			"to": [18.78538, 5.09362, 8.318],
			"rotation": {"angle": 0, "axis": "y", "origin": [15.21872, 6.42695, 8.018]},
			"faces": {
				"north": {"uv": [5.125, 14.125, 7.875, 16], "texture": "#main", "cullface": "east"},
				"east": {"uv": [0, 14.125, 7.875, 16], "texture": "#main", "cullface": "east"},
				"south": {"uv": [5.125, 14.125, 7.875, 16], "texture": "#main", "cullface": "east"},
				"west": {"uv": [0, 14.125, 7.875, 16], "texture": "#main", "cullface": "east"},
				"up": {"uv": [0.1875, 8, 0, 8], "texture": "#main"},
				"down": {"uv": [0, 14.125, 7.875, 16], "texture": "#main", "cullface": "east"}
			}
		},
		{
			"from": [14.78538, 5.29362, 7.718],
			"to": [15.78538, 5.49362, 8.318],
			"rotation": {"angle": 0, "axis": "y", "origin": [15.21872, 6.42695, 8.018]},
			"faces": {
				"north": {"uv": [3.875, 14.125, 5.5, 16], "texture": "#main", "cullface": "east"},
				"east": {"uv": [0, 8, 0, 8], "texture": "#main"},
				"south": {"uv": [3.875, 14.125, 5.5, 16], "texture": "#main", "cullface": "east"},
				"west": {"uv": [0, 14.125, 7.875, 16], "texture": "#main", "cullface": "east"},
				"up": {"uv": [0.0625, 8, 0, 8], "texture": "#main"},
				"down": {"uv": [0, 14.125, 7.875, 16], "texture": "#main", "cullface": "east"}
			}
		},
		{
			"from": [12.78538, 6.09362, 7.718],
			"to": [13.78538, 6.29362, 8.318],
			"rotation": {"angle": 0, "axis": "y", "origin": [5.08538, 8.99362, 8.018]},
			"faces": {
				"north": {"uv": [1.625, 14.125, 2.75, 16], "texture": "#main", "cullface": "east"},
				"east": {"uv": [0, 8, 0, 8], "texture": "#main"},
				"south": {"uv": [1.625, 14.125, 2.75, 16], "texture": "#main", "cullface": "east"},
				"west": {"uv": [0, 14.125, 7.875, 16], "texture": "#main", "cullface": "east"},
				"up": {"uv": [0.0625, 8, 0, 8], "texture": "#main"},
				"down": {"uv": [0, 14.125, 7.875, 16], "texture": "#main", "cullface": "east"}
			}
		},
		{
			"from": [12.28538, 6.59362, 7.718],
			"to": [12.78538, 6.79362, 8.318],
			"rotation": {"angle": 0, "axis": "y", "origin": [12.53538, 8.26862, 8.0055]},
			"faces": {
				"north": {"uv": [0.875, 14.125, 1.75, 15.125], "texture": "#main", "cullface": "east"},
				"east": {"uv": [0, 8, 0, 8], "texture": "#main"},
				"south": {"uv": [0.875, 14.125, 1.75, 15.125], "texture": "#main", "cullface": "east"},
				"west": {"uv": [0, 14.125, 7.875, 16], "texture": "#main", "cullface": "east"},
				"up": {"uv": [0, 8, 0, 8], "texture": "#main"},
				"down": {"uv": [0, 14.125, 7.875, 16], "texture": "#main", "cullface": "east"}
			}
		},
		{
			"from": [11.38538, 6.69362, 7.718],
			"to": [12.28538, 6.89362, 8.318],
			"rotation": {"angle": 0, "axis": "y", "origin": [12.03538, 8.44362, 8.0055]},
			"faces": {
				"north": {"uv": [0, 14.125, 0.875, 15.125], "texture": "#main", "cullface": "east"},
				"east": {"uv": [0, 8, 0, 8], "texture": "#main"},
				"south": {"uv": [0, 14.125, 0.875, 15.125], "texture": "#main", "cullface": "east"},
				"west": {"uv": [0, 14.125, 7.875, 16], "texture": "#main", "cullface": "east"},
				"up": {"uv": [0, 8, 0, 8], "texture": "#main"},
				"down": {"uv": [0, 14.125, 7.875, 16], "texture": "#main", "cullface": "east"}
			}
		},
		{
			"from": [12.28538, 8.19362, 7.618],
			"to": [12.78538, 8.49362, 8.418],
			"rotation": {"angle": 0, "axis": "y", "origin": [12.53538, 8.26862, 8.0055]},
			"faces": {
				"north": {"uv": [6.625, 15, 7.875, 15.375], "texture": "#main", "cullface": "east"},
				"east": {"uv": [0, 14.125, 7.875, 16], "texture": "#main", "cullface": "east"},
				"south": {"uv": [6.625, 15, 7.875, 15.375], "texture": "#main", "cullface": "east"},
				"west": {"uv": [0, 8, 0, 8], "texture": "#main"},
				"up": {"uv": [0, 14.125, 7.875, 16], "texture": "#main", "cullface": "east"},
				"down": {"uv": [0, 8, 0, 8], "texture": "#main"}
			}
		},
		{
			"from": [12.28538, 7.99362, 7.518],
			"to": [12.78538, 8.29362, 8.518],
			"rotation": {"angle": 0, "axis": "y", "origin": [12.53538, 8.26862, 8.0055]},
			"faces": {
				"north": {"uv": [6.875, 15.5, 7.875, 16], "texture": "#main", "cullface": "east"},
				"east": {"uv": [0, 14.125, 7.875, 16], "texture": "#main", "cullface": "east"},
				"south": {"uv": [6.875, 15.5, 7.875, 15.875], "texture": "#main", "cullface": "east"},
				"west": {"uv": [0.0625, 8.0625, 0.125, 8.0625], "texture": "#main"},
				"up": {"uv": [0, 14.125, 7.875, 16], "texture": "#main", "cullface": "east"},
				"down": {"uv": [0.0625, 8, 0.0625, 8.0625], "texture": "#main"}
			}
		},
		{
			"from": [11.38538, 8.29362, 7.518],
			"to": [12.28538, 8.49362, 8.518],
			"rotation": {"angle": 0, "axis": "y", "origin": [12.03538, 8.44362, 8.0055]},
			"faces": {
				"north": {"uv": [6.875, 15.5, 7.875, 15.875], "texture": "#main", "cullface": "east"},
				"east": {"uv": [0, 14.125, 7.875, 16], "texture": "#main", "cullface": "east"},
				"south": {"uv": [6.875, 15.5, 7.875, 15.875], "texture": "#main", "cullface": "east"},
				"west": {"uv": [0.0625, 8.0625, 0.125, 8.0625], "texture": "#main"},
				"up": {"uv": [0, 14.125, 7.875, 16], "texture": "#main", "cullface": "east"},
				"down": {"uv": [0.0625, 8, 0.0625, 8.0625], "texture": "#main"}
			}
		},
		{
			"from": [11.38538, 8.49362, 7.618],
			"to": [12.28538, 8.69362, 8.418],
			"rotation": {"angle": 0, "axis": "y", "origin": [12.03538, 8.44362, 8.0055]},
			"faces": {
				"north": {"uv": [6.875, 14.125, 7.5, 14.625], "texture": "#main", "cullface": "east"},
				"east": {"uv": [0, 14.125, 7.875, 16], "texture": "#main", "cullface": "east"},
				"south": {"uv": [6.875, 14.125, 7.5, 14.625], "texture": "#main", "cullface": "east"},
				"west": {"uv": [0, 8, 0, 8], "texture": "#main"},
				"up": {"uv": [0, 14.125, 7.875, 16], "texture": "#main", "cullface": "east"},
				"down": {"uv": [0, 8, 0, 8], "texture": "#main"}
			}
		},
		{
			"from": [11.22577, 8.70323, 7.9],
			"to": [12.02577, 8.90323, 8.2],
			"rotation": {"angle": 45, "axis": "z", "origin": [11.57577, 8.90323, 7.968]},
			"faces": {
				"north": {"uv": [5, 8, 6.375, 8.5], "texture": "#main"},
				"east": {"uv": [5, 8, 6.375, 8.5], "texture": "#main"},
				"south": {"uv": [5, 8, 6.375, 8.5], "texture": "#main"},
				"west": {"uv": [0, 8, 0, 8], "texture": "#main"},
				"up": {"uv": [5, 8, 6.375, 8.5], "texture": "#main"},
				"down": {"uv": [5, 8, 6.375, 8.5], "texture": "#main"}
			}
		},
		{
			"from": [11.72577, 8.90323, 7.9],
			"to": [12.22577, 9.10323, 8.2],
			"rotation": {"angle": 45, "axis": "z", "origin": [11.57577, 8.90323, 7.968]},
			"faces": {
				"north": {"uv": [5, 8, 6.375, 8.5], "texture": "#main"},
				"east": {"uv": [5, 8, 6.375, 8.5], "texture": "#main"},
				"south": {"uv": [5, 8, 6.375, 8.5], "texture": "#main"},
				"west": {"uv": [0, 8, 0, 8], "texture": "#main"},
				"up": {"uv": [5, 8, 6.375, 8.5], "texture": "#main"},
				"down": {"uv": [5, 8, 6.375, 8.5], "texture": "#main"}
			}
		},
		{
			"from": [12.28538, 8.39362, 7.9],
			"to": [12.78538, 8.69362, 8.2],
			"rotation": {"angle": 0, "axis": "y", "origin": [12.53538, 8.26862, 8.0055]},
			"faces": {
				"north": {"uv": [6.875, 14.125, 7.5, 14.625], "texture": "#main", "cullface": "east"},
				"east": {"uv": [0, 14.125, 7.875, 16], "texture": "#main", "cullface": "east"},
				"south": {"uv": [6.875, 14.125, 7.5, 14.625], "texture": "#main", "cullface": "east"},
				"west": {"uv": [0, 8, 0, 8], "texture": "#main"},
				"up": {"uv": [0, 14.125, 7.875, 16], "texture": "#main", "cullface": "east"},
				"down": {"uv": [0, 8, 0, 8], "texture": "#main"}
			}
		},
		{
			"from": [12.78538, 8.39362, 7.9],
			"to": [18.78538, 8.59362, 8.2],
			"rotation": {"angle": 0, "axis": "y", "origin": [5.08538, 8.99362, 8.018]},
			"faces": {
				"north": {"uv": [0, 14.125, 7.875, 14.625], "texture": "#main", "cullface": "east"},
				"east": {"uv": [4.75, 14.125, 5.625, 14.5], "texture": "#main", "cullface": "east"},
				"south": {"uv": [0, 14.125, 7.875, 14.625], "texture": "#main", "cullface": "east"},
				"west": {"uv": [0.375, 8, 0.375, 8], "texture": "#main"},
				"up": {"uv": [0, 14.125, 7.875, 16], "texture": "#main", "cullface": "east"},
				"down": {"uv": [0.75, 8, 0.375, 8], "texture": "#main"}
			}
		},
		{
			"from": [12.78538, 7.99362, 7.518],
			"to": [18.78538, 8.19362, 8.518],
			"rotation": {"angle": 0, "axis": "y", "origin": [16.88538, 9.19362, 8.018]},
			"faces": {
				"north": {"uv": [0, 15.5, 7.875, 16], "texture": "#main", "cullface": "east"},
				"east": {"uv": [6.875, 14.125, 7.875, 14.5], "texture": "#main", "cullface": "east"},
				"south": {"uv": [0, 15.5, 7.875, 16], "texture": "#main", "cullface": "east"},
				"west": {"uv": [0.4375, 8.0625, 0.5, 8.0625], "texture": "#main"},
				"up": {"uv": [0, 14.125, 7.875, 16], "texture": "#main", "cullface": "east"},
				"down": {"uv": [0.8125, 8, 0.4375, 8.0625], "texture": "#main"}
			}
		},
		{
			"from": [12.78538, 8.19362, 7.618],
			"to": [18.78538, 8.39362, 8.418],
			"rotation": {"angle": 0, "axis": "y", "origin": [16.88538, 9.19362, 8.018]},
			"faces": {
				"north": {"uv": [0, 15, 7.875, 15.375], "texture": "#main", "cullface": "east"},
				"east": {"uv": [5.875, 14.125, 6.875, 14.375], "texture": "#main", "cullface": "east"},
				"south": {"uv": [0, 15, 7.875, 15.375], "texture": "#main", "cullface": "east"},
				"west": {"uv": [0.375, 8, 0.375, 8], "texture": "#main"},
				"up": {"uv": [0, 14.125, 7.875, 16], "texture": "#main", "cullface": "east"},
				"down": {"uv": [0.75, 8, 0.375, 8], "texture": "#main"}
			}
		},
		{
			"from": [12.28538, 6.79362, 7.418],
			"to": [12.78538, 8.09362, 8.618],
			"rotation": {"angle": 0, "axis": "y", "origin": [12.53538, 8.26862, 8.0055]},
			"faces": {
				"north": {"uv": [0.875, 14.125, 1.75, 15.125], "texture": "#main", "cullface": "east"},
				"east": {"uv": [0, 14.125, 7.875, 16], "texture": "#main", "cullface": "east"},
				"south": {"uv": [0.875, 14.125, 1.75, 15.125], "texture": "#main", "cullface": "east"},
				"west": {"uv": [0, 14.125, 7.875, 16], "texture": "#main", "cullface": "east"},
				"up": {"uv": [0, 14.125, 7.875, 16], "texture": "#main", "cullface": "east"},
				"down": {"uv": [0, 14.125, 7.875, 16], "texture": "#main", "cullface": "east"}
			}
		},
		{
			"from": [12.78538, 6.29362, 7.418],
			"to": [13.78538, 7.99362, 8.618],
			"rotation": {"angle": 0, "axis": "y", "origin": [5.08538, 8.99362, 8.018]},
			"faces": {
				"north": {"uv": [1.625, 14.125, 2.75, 16], "texture": "#main", "cullface": "east"},
				"east": {"uv": [0, 8.0625, 0.0625, 8.125], "texture": "#main"},
				"south": {"uv": [1.625, 14.125, 2.75, 16], "texture": "#main", "cullface": "east"},
				"west": {"uv": [0, 14.125, 7.875, 16], "texture": "#main", "cullface": "east"},
				"up": {"uv": [0, 14.125, 7.875, 16], "texture": "#main", "cullface": "east"},
				"down": {"uv": [0, 14.125, 7.875, 16], "texture": "#main", "cullface": "east"}
			}
		},
		{
			"from": [-4.31462, 7.89362, 7.518],
			"to": [0.18538, 8.29362, 8.418],
			"rotation": {"angle": 0, "axis": "y", "origin": [5.08538, 8.99362, 8.018]},
			"faces": {
				"north": {"uv": [3.375, 11.5625, 8, 12.5], "texture": "#main"},
				"east": {"uv": [2.375, 11.5, 3.375, 12.5], "texture": "#main"},
				"south": {"uv": [3.375, 11.5625, 8, 12.5], "texture": "#main"},
				"west": {"uv": [2.375, 11.5, 3.375, 12.5], "texture": "#main"},
				"up": {"uv": [3.375, 11.5625, 8, 12.5], "texture": "#main"},
				"down": {"uv": [3.375, 11.5, 8, 12.375], "texture": "#main"}
			}
		},
		{
			"from": [-4.31462, 7.79362, 7.718],
			"to": [0.18538, 8.39362, 8.318],
			"rotation": {"angle": 0, "axis": "y", "origin": [5.08538, 8.99362, 8.018]},
			"faces": {
				"north": {"uv": [3.375, 11.5625, 8, 12.5], "texture": "#main"},
				"east": {"uv": [2.375, 11.5, 3.375, 12.5], "texture": "#main"},
				"south": {"uv": [3.375, 11.5625, 8, 12.5], "texture": "#main"},
				"west": {"uv": [2.375, 11.5, 3.375, 12.5], "texture": "#main"},
				"up": {"uv": [3.375, 11.5625, 8, 12.5], "texture": "#main"},
				"down": {"uv": [3.375, 11.5625, 8, 12.5], "texture": "#main"}
			}
		},
		{
			"from": [-4.31462, 7.69362, 7.818],
			"to": [0.18538, 8.49362, 8.218],
			"rotation": {"angle": 0, "axis": "y", "origin": [5.08538, 8.99362, 8.018]},
			"faces": {
				"north": {"uv": [3.375, 11.5625, 8, 12.5], "texture": "#main"},
				"east": {"uv": [2.375, 11.5, 3.375, 12.5], "texture": "#main"},
				"south": {"uv": [3.375, 11.5625, 8, 12.5], "texture": "#main"},
				"west": {"uv": [2.375, 11.5, 3.375, 12.5], "texture": "#main"},
				"up": {"uv": [0.25, 8, 0, 8], "texture": "#main"},
				"down": {"uv": [3.375, 11.5625, 8, 12.5], "texture": "#main"}
			}
		},
		{
			"from": [8.58538, 8.49362, 7.518],
			"to": [10.18538, 8.99362, 7.618],
			"rotation": {"angle": 0, "axis": "y", "origin": [5.08538, 8.99362, 8.018]},
			"faces": {
				"north": {"uv": [3.25, 8, 6.375, 8.5], "texture": "#main", "cullface": "east"},
				"east": {"uv": [3.25, 8, 6.375, 8.5], "texture": "#main", "cullface": "east"},
				"south": {"uv": [0.0625, 8, 0.125, 8], "texture": "#main"},
				"west": {"uv": [0.0625, 8, 0.0625, 8], "texture": "#main"},
				"up": {"uv": [0.0625, 8, 0, 8], "texture": "#main"},
				"down": {"uv": [0.125, 8, 0.0625, 8], "texture": "#main"}
			}
		},
		{
			"from": [-8.01462, 8.69362, 7.518],
			"to": [4.78538, 9.29362, 8.518],
			"rotation": {"angle": 0, "axis": "y", "origin": [5.08538, 8.99362, 8.018]},
			"faces": {
				"north": {"uv": [8, 0.5625, 0, 1.4375], "texture": "#main"},
				"east": {"uv": [7.40625, 1.4375, 8, 2], "texture": "#main", "cullface": "east"},
				"south": {"uv": [8, 0.5625, 0, 1.4375], "texture": "#main"},
				"west": {"uv": [7.25, 0, 8, 0.375], "texture": "#main"},
				"up": {"uv": [0, 1.4375, 8, 2], "texture": "#main", "cullface": "east"},
				"down": {"uv": [0, 1.4375, 8, 2], "texture": "#main", "cullface": "east"}
			}
		},
		{
			"from": [-8.01462, 8.49362, 7.718],
			"to": [4.78538, 9.49362, 8.318],
			"rotation": {"angle": 0, "axis": "y", "origin": [5.08538, 8.99362, 8.018]},
			"faces": {
				"north": {"uv": [0, 1.4375, 8, 2], "texture": "#main", "cullface": "east"},
				"east": {"uv": [7.40625, 1.4375, 8, 2], "texture": "#main", "cullface": "east"},
				"south": {"uv": [0, 1.4375, 8, 2], "texture": "#main", "cullface": "east"},
				"west": {"uv": [7.25, 0, 8, 0.375], "texture": "#main"},
				"up": {"uv": [8, 0.5625, 0, 1.4375], "texture": "#main"},
				"down": {"uv": [8, 0.5625, 0, 1.4375], "texture": "#main"}
			}
		},
		{
			"from": [-8.01462, 8.59362, 7.618],
			"to": [4.78538, 9.39362, 8.418],
			"rotation": {"angle": 0, "axis": "y", "origin": [5.08538, 8.99362, 8.018]},
			"faces": {
				"north": {"uv": [0, 1.4375, 8, 2], "texture": "#main", "cullface": "east"},
				"east": {"uv": [7.40625, 1.4375, 8, 2], "texture": "#main", "cullface": "east"},
				"south": {"uv": [0, 1.4375, 8, 2], "texture": "#main", "cullface": "east"},
				"west": {"uv": [7.25, 0, 8, 0.375], "texture": "#main"},
				"up": {"uv": [0, 1.4375, 8, 2], "texture": "#main", "cullface": "east"},
				"down": {"uv": [0, 1.4375, 8, 2], "texture": "#main", "cullface": "east"}
			}
		},
		{
			"from": [-6.41462, 8.79362, 7.718],
			"to": [6.38538, 9.19362, 8.318],
			"rotation": {"angle": 0, "axis": "y", "origin": [5.08538, 8.99362, 8.018]},
			"faces": {
				"north": {"uv": [0, 2, 8, 2.625], "texture": "#main"},
				"east": {"uv": [0, 0, 0, 0], "texture": "#main"},
				"south": {"uv": [0, 2, 8, 2.625], "texture": "#main"},
				"west": {"uv": [0.75, 0, 0.75, 0], "texture": "#main"},
				"up": {"uv": [0, 2, 8, 2.625], "texture": "#main"},
				"down": {"uv": [0, 2, 8, 2.625], "texture": "#main"}
			}
		},
		{
			"from": [-6.41462, 8.59362, 7.918],
			"to": [6.38538, 9.39362, 8.118],
			"rotation": {"angle": 0, "axis": "y", "origin": [5.08538, 8.99362, 8.018]},
			"faces": {
				"north": {"uv": [0, 2, 8, 2.625], "texture": "#main"},
				"east": {"uv": [0, 0, 0, 0], "texture": "#main"},
				"south": {"uv": [0, 2, 8, 2.625], "texture": "#main"},
				"west": {"uv": [0.75, 0, 0.75, 0], "texture": "#main"},
				"up": {"uv": [0, 2, 8, 2.625], "texture": "#main"},
				"down": {"uv": [0, 2, 8, 2.78125], "texture": "#main"}
			}
		},
		{
			"from": [-6.41462, 8.69362, 7.818],
			"to": [6.38538, 9.29362, 8.218],
			"rotation": {"angle": 0, "axis": "y", "origin": [5.08538, 8.99362, 8.018]},
			"faces": {
				"north": {"uv": [0, 2, 8, 2.625], "texture": "#main"},
				"east": {"uv": [0, 0, 0, 0], "texture": "#main"},
				"south": {"uv": [0, 2, 8, 2.625], "texture": "#main"},
				"west": {"uv": [0.75, 0, 0.75, 0], "texture": "#main"},
				"up": {"uv": [0, 2, 8, 2.625], "texture": "#main"},
				"down": {"uv": [0, 2, 8, 2.625], "texture": "#main"}
			}
		},
		{
			"from": [3.38538, 7.79362, 7.518],
			"to": [6.38538, 8.29362, 8.518],
			"rotation": {"angle": 0, "axis": "y", "origin": [5.08538, 8.99362, 8.018]},
			"faces": {
				"north": {"uv": [0, 3.5, 2.25, 4.5], "texture": "#main"},
				"east": {"uv": [0, 0.0625, 0.0625, 0.0625], "texture": "#main"},
				"south": {"uv": [0, 3.5, 2.25, 4.5], "texture": "#main"},
				"west": {"uv": [0, 3.5, 2.25, 4.5], "texture": "#main"},
				"up": {"uv": [0, 3.5, 2.25, 4.5], "texture": "#main"},
				"down": {"uv": [0, 3.5, 2.25, 4.5], "texture": "#main"}
			}
		},
		{
			"from": [3.38538, 7.69362, 7.618],
			"to": [6.38538, 8.39362, 8.418],
			"rotation": {"angle": 0, "axis": "y", "origin": [5.08538, 8.99362, 8.018]},
			"faces": {
				"north": {"uv": [0, 3.5, 2.25, 4.5], "texture": "#main"},
				"east": {"uv": [0.4375, 0.5625, 0.4375, 0.5625], "texture": "#main"},
				"south": {"uv": [0, 3.5, 2.25, 4.5], "texture": "#main"},
				"west": {"uv": [0, 3.5, 2.25, 4.5], "texture": "#main"},
				"up": {"uv": [0, 3.5, 2.25, 4.5], "texture": "#main"},
				"down": {"uv": [0, 3.5, 2.25, 4.5], "texture": "#main"}
			}
		},
		{
			"from": [3.38538, 7.59362, 7.718],
			"to": [6.38538, 8.49362, 8.318],
			"rotation": {"angle": 0, "axis": "y", "origin": [5.08538, 8.99362, 8.018]},
			"faces": {
				"north": {"uv": [0, 3.5, 2.25, 4.5], "texture": "#main"},
				"east": {"uv": [0, 0, 0, 0], "texture": "#main"},
				"south": {"uv": [0, 3.5, 2.25, 4.5], "texture": "#main"},
				"west": {"uv": [0, 3.5, 2.25, 4.5], "texture": "#main"},
				"up": {"uv": [0, 3.5, 2.25, 4.5], "texture": "#main"},
				"down": {"uv": [0, 3.5, 2.25, 4.5], "texture": "#main"}
			}
		},
		{
			"from": [-5.51462, 7.99362, 7.618],
			"to": [3.48538, 8.19362, 8.318],
			"rotation": {"angle": 0, "axis": "y", "origin": [5.08538, 8.99362, 8.018]},
			"faces": {
				"north": {"uv": [0, 2.875, 8, 3.5], "texture": "#main", "cullface": "east"},
				"east": {"uv": [0, 0, 0, 0], "texture": "#main"},
				"south": {"uv": [0, 2.875, 8, 3.5], "texture": "#main", "cullface": "east"},
				"west": {"uv": [6.5, 0, 7.125, 0.375], "texture": "#main"},
				"up": {"uv": [0, 2.8125, 8, 3.5625], "texture": "#main", "cullface": "east"},
				"down": {"uv": [0, 2.875, 8, 3.5], "texture": "#main", "cullface": "east"}
			}
		},
		{
			"from": [-5.51462, 7.89362, 7.718],
			"to": [3.48538, 8.29362, 8.218],
			"rotation": {"angle": 0, "axis": "y", "origin": [5.08538, 8.99362, 8.018]},
			"faces": {
				"north": {"uv": [0, 2.875, 8, 3.5], "texture": "#main", "cullface": "east"},
				"east": {"uv": [0, 0, 0, 0], "texture": "#main"},
				"south": {"uv": [0, 2.875, 8, 3.5], "texture": "#main", "cullface": "east"},
				"west": {"uv": [6.5, 0, 7.125, 0.375], "texture": "#main"},
				"up": {"uv": [0, 2.8125, 8, 3.5625], "texture": "#main", "cullface": "east"},
				"down": {"uv": [0, 2.875, 8, 3.5], "texture": "#main", "cullface": "east"}
			}
		},
		{
			"from": [-5.51462, 7.79362, 7.818],
			"to": [3.48538, 8.39362, 8.118],
			"rotation": {"angle": 0, "axis": "y", "origin": [5.08538, 8.99362, 8.018]},
			"faces": {
				"north": {"uv": [0, 2.875, 8, 3.5], "texture": "#main", "cullface": "east"},
				"east": {"uv": [0, 0, 0, 0], "texture": "#main"},
				"south": {"uv": [0, 2.875, 8, 3.5], "texture": "#main", "cullface": "east"},
				"west": {"uv": [6.5, 0, 7.125, 0.375], "texture": "#main"},
				"up": {"uv": [0, 2.8125, 8, 3.5625], "texture": "#main", "cullface": "east"},
				"down": {"uv": [0, 2.875, 8, 3.5], "texture": "#main", "cullface": "east"}
			}
		},
		{
			"from": [-5.51462, 8.39362, 7.918],
			"to": [-4.51462, 8.49362, 8.018],
			"rotation": {"angle": 0, "axis": "y", "origin": [5.08538, 8.99362, 8.018]},
			"faces": {
				"north": {"uv": [6.5, 0, 7.125, 0.375], "texture": "#main"},
				"east": {"uv": [6.5, 0, 7.125, 0.375], "texture": "#main"},
				"south": {"uv": [6.5, 0, 7.125, 0.375], "texture": "#main"},
				"west": {"uv": [6.5, 0, 7.125, 0.375], "texture": "#main"},
				"up": {"uv": [0.0625, 0, 0, 0], "texture": "#main"},
				"down": {"uv": [0.125, 0, 0.0625, 0], "texture": "#main"}
			}
		},
		{
			"from": [6.38538, 7.49362, 7.718],
			"to": [6.88538, 9.49362, 8.318],
			"rotation": {"angle": 0, "axis": "y", "origin": [5.08538, 8.99362, 8.018]},
			"faces": {
				"north": {"uv": [0, 4.5, 7.875, 6.125], "texture": "#main", "cullface": "east"},
				"east": {"uv": [0, 0, 0, 0.125], "texture": "#main"},
				"south": {"uv": [0, 4.5, 7.875, 6.125], "texture": "#main", "cullface": "east"},
				"west": {"uv": [0, 4.5, 7.875, 6.125], "texture": "#main", "cullface": "east"},
				"up": {"uv": [0, 4.5, 7.875, 6.125], "texture": "#main", "cullface": "east"},
				"down": {"uv": [0, 0, 0, 0], "texture": "#main"}
			}
		},
		{
			"from": [6.88538, 9.39362, 7.618],
			"to": [11.38538, 9.59362, 8.418],
			"rotation": {"angle": 0, "axis": "y", "origin": [5.08538, 8.99362, 8.018]},
			"faces": {
				"north": {"uv": [0, 4.5, 7.875, 6.125], "texture": "#main", "cullface": "east"},
				"east": {"uv": [4.875, 4.5, 8, 6.125], "texture": "#main", "cullface": "east"},
				"south": {"uv": [0, 4.5, 7.875, 6.125], "texture": "#main", "cullface": "east"},
				"west": {"uv": [0, 4.5, 7.875, 6.125], "texture": "#main", "cullface": "east"},
				"up": {"uv": [0, 4.5, 7.875, 6.125], "texture": "#main", "cullface": "east"},
				"down": {"uv": [0.5, 0, 0.25, 0], "texture": "#main"}
			}
		},
		{
			"from": [6.38538, 7.29362, 7.618],
			"to": [11.38538, 7.49362, 8.418],
			"rotation": {"angle": 0, "axis": "y", "origin": [5.08538, 8.99362, 8.018]},
			"faces": {
				"north": {"uv": [0, 4.5, 7.875, 6.125], "texture": "#main", "cullface": "east"},
				"east": {"uv": [0, 0, 0, 0], "texture": "#main"},
				"south": {"uv": [0, 4.5, 7.875, 6.125], "texture": "#main", "cullface": "east"},
				"west": {"uv": [0, 4.5, 7.875, 6.125], "texture": "#main", "cullface": "east"},
				"up": {"uv": [0.3125, 0, 0, 0], "texture": "#main"},
				"down": {"uv": [0, 4.5, 7.875, 6.125], "texture": "#main", "cullface": "east"}
			}
		},
		{
			"from": [10.38538, 7.49362, 7.418],
			"to": [11.38538, 9.19362, 8.618],
			"rotation": {"angle": 0, "axis": "y", "origin": [5.08538, 8.99362, 8.018]},
			"faces": {
				"north": {"uv": [6.375, 4.5, 7.875, 6.125], "texture": "#main", "cullface": "east"},
				"east": {"uv": [4.875, 4.5, 8, 6.125], "texture": "#main", "cullface": "east"},
				"south": {"uv": [4.875, 4.5, 8, 6.125], "texture": "#main", "cullface": "east"},
				"west": {"uv": [1.25, 0, 3.125, 0.375], "texture": "#main"},
				"up": {"uv": [0, 4.5, 7.875, 6.125], "texture": "#main", "cullface": "east"},
				"down": {"uv": [0, 4.5, 7.875, 6.125], "texture": "#main", "cullface": "east"}
			}
		},
		{
			"from": [8.58538, 7.49362, 8.018],
			"to": [10.38538, 8.99362, 8.618],
			"rotation": {"angle": 0, "axis": "y", "origin": [5.08538, 8.99362, 8.018]},
			"faces": {
				"north": {"uv": [1.25, 0, 3.125, 0.375], "texture": "#main"},
				"east": {"uv": [0, 0, 0, 0.0625], "texture": "#main"},
				"south": {"uv": [2.625, 4.5, 4.875, 6.125], "texture": "#main", "cullface": "east"},
				"west": {"uv": [0.125, 0, 0.125, 0.0625], "texture": "#main"},
				"up": {"uv": [0.125, 0, 0, 0], "texture": "#main"},
				"down": {"uv": [0, 4.5, 7.875, 6.125], "texture": "#main", "cullface": "east"}
			}
		},
		{
			"from": [6.38538, 7.49362, 7.618],
			"to": [6.88538, 9.29362, 8.418],
			"rotation": {"angle": 0, "axis": "y", "origin": [5.08538, 8.99362, 8.018]},
			"faces": {
				"north": {"uv": [0, 4.5, 7.875, 6.125], "texture": "#main", "cullface": "east"},
				"east": {"uv": [0, 0, 0, 0.0625], "texture": "#main"},
				"south": {"uv": [0, 4.5, 7.875, 6.125], "texture": "#main", "cullface": "east"},
				"west": {"uv": [0, 4.5, 7.875, 6.125], "texture": "#main", "cullface": "east"},
				"up": {"uv": [0, 4.5, 7.875, 6.125], "texture": "#main", "cullface": "east"},
				"down": {"uv": [0, 0, 0, 0], "texture": "#main"}
			}
		},
		{
			"from": [6.38538, 7.49362, 7.518],
			"to": [6.88538, 8.99362, 8.518],
			"rotation": {"angle": 0, "axis": "y", "origin": [5.08538, 8.99362, 8.018]},
			"faces": {
				"north": {"uv": [0, 4.5, 7.875, 6.125], "texture": "#main", "cullface": "east"},
				"east": {"uv": [0, 0.0625, 0.0625, 0.125], "texture": "#main"},
				"south": {"uv": [0, 4.5, 7.875, 6.125], "texture": "#main", "cullface": "east"},
				"west": {"uv": [0, 4.5, 7.875, 6.125], "texture": "#main", "cullface": "east"},
				"up": {"uv": [0, 4.5, 7.875, 6.125], "texture": "#main", "cullface": "east"},
				"down": {"uv": [0, 4.5, 7.875, 6.125], "texture": "#main", "cullface": "east"}
			}
		},
		{
			"from": [6.88538, 7.49362, 7.418],
			"to": [8.58538, 9.19362, 8.618],
			"rotation": {"angle": 0, "axis": "y", "origin": [5.08538, 8.99362, 8.018]},
			"faces": {
				"north": {"uv": [0, 4.5, 1.75, 6.125], "texture": "#main", "cullface": "east"},
				"east": {"uv": [1.25, 0, 3.125, 0.375], "texture": "#main"},
				"south": {"uv": [0, 4.5, 2.25, 6.125], "texture": "#main", "cullface": "east"},
				"west": {"uv": [0, 4.5, 7.875, 6.125], "texture": "#main", "cullface": "east"},
				"up": {"uv": [0, 4.5, 7.875, 6.125], "texture": "#main", "cullface": "east"},
				"down": {"uv": [0, 4.5, 7.875, 6.125], "texture": "#main", "cullface": "east"}
			}
		},
		{
			"from": [8.58538, 7.49362, 7.418],
			"to": [10.38538, 8.49362, 8.018],
			"rotation": {"angle": 0, "axis": "y", "origin": [5.08538, 8.99362, 8.018]},
			"faces": {
				"north": {"uv": [2.125, 5.125, 4.625, 6.125], "texture": "#main", "cullface": "east"},
				"east": {"uv": [0, 0, 0, 0.0625], "texture": "#main"},
				"south": {"uv": [0.0625, 0, 0.125, 0.0625], "texture": "#main"},
				"west": {"uv": [0.0625, 0, 0.0625, 0.0625], "texture": "#main"},
				"up": {"uv": [1.25, 0, 3.125, 0.375], "texture": "#main"},
				"down": {"uv": [0, 4.5, 7.875, 6.125], "texture": "#main", "cullface": "east"}
			}
		},
		{
			"from": [6.88538, 9.19362, 7.518],
			"to": [11.38538, 9.39362, 8.518],
			"rotation": {"angle": 0, "axis": "y", "origin": [5.08538, 8.99362, 8.018]},
			"faces": {
				"north": {"uv": [0, 4.5, 7.875, 6.125], "texture": "#main", "cullface": "east"},
				"east": {"uv": [4.875, 4.5, 8, 6.125], "texture": "#main", "cullface": "east"},
				"south": {"uv": [0, 4.5, 7.875, 6.125], "texture": "#main", "cullface": "east"},
				"west": {"uv": [0, 4.5, 7.875, 6.125], "texture": "#main", "cullface": "east"},
				"up": {"uv": [0, 4.5, 7.875, 6.125], "texture": "#main", "cullface": "east"},
				"down": {"uv": [0.1875, 0, 0.125, 0.0625], "texture": "#main"}
			}
		},
		{
			"from": [8.58538, 8.99362, 7.418],
			"to": [10.38538, 9.19362, 8.618],
			"rotation": {"angle": 0, "axis": "y", "origin": [5.08538, 8.99362, 8.018]},
			"faces": {
				"north": {"uv": [0, 4.5, 7.875, 6.125], "texture": "#main", "cullface": "east"},
				"east": {"uv": [0, 0.0625, 0.0625, 0.0625], "texture": "#main"},
				"south": {"uv": [2.375, 4.5, 4.25, 4.875], "texture": "#main", "cullface": "east"},
				"west": {"uv": [0.125, 0.0625, 0.1875, 0.0625], "texture": "#main"},
				"up": {"uv": [0, 4.5, 7.875, 6.125], "texture": "#main", "cullface": "east"},
				"down": {"uv": [1.25, 0, 3.125, 0.375], "texture": "#main"}
			}
		},
		{
			"from": [13.78538, 5.79362, 7.418],
			"to": [14.78538, 7.99362, 8.618],
			"rotation": {"angle": 0, "axis": "y", "origin": [15.21872, 6.42695, 8.018]},
			"faces": {
				"north": {"uv": [3, 6.125, 4.5, 8], "texture": "#main", "cullface": "east"},
				"east": {"uv": [0, 0.0625, 0.0625, 0.1875], "texture": "#main"},
				"south": {"uv": [3, 6.125, 4.5, 8], "texture": "#main", "cullface": "east"},
				"west": {"uv": [0, 6.125, 7.875, 8], "texture": "#main", "cullface": "east"},
				"up": {"uv": [0, 6.125, 7.875, 8], "texture": "#main", "cullface": "east"},
				"down": {"uv": [0, 6.125, 7.875, 8], "texture": "#main", "cullface": "east"}
			}
		},
		{
			"from": [14.78538, 5.49362, 7.418],
			"to": [15.78538, 7.99362, 8.618],
			"rotation": {"angle": 0, "axis": "y", "origin": [15.21872, 6.42695, 8.018]},
			"faces": {
				"north": {"uv": [3.875, 6.125, 5.5, 8], "texture": "#main", "cullface": "east"},
				"east": {"uv": [0, 0.0625, 0.0625, 0.1875], "texture": "#main"},
				"south": {"uv": [3.875, 6.125, 5.5, 8], "texture": "#main", "cullface": "east"},
				"west": {"uv": [0, 6.125, 7.875, 8], "texture": "#main", "cullface": "east"},
				"up": {"uv": [0, 6.125, 7.875, 8], "texture": "#main", "cullface": "east"},
				"down": {"uv": [0, 6.125, 7.875, 8], "texture": "#main", "cullface": "east"}
			}
		},
		{
			"from": [15.78538, 5.09362, 7.418],
			"to": [18.78538, 7.99362, 8.618],
			"rotation": {"angle": 0, "axis": "y", "origin": [15.21872, 6.42695, 8.018]},
			"faces": {
				"north": {"uv": [5.125, 6.125, 7.875, 8], "texture": "#main", "cullface": "east"},
				"east": {"uv": [7.125, 6.625, 7.875, 7.75], "texture": "#main", "cullface": "east"},
				"south": {"uv": [5.125, 6.125, 7.875, 8], "texture": "#main", "cullface": "east"},
				"west": {"uv": [0, 6.125, 7.875, 8], "texture": "#main", "cullface": "east"},
				"up": {"uv": [0, 6.125, 7.875, 8], "texture": "#main", "cullface": "east"},
				"down": {"uv": [0, 6.125, 7.875, 8], "texture": "#main", "cullface": "east"}
			}
		},
		{
			"from": [11.38538, 6.89362, 7.418],
			"to": [12.28538, 8.29362, 8.618],
			"rotation": {"angle": 0, "axis": "y", "origin": [12.03538, 8.44362, 8.0055]},
			"faces": {
				"north": {"uv": [0, 6.125, 0.875, 7.125], "texture": "#main", "cullface": "east"},
				"east": {"uv": [0, 6.125, 7.875, 8], "texture": "#main", "cullface": "east"},
				"south": {"uv": [0, 6.125, 0.875, 7.125], "texture": "#main", "cullface": "east"},
				"west": {"uv": [0, 6.125, 7.875, 8], "texture": "#main", "cullface": "east"},
				"up": {"uv": [0, 6.125, 7.875, 8], "texture": "#main", "cullface": "east"},
				"down": {"uv": [0, 6.125, 7.875, 8], "texture": "#main", "cullface": "east"}
			}
		},
		{
			"from": [13.78538, 5.59362, 7.718],
			"to": [14.78538, 5.79362, 8.318],
			"rotation": {"angle": 0, "axis": "y", "origin": [15.21872, 6.42695, 8.018]},
			"faces": {
				"north": {"uv": [3, 6.125, 4.5, 8], "texture": "#main", "cullface": "east"},
				"east": {"uv": [0, 0, 0, 0], "texture": "#main"},
				"south": {"uv": [3, 6.125, 4.5, 8], "texture": "#main", "cullface": "east"},
				"west": {"uv": [0, 6.125, 7.875, 8], "texture": "#main", "cullface": "east"},
				"up": {"uv": [0.0625, 0, 0, 0], "texture": "#main"},
				"down": {"uv": [0, 6.125, 7.875, 8], "texture": "#main", "cullface": "east"}
			}
		},
		{
			"from": [15.78538, 4.89362, 7.718],
			"to": [18.78538, 5.09362, 8.318],
			"rotation": {"angle": 0, "axis": "y", "origin": [15.21872, 6.42695, 8.018]},
			"faces": {
				"north": {"uv": [5.125, 6.125, 7.875, 8], "texture": "#main", "cullface": "east"},
				"east": {"uv": [0, 6.125, 7.875, 8], "texture": "#main", "cullface": "east"},
				"south": {"uv": [5.125, 6.125, 7.875, 8], "texture": "#main", "cullface": "east"},
				"west": {"uv": [0, 6.125, 7.875, 8], "texture": "#main", "cullface": "east"},
				"up": {"uv": [0.1875, 0, 0, 0], "texture": "#main"},
				"down": {"uv": [0, 6.125, 7.875, 8], "texture": "#main", "cullface": "east"}
			}
		},
		{
			"from": [14.78538, 5.29362, 7.718],
			"to": [15.78538, 5.49362, 8.318],
			"rotation": {"angle": 0, "axis": "y", "origin": [15.21872, 6.42695, 8.018]},
			"faces": {
				"north": {"uv": [3.875, 6.125, 5.5, 8], "texture": "#main", "cullface": "east"},
				"east": {"uv": [0, 0, 0, 0], "texture": "#main"},
				"south": {"uv": [3.875, 6.125, 5.5, 8], "texture": "#main", "cullface": "east"},
				"west": {"uv": [0, 6.125, 7.875, 8], "texture": "#main", "cullface": "east"},
				"up": {"uv": [0.0625, 0, 0, 0], "texture": "#main"},
				"down": {"uv": [0, 6.125, 7.875, 8], "texture": "#main", "cullface": "east"}
			}
		},
		{
			"from": [12.78538, 6.09362, 7.718],
			"to": [13.78538, 6.29362, 8.318],
			"rotation": {"angle": 0, "axis": "y", "origin": [5.08538, 8.99362, 8.018]},
			"faces": {
				"north": {"uv": [1.625, 6.125, 2.75, 8], "texture": "#main", "cullface": "east"},
				"east": {"uv": [0, 0, 0, 0], "texture": "#main"},
				"south": {"uv": [1.625, 6.125, 2.75, 8], "texture": "#main", "cullface": "east"},
				"west": {"uv": [0, 6.125, 7.875, 8], "texture": "#main", "cullface": "east"},
				"up": {"uv": [0.0625, 0, 0, 0], "texture": "#main"},
				"down": {"uv": [0, 6.125, 7.875, 8], "texture": "#main", "cullface": "east"}
			}
		},
		{
			"from": [12.28538, 6.59362, 7.718],
			"to": [12.78538, 6.79362, 8.318],
			"rotation": {"angle": 0, "axis": "y", "origin": [12.53538, 8.26862, 8.0055]},
			"faces": {
				"north": {"uv": [0.875, 6.125, 1.75, 7.125], "texture": "#main", "cullface": "east"},
				"east": {"uv": [0, 0, 0, 0], "texture": "#main"},
				"south": {"uv": [0.875, 6.125, 1.75, 7.125], "texture": "#main", "cullface": "east"},
				"west": {"uv": [0, 6.125, 7.875, 8], "texture": "#main", "cullface": "east"},
				"up": {"uv": [0, 0, 0, 0], "texture": "#main"},
				"down": {"uv": [0, 6.125, 7.875, 8], "texture": "#main", "cullface": "east"}
			}
		},
		{
			"from": [11.38538, 6.69362, 7.718],
			"to": [12.28538, 6.89362, 8.318],
			"rotation": {"angle": 0, "axis": "y", "origin": [12.03538, 8.44362, 8.0055]},
			"faces": {
				"north": {"uv": [0, 6.125, 0.875, 7.125], "texture": "#main", "cullface": "east"},
				"east": {"uv": [0, 0, 0, 0], "texture": "#main"},
				"south": {"uv": [0, 6.125, 0.875, 7.125], "texture": "#main", "cullface": "east"},
				"west": {"uv": [0, 6.125, 7.875, 8], "texture": "#main", "cullface": "east"},
				"up": {"uv": [0, 0, 0, 0], "texture": "#main"},
				"down": {"uv": [0, 6.125, 7.875, 8], "texture": "#main", "cullface": "east"}
			}
		},
		{
			"from": [12.28538, 8.19362, 7.618],
			"to": [12.78538, 8.49362, 8.418],
			"rotation": {"angle": 0, "axis": "y", "origin": [12.53538, 8.26862, 8.0055]},
			"faces": {
				"north": {"uv": [6.625, 7, 7.875, 7.375], "texture": "#main", "cullface": "east"},
				"east": {"uv": [0, 6.125, 7.875, 8], "texture": "#main", "cullface": "east"},
				"south": {"uv": [6.625, 7, 7.875, 7.375], "texture": "#main", "cullface": "east"},
				"west": {"uv": [0, 0, 0, 0], "texture": "#main"},
				"up": {"uv": [0, 6.125, 7.875, 8], "texture": "#main", "cullface": "east"},
				"down": {"uv": [0, 0, 0, 0], "texture": "#main"}
			}
		},
		{
			"from": [12.28538, 7.99362, 7.518],
			"to": [12.78538, 8.29362, 8.518],
			"rotation": {"angle": 0, "axis": "y", "origin": [12.53538, 8.26862, 8.0055]},
			"faces": {
				"north": {"uv": [6.875, 7.5, 7.875, 8], "texture": "#main", "cullface": "east"},
				"east": {"uv": [0, 6.125, 7.875, 8], "texture": "#main", "cullface": "east"},
				"south": {"uv": [6.875, 7.5, 7.875, 7.875], "texture": "#main", "cullface": "east"},
				"west": {"uv": [0.0625, 0.0625, 0.125, 0.0625], "texture": "#main"},
				"up": {"uv": [0, 6.125, 7.875, 8], "texture": "#main", "cullface": "east"},
				"down": {"uv": [0.0625, 0, 0.0625, 0.0625], "texture": "#main"}
			}
		},
		{
			"from": [11.38538, 8.29362, 7.518],
			"to": [12.28538, 8.49362, 8.518],
			"rotation": {"angle": 0, "axis": "y", "origin": [12.03538, 8.44362, 8.0055]},
			"faces": {
				"north": {"uv": [6.875, 7.5, 7.875, 7.875], "texture": "#main", "cullface": "east"},
				"east": {"uv": [0, 6.125, 7.875, 8], "texture": "#main", "cullface": "east"},
				"south": {"uv": [6.875, 7.5, 7.875, 7.875], "texture": "#main", "cullface": "east"},
				"west": {"uv": [0.0625, 0.0625, 0.125, 0.0625], "texture": "#main"},
				"up": {"uv": [0, 6.125, 7.875, 8], "texture": "#main", "cullface": "east"},
				"down": {"uv": [0.0625, 0, 0.0625, 0.0625], "texture": "#main"}
			}
		},
		{
			"from": [11.38538, 8.49362, 7.618],
			"to": [12.28538, 8.69362, 8.418],
			"rotation": {"angle": 0, "axis": "y", "origin": [12.03538, 8.44362, 8.0055]},
			"faces": {
				"north": {"uv": [6.875, 6.125, 7.5, 6.625], "texture": "#main", "cullface": "east"},
				"east": {"uv": [0, 6.125, 7.875, 8], "texture": "#main", "cullface": "east"},
				"south": {"uv": [6.875, 6.125, 7.5, 6.625], "texture": "#main", "cullface": "east"},
				"west": {"uv": [0, 0, 0, 0], "texture": "#main"},
				"up": {"uv": [0, 6.125, 7.875, 8], "texture": "#main", "cullface": "east"},
				"down": {"uv": [0, 0, 0, 0], "texture": "#main"}
			}
		},
		{
			"from": [11.22577, 8.70323, 7.9],
			"to": [12.02577, 8.90323, 8.2],
			"rotation": {"angle": 45, "axis": "z", "origin": [11.57577, 8.90323, 7.968]},
			"faces": {
				"north": {"uv": [5, 0, 6.375, 0.5], "texture": "#main"},
				"east": {"uv": [5, 0, 6.375, 0.5], "texture": "#main"},
				"south": {"uv": [5, 0, 6.375, 0.5], "texture": "#main"},
				"west": {"uv": [0, 0, 0, 0], "texture": "#main"},
				"up": {"uv": [5, 0, 6.375, 0.5], "texture": "#main"},
				"down": {"uv": [5, 0, 6.375, 0.5], "texture": "#main"}
			}
		},
		{
			"from": [11.72577, 8.90323, 7.9],
			"to": [12.22577, 9.10323, 8.2],
			"rotation": {"angle": 45, "axis": "z", "origin": [11.57577, 8.90323, 7.968]},
			"faces": {
				"north": {"uv": [5, 0, 6.375, 0.5], "texture": "#main"},
				"east": {"uv": [5, 0, 6.375, 0.5], "texture": "#main"},
				"south": {"uv": [5, 0, 6.375, 0.5], "texture": "#main"},
				"west": {"uv": [0, 0, 0, 0], "texture": "#main"},
				"up": {"uv": [5, 0, 6.375, 0.5], "texture": "#main"},
				"down": {"uv": [5, 0, 6.375, 0.5], "texture": "#main"}
			}
		},
		{
			"from": [12.28538, 8.39362, 7.9],
			"to": [12.78538, 8.69362, 8.2],
			"rotation": {"angle": 0, "axis": "y", "origin": [12.53538, 8.26862, 8.0055]},
			"faces": {
				"north": {"uv": [6.875, 6.125, 7.5, 6.625], "texture": "#main", "cullface": "east"},
				"east": {"uv": [0, 6.125, 7.875, 8], "texture": "#main", "cullface": "east"},
				"south": {"uv": [6.875, 6.125, 7.5, 6.625], "texture": "#main", "cullface": "east"},
				"west": {"uv": [0, 0, 0, 0], "texture": "#main"},
				"up": {"uv": [0, 6.125, 7.875, 8], "texture": "#main", "cullface": "east"},
				"down": {"uv": [0, 0, 0, 0], "texture": "#main"}
			}
		},
		{
			"from": [12.78538, 8.39362, 7.9],
			"to": [18.78538, 8.59362, 8.2],
			"rotation": {"angle": 0, "axis": "y", "origin": [5.08538, 8.99362, 8.018]},
			"faces": {
				"north": {"uv": [0, 6.125, 7.875, 6.625], "texture": "#main", "cullface": "east"},
				"east": {"uv": [4.75, 6.125, 5.625, 6.5], "texture": "#main", "cullface": "east"},
				"south": {"uv": [0, 6.125, 7.875, 6.625], "texture": "#main", "cullface": "east"},
				"west": {"uv": [0.375, 0, 0.375, 0], "texture": "#main"},
				"up": {"uv": [0, 6.125, 7.875, 8], "texture": "#main", "cullface": "east"},
				"down": {"uv": [0.75, 0, 0.375, 0], "texture": "#main"}
			}
		},
		{
			"from": [12.78538, 7.99362, 7.518],
			"to": [18.78538, 8.19362, 8.518],
			"rotation": {"angle": 0, "axis": "y", "origin": [16.88538, 9.19362, 8.018]},
			"faces": {
				"north": {"uv": [0, 7.5, 7.875, 8], "texture": "#main", "cullface": "east"},
				"east": {"uv": [6.875, 6.125, 7.875, 6.5], "texture": "#main", "cullface": "east"},
				"south": {"uv": [0, 7.5, 7.875, 8], "texture": "#main", "cullface": "east"},
				"west": {"uv": [0.4375, 0.0625, 0.5, 0.0625], "texture": "#main"},
				"up": {"uv": [0, 6.125, 7.875, 8], "texture": "#main", "cullface": "east"},
				"down": {"uv": [0.8125, 0, 0.4375, 0.0625], "texture": "#main"}
			}
		},
		{
			"from": [12.78538, 8.19362, 7.618],
			"to": [18.78538, 8.39362, 8.418],
			"rotation": {"angle": 0, "axis": "y", "origin": [16.88538, 9.19362, 8.018]},
			"faces": {
				"north": {"uv": [0, 7, 7.875, 7.375], "texture": "#main", "cullface": "east"},
				"east": {"uv": [5.875, 6.125, 6.875, 6.375], "texture": "#main", "cullface": "east"},
				"south": {"uv": [0, 7, 7.875, 7.375], "texture": "#main", "cullface": "east"},
				"west": {"uv": [0.375, 0, 0.375, 0], "texture": "#main"},
				"up": {"uv": [0, 6.125, 7.875, 8], "texture": "#main", "cullface": "east"},
				"down": {"uv": [0.75, 0, 0.375, 0], "texture": "#main"}
			}
		},
		{
			"from": [12.28538, 6.79362, 7.418],
			"to": [12.78538, 8.09362, 8.618],
			"rotation": {"angle": 0, "axis": "y", "origin": [12.53538, 8.26862, 8.0055]},
			"faces": {
				"north": {"uv": [0.875, 6.125, 1.75, 7.125], "texture": "#main", "cullface": "east"},
				"east": {"uv": [0, 6.125, 7.875, 8], "texture": "#main", "cullface": "east"},
				"south": {"uv": [0.875, 6.125, 1.75, 7.125], "texture": "#main", "cullface": "east"},
				"west": {"uv": [0, 6.125, 7.875, 8], "texture": "#main", "cullface": "east"},
				"up": {"uv": [0, 6.125, 7.875, 8], "texture": "#main", "cullface": "east"},
				"down": {"uv": [0, 6.125, 7.875, 8], "texture": "#main", "cullface": "east"}
			}
		},
		{
			"from": [12.78538, 6.29362, 7.418],
			"to": [13.78538, 7.99362, 8.618],
			"rotation": {"angle": 0, "axis": "y", "origin": [5.08538, 8.99362, 8.018]},
			"faces": {
				"north": {"uv": [1.625, 6.125, 2.75, 8], "texture": "#main", "cullface": "east"},
				"east": {"uv": [0, 0.0625, 0.0625, 0.125], "texture": "#main"},
				"south": {"uv": [1.625, 6.125, 2.75, 8], "texture": "#main", "cullface": "east"},
				"west": {"uv": [0, 6.125, 7.875, 8], "texture": "#main", "cullface": "east"},
				"up": {"uv": [0, 6.125, 7.875, 8], "texture": "#main", "cullface": "east"},
				"down": {"uv": [0, 6.125, 7.875, 8], "texture": "#main", "cullface": "east"}
			}
		},
		{
			"from": [-4.41462, 7.89362, 7.518],
			"to": [0.08538, 8.29362, 8.418],
			"rotation": {"angle": 0, "axis": "y", "origin": [5.08538, 8.99362, 8.018]},
			"faces": {
				"north": {"uv": [3.375, 3.5625, 8, 4.5], "texture": "#main"},
				"east": {"uv": [2.375, 3.5, 3.375, 4.5], "texture": "#main"},
				"south": {"uv": [3.375, 3.5625, 8, 4.5], "texture": "#main"},
				"west": {"uv": [2.375, 3.5, 3.375, 4.5], "texture": "#main"},
				"up": {"uv": [3.375, 3.5625, 8, 4.5], "texture": "#main"},
				"down": {"uv": [3.375, 3.5, 8, 4.375], "texture": "#main"}
			}
		},
		{
			"from": [-4.41462, 7.79362, 7.718],
			"to": [0.08538, 8.39362, 8.318],
			"rotation": {"angle": 0, "axis": "y", "origin": [5.08538, 8.99362, 8.018]},
			"faces": {
				"north": {"uv": [3.375, 3.5625, 8, 4.5], "texture": "#main"},
				"east": {"uv": [2.375, 3.5, 3.375, 4.5], "texture": "#main"},
				"south": {"uv": [3.375, 3.5625, 8, 4.5], "texture": "#main"},
				"west": {"uv": [2.375, 3.5, 3.375, 4.5], "texture": "#main"},
				"up": {"uv": [3.375, 3.5625, 8, 4.5], "texture": "#main"},
				"down": {"uv": [3.375, 3.5625, 8, 4.5], "texture": "#main"}
			}
		},
		{
			"from": [-4.41462, 7.69362, 7.818],
			"to": [0.08538, 8.49362, 8.218],
			"rotation": {"angle": 0, "axis": "y", "origin": [5.08538, 8.99362, 8.018]},
			"faces": {
				"north": {"uv": [3.375, 3.5625, 8, 4.5], "texture": "#main"},
				"east": {"uv": [2.375, 3.5, 3.375, 4.5], "texture": "#main"},
				"south": {"uv": [3.375, 3.5625, 8, 4.5], "texture": "#main"},
				"west": {"uv": [2.375, 3.5, 3.375, 4.5], "texture": "#main"},
				"up": {"uv": [0.25, 0, 0, 0], "texture": "#main"},
				"down": {"uv": [3.375, 3.5625, 8, 4.5], "texture": "#main"}
			}
		},
		{
			"from": [7.38538, 8.49362, 7.518],
			"to": [8.98538, 8.99362, 7.618],
			"rotation": {"angle": 0, "axis": "y", "origin": [5.08538, 8.99362, 8.018]},
			"faces": {
				"north": {"uv": [3.25, 0, 6.375, 0.5], "texture": "#main", "cullface": "east"},
				"east": {"uv": [3.25, 0, 6.375, 0.5], "texture": "#main", "cullface": "east"},
				"south": {"uv": [0.0625, 0, 0.125, 0], "texture": "#main"},
				"west": {"uv": [0.0625, 0, 0.0625, 0], "texture": "#main"},
				"up": {"uv": [0.0625, 0, 0, 0], "texture": "#main"},
				"down": {"uv": [0.125, 0, 0.0625, 0], "texture": "#main"}
			}
		}
	],
	"display": {
		"firstperson_righthand": {
			"rotation": [7, -74, 2],
			"translation": [0.25, 2, -3.5]
		}
	},
	"groups": [0, 1, 2, 3, 4, 5, 6, 7, 8, 9, 10, 11, 12, 13, 14, 15, 16, 17, 18, 19, 20, 21, 22, 23, 24, 25, 26, 27, 28, 29, 30, 31, 32, 33, 34, 35, 36, 37, 38, 39, 40, 41, 42, 43, 44, 45, 46, 47, 48, 49, 50, 51, 52, 53, 54, 55, 56, 57, 58, 59, 60, 61, 62, 63, 64, 65, 66, 67, 68, 69, 70, 71, 72, 73, 74, 75, 76, 77, 78, 79, 80, 81, 82, 83, 84, 85, 86, 87, 88, 89, 90, 91, 92, 93, 94, 95, 96, 97, 98, 99, 100, 101, 102, 103, 104, 105, 106, 107, 108, 109, 110, 111, 112, 113, 114, 115, 116, 117, 118, 119, 120, 121, 122, 123, 124, 125, 126, 127, 128, 129, 130, 131, 132, 133, 134, 135, 136, 137, 138, 139, 140, 141, 142, 143, 144, 145,
		{
			"name": "group",
			"origin": [5.08538, 8.99362, 8.018],
			"color": 0,
			"children": [146, 147, 148, 149]
		}
	]
}