{
	"credit": "Made with Blockbench, a free, modern block model editor by JannisX11",
	"textures": {
		"0": "nubx/rgbsheet1",
		"particle": "nubx/rgbsheet1"
	},
	"elements": [
		{
			"name": "rim",
			"from": [9.1, 8.75, 5.5],
			"to": [9.7, 9.55, 6.75],
			"rotation": {"angle": 45, "axis": "z", "origin": [9.4, 9.2, 7.375]},
			"faces": {
				"north": {"uv": [11, 14, 10, 15], "texture": "#0"},
				"east": {"uv": [11, 14, 10, 15], "texture": "#0"},
				"south": {"uv": [11, 14, 10, 15], "texture": "#0"},
				"west": {"uv": [11, 14, 10, 15], "texture": "#0"},
				"up": {"uv": [11, 14, 10, 15], "texture": "#0"},
				"down": {"uv": [11, 14, 10, 15], "texture": "#0"}
			}
		},
		{
			"name": "case",
			"from": [8.9, 8.75, 6.75],
			"to": [9.9, 9.75, 11.75],
			"rotation": {"angle": 45, "axis": "z", "origin": [9.4, 9.2, 7.375]},
			"faces": {
				"north": {"uv": [11, 14, 10, 15], "texture": "#0"},
				"east": {"uv": [11, 14, 10, 15], "texture": "#0"},
				"south": {"uv": [11, 14, 10, 15], "texture": "#0"},
				"west": {"uv": [11, 14, 10, 15], "texture": "#0"},
				"up": {"uv": [11, 14, 10, 15], "texture": "#0"},
				"down": {"uv": [11, 14, 10, 15], "texture": "#0"}
			}
		},
		{
			"name": "case",
			"from": [8.9, 8.75, 6.75],
			"to": [9.9, 9.75, 11.75],
			"rotation": {"angle": 0, "axis": "y", "origin": [9.4, 9.2, 7.375]},
			"faces": {
				"north": {"uv": [11, 14, 10, 15], "texture": "#0"},
				"east": {"uv": [11, 14, 10, 15], "texture": "#0"},
				"south": {"uv": [11, 14, 10, 15], "texture": "#0"},
				"west": {"uv": [11, 14, 10, 15], "texture": "#0"},
				"up": {"uv": [11, 14, 10, 15], "texture": "#0"},
				"down": {"uv": [11, 14, 10, 15], "texture": "#0"}
			}
		},
		{
			"name": "rim",
			"from": [9.1, 8.75, 5.5],
			"to": [9.7, 9.55, 6.75],
			"rotation": {"angle": 0, "axis": "y", "origin": [9.4, 9.2, 7.375]},
			"faces": {
				"north": {"uv": [11, 14, 10, 15], "texture": "#0"},
				"east": {"uv": [11, 14, 10, 15], "texture": "#0"},
				"south": {"uv": [11, 14, 10, 15], "texture": "#0"},
				"west": {"uv": [11, 14, 10, 15], "texture": "#0"},
				"up": {"uv": [11, 14, 10, 15], "texture": "#0"},
				"down": {"uv": [11, 14, 10, 15], "texture": "#0"}
			}
		},
		{
			"name": "rim",
			"from": [7.6, 9.5, 5.25],
			"to": [8.2, 10.3, 6.5],
			"rotation": {"angle": 45, "axis": "z", "origin": [7.9, 9.95, 7.125]},
			"faces": {
				"north": {"uv": [11, 14, 10, 15], "texture": "#0"},
				"east": {"uv": [11, 14, 10, 15], "texture": "#0"},
				"south": {"uv": [11, 14, 10, 15], "texture": "#0"},
				"west": {"uv": [11, 14, 10, 15], "texture": "#0"},
				"up": {"uv": [11, 14, 10, 15], "texture": "#0"},
				"down": {"uv": [11, 14, 10, 15], "texture": "#0"}
			}
		},
		{
			"name": "case",
			"from": [7.4, 9.5, 6.5],
			"to": [8.4, 10.5, 11.75],
			"rotation": {"angle": 45, "axis": "z", "origin": [7.9, 9.95, 7.125]},
			"faces": {
				"north": {"uv": [11, 14, 10, 15], "texture": "#0"},
				"east": {"uv": [11, 14, 10, 15], "texture": "#0"},
				"south": {"uv": [11, 14, 10, 15], "texture": "#0"},
				"west": {"uv": [11, 14, 10, 15], "texture": "#0"},
				"up": {"uv": [11, 14, 10, 15], "texture": "#0"},
				"down": {"uv": [11, 14, 10, 15], "texture": "#0"}
			}
		},
		{
			"name": "case",
			"from": [7.4, 9.5, 6.5],
			"to": [8.4, 10.5, 11.75],
			"rotation": {"angle": 0, "axis": "y", "origin": [7.9, 9.95, 7.125]},
			"faces": {
				"north": {"uv": [11, 14, 10, 15], "texture": "#0"},
				"east": {"uv": [11, 14, 10, 15], "texture": "#0"},
				"south": {"uv": [11, 14, 10, 15], "texture": "#0"},
				"west": {"uv": [11, 14, 10, 15], "texture": "#0"},
				"up": {"uv": [11, 14, 10, 15], "texture": "#0"},
				"down": {"uv": [11, 14, 10, 15], "texture": "#0"}
			}
		},
		{
			"name": "rim",
			"from": [7.6, 9.5, 5.25],
			"to": [8.2, 10.3, 6.5],
			"rotation": {"angle": 0, "axis": "y", "origin": [7.9, 9.95, 7.125]},
			"faces": {
				"north": {"uv": [11, 14, 10, 15], "texture": "#0"},
				"east": {"uv": [11, 14, 10, 15], "texture": "#0"},
				"south": {"uv": [11, 14, 10, 15], "texture": "#0"},
				"west": {"uv": [11, 14, 10, 15], "texture": "#0"},
				"up": {"uv": [11, 14, 10, 15], "texture": "#0"},
				"down": {"uv": [11, 14, 10, 15], "texture": "#0"}
			}
		},
		{
			"name": "bottom",
			"from": [7.3, 0, 5.1],
			"to": [10.1, 1, 11.9],
			"faces": {
				"north": {"uv": [4, 9, 6.8, 10], "texture": "#0"},
				"east": {"uv": [3, 9, 3.3, 13], "texture": "#0"},
				"south": {"uv": [2, 9, 5, 13], "texture": "#0"},
				"west": {"uv": [4, 9, 4.3, 12], "texture": "#0"},
				"up": {"uv": [3, 9, 5.8, 9.8], "texture": "#0"},
				"down": {"uv": [4, 10, 6.8, 10.8], "texture": "#0"}
			}
		},
		{
			"name": "Cube",
			"from": [7, 0, 5],
			"to": [7.3, 10, 12],
			"faces": {
				"north": {"uv": [6, 12, 8, 16], "texture": "#0"},
				"east": {"uv": [6, 12, 8, 16], "texture": "#0"},
				"south": {"uv": [6, 12, 8, 16], "texture": "#0"},
				"west": {"uv": [6, 12, 8, 16], "texture": "#0"},
				"up": {"uv": [6, 12, 8, 16], "texture": "#0"},
				"down": {"uv": [6, 12, 8, 16], "texture": "#0"}
			}
		},
		{
			"name": "Cube",
			"from": [10, 0, 5],
			"to": [10.3, 10, 12],
			"faces": {
				"north": {"uv": [6, 12, 8, 16], "texture": "#0"},
				"east": {"uv": [6, 12, 8, 16], "texture": "#0"},
				"south": {"uv": [6, 12, 8, 16], "texture": "#0"},
				"west": {"uv": [6, 12, 8, 16], "texture": "#0"},
				"up": {"uv": [6, 12, 8, 16], "texture": "#0"},
				"down": {"uv": [6, 12, 8, 16], "texture": "#0"}
			}
		},
		{
			"name": "front",
			"from": [7, 0, 5],
			"to": [10, 10, 5.3],
			"faces": {
				"north": {"uv": [6, 12, 8, 16], "texture": "#0"},
				"east": {"uv": [6, 12, 8, 16], "texture": "#0"},
				"south": {"uv": [6, 12, 8, 16], "texture": "#0"},
				"west": {"uv": [6, 12, 8, 16], "texture": "#0"},
				"up": {"uv": [6, 12, 8, 16], "texture": "#0"},
				"down": {"uv": [6, 12, 8, 16], "texture": "#0"}
			}
		},
		{
			"name": "Cube",
			"from": [7, 0, 12],
			"to": [10, 10, 12.3],
			"faces": {
				"north": {"uv": [6, 12, 8, 16], "texture": "#0"},
				"east": {"uv": [6, 12, 8, 16], "texture": "#0"},
				"south": {"uv": [6, 12, 8, 16], "texture": "#0"},
				"west": {"uv": [6, 12, 8, 16], "texture": "#0"},
				"up": {"uv": [6, 12, 8, 16], "texture": "#0"},
				"down": {"uv": [6, 12, 8, 16], "texture": "#0"}
			}
		}
	],
	"display": {
		"thirdperson_righthand": {
			"rotation": [-7, -2, -10],
			"translation": [0, 0, -2]
		},
		"thirdperson_lefthand": {
			"rotation": [-7, 1, 11],
			"translation": [-15, 0, -2]
		},
		"firstperson_righthand": {
			"rotation": [0, -2, 0],
			"translation": [0, 3, 0]
		},
		"firstperson_lefthand": {
			"rotation": [0, 0, 0],
			"translation": [-9, 3, 0]
		},
		"gui": {
			"rotation": [0, -50, 0],
			"translation": [0, 1, 0]
		},
		"ground": {
			"rotation": [0, 0, -23],
			"translation": [3.59, -0.94, 6.05]
		},
		"fixed": {
			"rotation": [-1, 3, -41],
			"translation": [12.28, 3.4, 10.39],
			"scale": [3.37, 3.37, 3.4]
		}
	},
	"groups": [0, 1, 2, 3, 4, 5, 6, 7,
		{
			"name": "group",
			"isOpen": true,
			"shade": true,
			"display": {
				"visibility": true,
				"autouv": true
			},
			"children": [8, 9, 10, 11, 12]
		}
	]
}