{
	"credit": "Made with Blockbench",
	"texture_size": [64, 64],
	"textures": {
		"0": "nubx/texture-m1897",
		"particle": "nubx/texture-m1897"
	},
	"elements": [
		{
			"from": [-8.01462, 8.69362, 7.518],
			"to": [4.78538, 9.29362, 8.518],
			"rotation": {"angle": 0, "axis": "y", "origin": [5.08538, 8.99362, 8.018]},
			"faces": {
				"north": {"uv": [16, 1.125, 0, 2.875], "texture": "#0"},
				"east": {"uv": [14.8125, 2.875, 16, 4], "texture": "#0", "cullface": "east"},
				"south": {"uv": [16, 1.125, 0, 2.875], "texture": "#0"},
				"west": {"uv": [14.5, 0, 16, 0.75], "texture": "#0"},
				"up": {"uv": [0, 2.875, 16, 4], "texture": "#0", "cullface": "east"},
				"down": {"uv": [0, 2.875, 16, 4], "texture": "#0", "cullface": "east"}
			}
		},
		{
			"from": [-8.01462, 8.49362, 7.718],
			"to": [4.78538, 9.49362, 8.318],
			"rotation": {"angle": 0, "axis": "y", "origin": [5.08538, 8.99362, 8.018]},
			"faces": {
				"north": {"uv": [0, 2.875, 16, 4], "texture": "#0", "cullface": "east"},
				"east": {"uv": [14.8125, 2.875, 16, 4], "texture": "#0", "cullface": "east"},
				"south": {"uv": [0, 2.875, 16, 4], "texture": "#0", "cullface": "east"},
				"west": {"uv": [14.5, 0, 16, 0.75], "texture": "#0"},
				"up": {"uv": [16, 1.125, 0, 2.875], "texture": "#0"},
				"down": {"uv": [16, 1.125, 0, 2.875], "texture": "#0"}
			}
		},
		{
			"from": [-8.01462, 8.59362, 7.618],
			"to": [4.78538, 9.39362, 8.418],
			"rotation": {"angle": 0, "axis": "y", "origin": [5.08538, 8.99362, 8.018]},
			"faces": {
				"north": {"uv": [0, 2.875, 16, 4], "texture": "#0", "cullface": "east"},
				"east": {"uv": [14.8125, 2.875, 16, 4], "texture": "#0", "cullface": "east"},
				"south": {"uv": [0, 2.875, 16, 4], "texture": "#0", "cullface": "east"},
				"west": {"uv": [14.5, 0, 16, 0.75], "texture": "#0"},
				"up": {"uv": [0, 2.875, 16, 4], "texture": "#0", "cullface": "east"},
				"down": {"uv": [0, 2.875, 16, 4], "texture": "#0", "cullface": "east"}
			}
		},
		{
			"from": [-6.41462, 8.79362, 7.718],
			"to": [6.38538, 9.19362, 8.318],
			"rotation": {"angle": 0, "axis": "y", "origin": [5.08538, 8.99362, 8.018]},
			"faces": {
				"north": {"uv": [0, 4, 16, 5.25], "texture": "#0"},
				"east": {"uv": [0, 0, 0, 0], "texture": "#0"},
				"south": {"uv": [0, 4, 16, 5.25], "texture": "#0"},
				"west": {"uv": [1.5, 0, 1.5, 0], "texture": "#0"},
				"up": {"uv": [0, 4, 16, 5.25], "texture": "#0"},
				"down": {"uv": [0, 4, 16, 5.25], "texture": "#0"}
			}
		},
		{
			"from": [-6.41462, 8.59362, 7.918],
			"to": [6.38538, 9.39362, 8.118],
			"rotation": {"angle": 0, "axis": "y", "origin": [5.08538, 8.99362, 8.018]},
			"faces": {
				"north": {"uv": [0, 4, 16, 5.25], "texture": "#0"},
				"east": {"uv": [0, 0, 0, 0], "texture": "#0"},
				"south": {"uv": [0, 4, 16, 5.25], "texture": "#0"},
				"west": {"uv": [1.5, 0, 1.5, 0], "texture": "#0"},
				"up": {"uv": [0, 4, 16, 5.25], "texture": "#0"},
				"down": {"uv": [0, 4, 16, 5.5625], "texture": "#0"}
			}
		},
		{
			"from": [-6.41462, 8.69362, 7.818],
			"to": [6.38538, 9.29362, 8.218],
			"rotation": {"angle": 0, "axis": "y", "origin": [5.08538, 8.99362, 8.018]},
			"faces": {
				"north": {"uv": [0, 4, 16, 5.25], "texture": "#0"},
				"east": {"uv": [0, 0, 0, 0], "texture": "#0"},
				"south": {"uv": [0, 4, 16, 5.25], "texture": "#0"},
				"west": {"uv": [1.5, 0, 1.5, 0], "texture": "#0"},
				"up": {"uv": [0, 4, 16, 5.25], "texture": "#0"},
				"down": {"uv": [0, 4, 16, 5.25], "texture": "#0"}
			}
		},
		{
			"from": [3.38538, 7.79362, 7.518],
			"to": [6.38538, 8.29362, 8.518],
			"rotation": {"angle": 0, "axis": "y", "origin": [5.08538, 8.99362, 8.018]},
			"faces": {
				"north": {"uv": [0, 7, 4.5, 9], "texture": "#0"},
				"east": {"uv": [0, 0.125, 0.125, 0.125], "texture": "#0"},
				"south": {"uv": [0, 7, 4.5, 9], "texture": "#0"},
				"west": {"uv": [0, 7, 4.5, 9], "texture": "#0"},
				"up": {"uv": [0, 7, 4.5, 9], "texture": "#0"},
				"down": {"uv": [0, 7, 4.5, 9], "texture": "#0"}
			}
		},
		{
			"from": [-4.41462, 7.69362, 7.818],
			"to": [0.08538, 8.49362, 8.218],
			"rotation": {"angle": 0, "axis": "y", "origin": [5.08538, 8.99362, 8.018]},
			"faces": {
				"north": {"uv": [6.75, 7.125, 16, 9], "texture": "#0"},
				"east": {"uv": [4.75, 7, 6.75, 9], "texture": "#0"},
				"south": {"uv": [6.75, 7.125, 16, 9], "texture": "#0"},
				"west": {"uv": [4.75, 7, 6.75, 9], "texture": "#0"},
				"up": {"uv": [0.5, 0, 0, 0], "texture": "#0"},
				"down": {"uv": [6.75, 7.125, 16, 9], "texture": "#0"}
			}
		},
		{
			"from": [-4.41462, 7.79362, 7.718],
			"to": [0.08538, 8.39362, 8.318],
			"rotation": {"angle": 0, "axis": "y", "origin": [5.08538, 8.99362, 8.018]},
			"faces": {
				"north": {"uv": [6.75, 7.125, 16, 9], "texture": "#0"},
				"east": {"uv": [4.75, 7, 6.75, 9], "texture": "#0"},
				"south": {"uv": [6.75, 7.125, 16, 9], "texture": "#0"},
				"west": {"uv": [4.75, 7, 6.75, 9], "texture": "#0"},
				"up": {"uv": [6.75, 7.125, 16, 9], "texture": "#0"},
				"down": {"uv": [6.75, 7.125, 16, 9], "texture": "#0"}
			}
		},
		{
			"from": [-4.41462, 7.89362, 7.518],
			"to": [0.08538, 8.29362, 8.418],
			"rotation": {"angle": 0, "axis": "y", "origin": [5.08538, 8.99362, 8.018]},
			"faces": {
				"north": {"uv": [6.75, 7.125, 16, 9], "texture": "#0"},
				"east": {"uv": [4.75, 7, 6.75, 9], "texture": "#0"},
				"south": {"uv": [6.75, 7.125, 16, 9], "texture": "#0"},
				"west": {"uv": [4.75, 7, 6.75, 9], "texture": "#0"},
				"up": {"uv": [6.75, 7.125, 16, 9], "texture": "#0"},
				"down": {"uv": [6.75, 7, 16, 8.75], "texture": "#0"}
			}
		},
		{
			"from": [3.38538, 7.69362, 7.618],
			"to": [6.38538, 8.39362, 8.418],
			"rotation": {"angle": 0, "axis": "y", "origin": [5.08538, 8.99362, 8.018]},
			"faces": {
				"north": {"uv": [0, 7, 4.5, 9], "texture": "#0"},
				"east": {"uv": [0.875, 1.125, 0.875, 1.125], "texture": "#0"},
				"south": {"uv": [0, 7, 4.5, 9], "texture": "#0"},
				"west": {"uv": [0, 7, 4.5, 9], "texture": "#0"},
				"up": {"uv": [0, 7, 4.5, 9], "texture": "#0"},
				"down": {"uv": [0, 7, 4.5, 9], "texture": "#0"}
			}
		},
		{
			"from": [3.38538, 7.59362, 7.718],
			"to": [6.38538, 8.49362, 8.318],
			"rotation": {"angle": 0, "axis": "y", "origin": [5.08538, 8.99362, 8.018]},
			"faces": {
				"north": {"uv": [0, 7, 4.5, 9], "texture": "#0"},
				"east": {"uv": [0, 0, 0, 0], "texture": "#0"},
				"south": {"uv": [0, 7, 4.5, 9], "texture": "#0"},
				"west": {"uv": [0, 7, 4.5, 9], "texture": "#0"},
				"up": {"uv": [0, 7, 4.5, 9], "texture": "#0"},
				"down": {"uv": [0, 7, 4.5, 9], "texture": "#0"}
			}
		},
		{
			"from": [-5.51462, 7.99362, 7.618],
			"to": [3.48538, 8.19362, 8.318],
			"rotation": {"angle": 0, "axis": "y", "origin": [5.08538, 8.99362, 8.018]},
			"faces": {
				"north": {"uv": [0, 5.75, 16, 7], "texture": "#0", "cullface": "east"},
				"east": {"uv": [0, 0, 0, 0], "texture": "#0"},
				"south": {"uv": [0, 5.75, 16, 7], "texture": "#0", "cullface": "east"},
				"west": {"uv": [13, 0, 14.25, 0.75], "texture": "#0"},
				"up": {"uv": [0, 5.625, 16, 7.125], "texture": "#0", "cullface": "east"},
				"down": {"uv": [0, 5.75, 16, 7], "texture": "#0", "cullface": "east"}
			}
		},
		{
			"from": [-5.51462, 7.89362, 7.718],
			"to": [3.48538, 8.29362, 8.218],
			"rotation": {"angle": 0, "axis": "y", "origin": [5.08538, 8.99362, 8.018]},
			"faces": {
				"north": {"uv": [0, 5.75, 16, 7], "texture": "#0", "cullface": "east"},
				"east": {"uv": [0, 0, 0, 0], "texture": "#0"},
				"south": {"uv": [0, 5.75, 16, 7], "texture": "#0", "cullface": "east"},
				"west": {"uv": [13, 0, 14.25, 0.75], "texture": "#0"},
				"up": {"uv": [0, 5.625, 16, 7.125], "texture": "#0", "cullface": "east"},
				"down": {"uv": [0, 5.75, 16, 7], "texture": "#0", "cullface": "east"}
			}
		},
		{
			"from": [-5.51462, 7.79362, 7.818],
			"to": [3.48538, 8.39362, 8.118],
			"rotation": {"angle": 0, "axis": "y", "origin": [5.08538, 8.99362, 8.018]},
			"faces": {
				"north": {"uv": [0, 5.75, 16, 7], "texture": "#0", "cullface": "east"},
				"east": {"uv": [0, 0, 0, 0], "texture": "#0"},
				"south": {"uv": [0, 5.75, 16, 7], "texture": "#0", "cullface": "east"},
				"west": {"uv": [13, 0, 14.25, 0.75], "texture": "#0"},
				"up": {"uv": [0, 5.625, 16, 7.125], "texture": "#0", "cullface": "east"},
				"down": {"uv": [0, 5.75, 16, 7], "texture": "#0", "cullface": "east"}
			}
		},
		{
			"from": [-5.51462, 8.39362, 7.918],
			"to": [-4.51462, 8.49362, 8.018],
			"rotation": {"angle": 0, "axis": "y", "origin": [5.08538, 8.99362, 8.018]},
			"faces": {
				"north": {"uv": [13, 0, 14.25, 0.75], "texture": "#0"},
				"east": {"uv": [13, 0, 14.25, 0.75], "texture": "#0"},
				"south": {"uv": [13, 0, 14.25, 0.75], "texture": "#0"},
				"west": {"uv": [13, 0, 14.25, 0.75], "texture": "#0"},
				"up": {"uv": [0.125, 0, 0, 0], "texture": "#0"},
				"down": {"uv": [0.25, 0, 0.125, 0], "texture": "#0"}
			}
		},
		{
			"from": [6.38538, 7.49362, 7.718],
			"to": [6.88538, 9.49362, 8.318],
			"rotation": {"angle": 0, "axis": "y", "origin": [5.08538, 8.99362, 8.018]},
			"faces": {
				"north": {"uv": [0, 9, 15.75, 12.25], "texture": "#0", "cullface": "east"},
				"east": {"uv": [0, 0, 0, 0.25], "texture": "#0"},
				"south": {"uv": [0, 9, 15.75, 12.25], "texture": "#0", "cullface": "east"},
				"west": {"uv": [0, 9, 15.75, 12.25], "texture": "#0", "cullface": "east"},
				"up": {"uv": [0, 9, 15.75, 12.25], "texture": "#0", "cullface": "east"},
				"down": {"uv": [0, 0, 0, 0], "texture": "#0"}
			}
		},
		{
			"from": [6.88538, 9.39362, 7.618],
			"to": [11.38538, 9.59362, 8.418],
			"rotation": {"angle": 0, "axis": "y", "origin": [5.08538, 8.99362, 8.018]},
			"faces": {
				"north": {"uv": [0, 9, 15.75, 12.25], "texture": "#0", "cullface": "east"},
				"east": {"uv": [9.75, 9, 16, 12.25], "texture": "#0", "cullface": "east"},
				"south": {"uv": [0, 9, 15.75, 12.25], "texture": "#0", "cullface": "east"},
				"west": {"uv": [0, 9, 15.75, 12.25], "texture": "#0", "cullface": "east"},
				"up": {"uv": [0, 9, 15.75, 12.25], "texture": "#0", "cullface": "east"},
				"down": {"uv": [1, 0, 0.5, 0], "texture": "#0"}
			}
		},
		{
			"from": [6.38538, 7.29362, 7.618],
			"to": [11.38538, 7.49362, 8.418],
			"rotation": {"angle": 0, "axis": "y", "origin": [5.08538, 8.99362, 8.018]},
			"faces": {
				"north": {"uv": [0, 9, 15.75, 12.25], "texture": "#0", "cullface": "east"},
				"east": {"uv": [0, 0, 0, 0], "texture": "#0"},
				"south": {"uv": [0, 9, 15.75, 12.25], "texture": "#0", "cullface": "east"},
				"west": {"uv": [0, 9, 15.75, 12.25], "texture": "#0", "cullface": "east"},
				"up": {"uv": [0.625, 0, 0, 0], "texture": "#0"},
				"down": {"uv": [0, 9, 15.75, 12.25], "texture": "#0", "cullface": "east"}
			}
		},
		{
			"from": [10.38538, 7.49362, 7.418],
			"to": [11.38538, 9.19362, 8.618],
			"rotation": {"angle": 0, "axis": "y", "origin": [5.08538, 8.99362, 8.018]},
			"faces": {
				"north": {"uv": [12.75, 9, 15.75, 12.25], "texture": "#0", "cullface": "east"},
				"east": {"uv": [9.75, 9, 16, 12.25], "texture": "#0", "cullface": "east"},
				"south": {"uv": [9.75, 9, 16, 12.25], "texture": "#0", "cullface": "east"},
				"west": {"uv": [2.5, 0, 6.25, 0.75], "texture": "#0"},
				"up": {"uv": [0, 9, 15.75, 12.25], "texture": "#0", "cullface": "east"},
				"down": {"uv": [0, 9, 15.75, 12.25], "texture": "#0", "cullface": "east"}
			}
		},
		{
			"from": [8.58538, 7.49362, 8.018],
			"to": [10.38538, 8.99362, 8.618],
			"rotation": {"angle": 0, "axis": "y", "origin": [5.08538, 8.99362, 8.018]},
			"faces": {
				"north": {"uv": [2.5, 0, 6.25, 0.75], "texture": "#0"},
				"east": {"uv": [0, 0, 0, 0.125], "texture": "#0"},
				"south": {"uv": [5.25, 9, 9.75, 12.25], "texture": "#0", "cullface": "east"},
				"west": {"uv": [0.25, 0, 0.25, 0.125], "texture": "#0"},
				"up": {"uv": [0.25, 0, 0, 0], "texture": "#0"},
				"down": {"uv": [0, 9, 15.75, 12.25], "texture": "#0", "cullface": "east"}
			}
		},
		{
			"from": [8.58538, 8.49362, 7.518],
			"to": [10.18538, 8.99362, 7.618],
			"rotation": {"angle": 0, "axis": "y", "origin": [5.08538, 8.99362, 8.018]},
			"faces": {
				"north": {"uv": [6.5, 0, 12.75, 1], "texture": "#0", "cullface": "east"},
				"east": {"uv": [6.5, 0, 12.75, 1], "texture": "#0", "cullface": "east"},
				"south": {"uv": [0.125, 0, 0.25, 0], "texture": "#0"},
				"west": {"uv": [0.125, 0, 0.125, 0], "texture": "#0"},
				"up": {"uv": [0.125, 0, 0, 0], "texture": "#0"},
				"down": {"uv": [0.25, 0, 0.125, 0], "texture": "#0"}
			}
		},
		{
			"from": [6.38538, 7.49362, 7.618],
			"to": [6.88538, 9.29362, 8.418],
			"rotation": {"angle": 0, "axis": "y", "origin": [5.08538, 8.99362, 8.018]},
			"faces": {
				"north": {"uv": [0, 9, 15.75, 12.25], "texture": "#0", "cullface": "east"},
				"east": {"uv": [0, 0, 0, 0.125], "texture": "#0"},
				"south": {"uv": [0, 9, 15.75, 12.25], "texture": "#0", "cullface": "east"},
				"west": {"uv": [0, 9, 15.75, 12.25], "texture": "#0", "cullface": "east"},
				"up": {"uv": [0, 9, 15.75, 12.25], "texture": "#0", "cullface": "east"},
				"down": {"uv": [0, 0, 0, 0], "texture": "#0"}
			}
		},
		{
			"from": [6.38538, 7.49362, 7.518],
			"to": [6.88538, 8.99362, 8.518],
			"rotation": {"angle": 0, "axis": "y", "origin": [5.08538, 8.99362, 8.018]},
			"faces": {
				"north": {"uv": [0, 9, 15.75, 12.25], "texture": "#0", "cullface": "east"},
				"east": {"uv": [0, 0.125, 0.125, 0.25], "texture": "#0"},
				"south": {"uv": [0, 9, 15.75, 12.25], "texture": "#0", "cullface": "east"},
				"west": {"uv": [0, 9, 15.75, 12.25], "texture": "#0", "cullface": "east"},
				"up": {"uv": [0, 9, 15.75, 12.25], "texture": "#0", "cullface": "east"},
				"down": {"uv": [0, 9, 15.75, 12.25], "texture": "#0", "cullface": "east"}
			}
		},
		{
			"from": [6.88538, 7.49362, 7.418],
			"to": [8.58538, 9.19362, 8.618],
			"rotation": {"angle": 0, "axis": "y", "origin": [5.08538, 8.99362, 8.018]},
			"faces": {
				"north": {"uv": [0, 9, 3.5, 12.25], "texture": "#0", "cullface": "east"},
				"east": {"uv": [2.5, 0, 6.25, 0.75], "texture": "#0"},
				"south": {"uv": [0, 9, 4.5, 12.25], "texture": "#0", "cullface": "east"},
				"west": {"uv": [0, 9, 15.75, 12.25], "texture": "#0", "cullface": "east"},
				"up": {"uv": [0, 9, 15.75, 12.25], "texture": "#0", "cullface": "east"},
				"down": {"uv": [0, 9, 15.75, 12.25], "texture": "#0", "cullface": "east"}
			}
		},
		{
			"from": [8.58538, 7.49362, 7.418],
			"to": [10.38538, 8.49362, 8.018],
			"rotation": {"angle": 0, "axis": "y", "origin": [5.08538, 8.99362, 8.018]},
			"faces": {
				"north": {"uv": [4.25, 10.25, 9.25, 12.25], "texture": "#0", "cullface": "east"},
				"east": {"uv": [0, 0, 0, 0.125], "texture": "#0"},
				"south": {"uv": [0.125, 0, 0.25, 0.125], "texture": "#0"},
				"west": {"uv": [0.125, 0, 0.125, 0.125], "texture": "#0"},
				"up": {"uv": [2.5, 0, 6.25, 0.75], "texture": "#0"},
				"down": {"uv": [0, 9, 15.75, 12.25], "texture": "#0", "cullface": "east"}
			}
		},
		{
			"from": [6.88538, 9.19362, 7.518],
			"to": [11.38538, 9.39362, 8.518],
			"rotation": {"angle": 0, "axis": "y", "origin": [5.08538, 8.99362, 8.018]},
			"faces": {
				"north": {"uv": [0, 9, 15.75, 12.25], "texture": "#0", "cullface": "east"},
				"east": {"uv": [9.75, 9, 16, 12.25], "texture": "#0", "cullface": "east"},
				"south": {"uv": [0, 9, 15.75, 12.25], "texture": "#0", "cullface": "east"},
				"west": {"uv": [0, 9, 15.75, 12.25], "texture": "#0", "cullface": "east"},
				"up": {"uv": [0, 9, 15.75, 12.25], "texture": "#0", "cullface": "east"},
				"down": {"uv": [0.375, 0, 0.25, 0.125], "texture": "#0"}
			}
		},
		{
			"from": [8.58538, 8.99362, 7.418],
			"to": [10.38538, 9.19362, 8.618],
			"rotation": {"angle": 0, "axis": "y", "origin": [5.08538, 8.99362, 8.018]},
			"faces": {
				"north": {"uv": [0, 9, 15.75, 12.25], "texture": "#0", "cullface": "east"},
				"east": {"uv": [0, 0.125, 0.125, 0.125], "texture": "#0"},
				"south": {"uv": [4.75, 9, 8.5, 9.75], "texture": "#0", "cullface": "east"},
				"west": {"uv": [0.25, 0.125, 0.375, 0.125], "texture": "#0"},
				"up": {"uv": [0, 9, 15.75, 12.25], "texture": "#0", "cullface": "east"},
				"down": {"uv": [2.5, 0, 6.25, 0.75], "texture": "#0"}
			}
		},
		{
			"from": [13.78538, 5.79362, 7.418],
			"to": [14.78538, 7.99362, 8.618],
			"rotation": {"angle": 0, "axis": "y", "origin": [15.21872, 6.42695, 8.018]},
			"faces": {
				"north": {"uv": [6, 12.25, 9, 16], "texture": "#0", "cullface": "east"},
				"east": {"uv": [0, 0.125, 0.125, 0.375], "texture": "#0"},
				"south": {"uv": [6, 12.25, 9, 16], "texture": "#0", "cullface": "east"},
				"west": {"uv": [0, 12.25, 15.75, 16], "texture": "#0", "cullface": "east"},
				"up": {"uv": [0, 12.25, 15.75, 16], "texture": "#0", "cullface": "east"},
				"down": {"uv": [0, 12.25, 15.75, 16], "texture": "#0", "cullface": "east"}
			}
		},
		{
			"from": [14.78538, 5.49362, 7.418],
			"to": [15.78538, 7.99362, 8.618],
			"rotation": {"angle": 0, "axis": "y", "origin": [15.21872, 6.42695, 8.018]},
			"faces": {
				"north": {"uv": [7.75, 12.25, 11, 16], "texture": "#0", "cullface": "east"},
				"east": {"uv": [0, 0.125, 0.125, 0.375], "texture": "#0"},
				"south": {"uv": [7.75, 12.25, 11, 16], "texture": "#0", "cullface": "east"},
				"west": {"uv": [0, 12.25, 15.75, 16], "texture": "#0", "cullface": "east"},
				"up": {"uv": [0, 12.25, 15.75, 16], "texture": "#0", "cullface": "east"},
				"down": {"uv": [0, 12.25, 15.75, 16], "texture": "#0", "cullface": "east"}
			}
		},
		{
			"from": [15.78538, 5.09362, 7.418],
			"to": [18.78538, 7.99362, 8.618],
			"rotation": {"angle": 0, "axis": "y", "origin": [15.21872, 6.42695, 8.018]},
			"faces": {
				"north": {"uv": [10.25, 12.25, 15.75, 16], "texture": "#0", "cullface": "east"},
				"east": {"uv": [14.25, 13.25, 15.75, 15.5], "texture": "#0", "cullface": "east"},
				"south": {"uv": [10.25, 12.25, 15.75, 16], "texture": "#0", "cullface": "east"},
				"west": {"uv": [0, 12.25, 15.75, 16], "texture": "#0", "cullface": "east"},
				"up": {"uv": [0, 12.25, 15.75, 16], "texture": "#0", "cullface": "east"},
				"down": {"uv": [0, 12.25, 15.75, 16], "texture": "#0", "cullface": "east"}
			}
		},
		{
			"from": [11.38538, 6.89362, 7.418],
			"to": [12.28538, 8.29362, 8.618],
			"rotation": {"angle": 0, "axis": "y", "origin": [12.03538, 8.44362, 8.0055]},
			"faces": {
				"north": {"uv": [0, 12.25, 1.75, 14.25], "texture": "#0", "cullface": "east"},
				"east": {"uv": [0, 12.25, 15.75, 16], "texture": "#0", "cullface": "east"},
				"south": {"uv": [0, 12.25, 1.75, 14.25], "texture": "#0", "cullface": "east"},
				"west": {"uv": [0, 12.25, 15.75, 16], "texture": "#0", "cullface": "east"},
				"up": {"uv": [0, 12.25, 15.75, 16], "texture": "#0", "cullface": "east"},
				"down": {"uv": [0, 12.25, 15.75, 16], "texture": "#0", "cullface": "east"}
			}
		},
		{
			"from": [13.78538, 5.59362, 7.718],
			"to": [14.78538, 5.79362, 8.318],
			"rotation": {"angle": 0, "axis": "y", "origin": [15.21872, 6.42695, 8.018]},
			"faces": {
				"north": {"uv": [6, 12.25, 9, 16], "texture": "#0", "cullface": "east"},
				"east": {"uv": [0, 0, 0, 0], "texture": "#0"},
				"south": {"uv": [6, 12.25, 9, 16], "texture": "#0", "cullface": "east"},
				"west": {"uv": [0, 12.25, 15.75, 16], "texture": "#0", "cullface": "east"},
				"up": {"uv": [0.125, 0, 0, 0], "texture": "#0"},
				"down": {"uv": [0, 12.25, 15.75, 16], "texture": "#0", "cullface": "east"}
			}
		},
		{
			"from": [15.78538, 4.89362, 7.718],
			"to": [18.78538, 5.09362, 8.318],
			"rotation": {"angle": 0, "axis": "y", "origin": [15.21872, 6.42695, 8.018]},
			"faces": {
				"north": {"uv": [10.25, 12.25, 15.75, 16], "texture": "#0", "cullface": "east"},
				"east": {"uv": [0, 12.25, 15.75, 16], "texture": "#0", "cullface": "east"},
				"south": {"uv": [10.25, 12.25, 15.75, 16], "texture": "#0", "cullface": "east"},
				"west": {"uv": [0, 12.25, 15.75, 16], "texture": "#0", "cullface": "east"},
				"up": {"uv": [0.375, 0, 0, 0], "texture": "#0"},
				"down": {"uv": [0, 12.25, 15.75, 16], "texture": "#0", "cullface": "east"}
			}
		},
		{
			"from": [14.78538, 5.29362, 7.718],
			"to": [15.78538, 5.49362, 8.318],
			"rotation": {"angle": 0, "axis": "y", "origin": [15.21872, 6.42695, 8.018]},
			"faces": {
				"north": {"uv": [7.75, 12.25, 11, 16], "texture": "#0", "cullface": "east"},
				"east": {"uv": [0, 0, 0, 0], "texture": "#0"},
				"south": {"uv": [7.75, 12.25, 11, 16], "texture": "#0", "cullface": "east"},
				"west": {"uv": [0, 12.25, 15.75, 16], "texture": "#0", "cullface": "east"},
				"up": {"uv": [0.125, 0, 0, 0], "texture": "#0"},
				"down": {"uv": [0, 12.25, 15.75, 16], "texture": "#0", "cullface": "east"}
			}
		},
		{
			"from": [12.78538, 6.09362, 7.718],
			"to": [13.78538, 6.29362, 8.318],
			"rotation": {"angle": 0, "axis": "y", "origin": [5.08538, 8.99362, 8.018]},
			"faces": {
				"north": {"uv": [3.25, 12.25, 5.5, 16], "texture": "#0", "cullface": "east"},
				"east": {"uv": [0, 0, 0, 0], "texture": "#0"},
				"south": {"uv": [3.25, 12.25, 5.5, 16], "texture": "#0", "cullface": "east"},
				"west": {"uv": [0, 12.25, 15.75, 16], "texture": "#0", "cullface": "east"},
				"up": {"uv": [0.125, 0, 0, 0], "texture": "#0"},
				"down": {"uv": [0, 12.25, 15.75, 16], "texture": "#0", "cullface": "east"}
			}
		},
		{
			"from": [12.28538, 6.59362, 7.718],
			"to": [12.78538, 6.79362, 8.318],
			"rotation": {"angle": 0, "axis": "y", "origin": [12.53538, 8.26862, 8.0055]},
			"faces": {
				"north": {"uv": [1.75, 12.25, 3.5, 14.25], "texture": "#0", "cullface": "east"},
				"east": {"uv": [0, 0, 0, 0], "texture": "#0"},
				"south": {"uv": [1.75, 12.25, 3.5, 14.25], "texture": "#0", "cullface": "east"},
				"west": {"uv": [0, 12.25, 15.75, 16], "texture": "#0", "cullface": "east"},
				"up": {"uv": [0, 0, 0, 0], "texture": "#0"},
				"down": {"uv": [0, 12.25, 15.75, 16], "texture": "#0", "cullface": "east"}
			}
		},
		{
			"from": [11.38538, 6.69362, 7.718],
			"to": [12.28538, 6.89362, 8.318],
			"rotation": {"angle": 0, "axis": "y", "origin": [12.03538, 8.44362, 8.0055]},
			"faces": {
				"north": {"uv": [0, 12.25, 1.75, 14.25], "texture": "#0", "cullface": "east"},
				"east": {"uv": [0, 0, 0, 0], "texture": "#0"},
				"south": {"uv": [0, 12.25, 1.75, 14.25], "texture": "#0", "cullface": "east"},
				"west": {"uv": [0, 12.25, 15.75, 16], "texture": "#0", "cullface": "east"},
				"up": {"uv": [0, 0, 0, 0], "texture": "#0"},
				"down": {"uv": [0, 12.25, 15.75, 16], "texture": "#0", "cullface": "east"}
			}
		},
		{
			"from": [12.28538, 8.19362, 7.618],
			"to": [12.78538, 8.49362, 8.418],
			"rotation": {"angle": 0, "axis": "y", "origin": [12.53538, 8.26862, 8.0055]},
			"faces": {
				"north": {"uv": [13.25, 14, 15.75, 14.75], "texture": "#0", "cullface": "east"},
				"east": {"uv": [0, 12.25, 15.75, 16], "texture": "#0", "cullface": "east"},
				"south": {"uv": [13.25, 14, 15.75, 14.75], "texture": "#0", "cullface": "east"},
				"west": {"uv": [0, 0, 0, 0], "texture": "#0"},
				"up": {"uv": [0, 12.25, 15.75, 16], "texture": "#0", "cullface": "east"},
				"down": {"uv": [0, 0, 0, 0], "texture": "#0"}
			}
		},
		{
			"from": [12.28538, 7.99362, 7.518],
			"to": [12.78538, 8.29362, 8.518],
			"rotation": {"angle": 0, "axis": "y", "origin": [12.53538, 8.26862, 8.0055]},
			"faces": {
				"north": {"uv": [13.75, 15, 15.75, 16], "texture": "#0", "cullface": "east"},
				"east": {"uv": [0, 12.25, 15.75, 16], "texture": "#0", "cullface": "east"},
				"south": {"uv": [13.75, 15, 15.75, 15.75], "texture": "#0", "cullface": "east"},
				"west": {"uv": [0.125, 0.125, 0.25, 0.125], "texture": "#0"},
				"up": {"uv": [0, 12.25, 15.75, 16], "texture": "#0", "cullface": "east"},
				"down": {"uv": [0.125, 0, 0.125, 0.125], "texture": "#0"}
			}
		},
		{
			"from": [11.38538, 8.29362, 7.518],
			"to": [12.28538, 8.49362, 8.518],
			"rotation": {"angle": 0, "axis": "y", "origin": [12.03538, 8.44362, 8.0055]},
			"faces": {
				"north": {"uv": [13.75, 15, 15.75, 15.75], "texture": "#0", "cullface": "east"},
				"east": {"uv": [0, 12.25, 15.75, 16], "texture": "#0", "cullface": "east"},
				"south": {"uv": [13.75, 15, 15.75, 15.75], "texture": "#0", "cullface": "east"},
				"west": {"uv": [0.125, 0.125, 0.25, 0.125], "texture": "#0"},
				"up": {"uv": [0, 12.25, 15.75, 16], "texture": "#0", "cullface": "east"},
				"down": {"uv": [0.125, 0, 0.125, 0.125], "texture": "#0"}
			}
		},
		{
			"from": [11.38538, 8.49362, 7.618],
			"to": [12.28538, 8.69362, 8.418],
			"rotation": {"angle": 0, "axis": "y", "origin": [12.03538, 8.44362, 8.0055]},
			"faces": {
				"north": {"uv": [13.75, 12.25, 15, 13.25], "texture": "#0", "cullface": "east"},
				"east": {"uv": [0, 12.25, 15.75, 16], "texture": "#0", "cullface": "east"},
				"south": {"uv": [13.75, 12.25, 15, 13.25], "texture": "#0", "cullface": "east"},
				"west": {"uv": [0, 0, 0, 0], "texture": "#0"},
				"up": {"uv": [0, 12.25, 15.75, 16], "texture": "#0", "cullface": "east"},
				"down": {"uv": [0, 0, 0, 0], "texture": "#0"}
			}
		},
		{
			"from": [11.22577, 8.70323, 7.9],
			"to": [12.02577, 8.90323, 8.2],
			"rotation": {"angle": 45, "axis": "z", "origin": [11.57577, 8.90323, 7.968]},
			"faces": {
				"north": {"uv": [10, 0, 12.75, 1], "texture": "#0"},
				"east": {"uv": [10, 0, 12.75, 1], "texture": "#0"},
				"south": {"uv": [10, 0, 12.75, 1], "texture": "#0"},
				"west": {"uv": [0, 0, 0, 0], "texture": "#0"},
				"up": {"uv": [10, 0, 12.75, 1], "texture": "#0"},
				"down": {"uv": [10, 0, 12.75, 1], "texture": "#0"}
			}
		},
		{
			"from": [11.72577, 8.90323, 7.9],
			"to": [12.22577, 9.10323, 8.2],
			"rotation": {"angle": 45, "axis": "z", "origin": [11.57577, 8.90323, 7.968]},
			"faces": {
				"north": {"uv": [10, 0, 12.75, 1], "texture": "#0"},
				"east": {"uv": [10, 0, 12.75, 1], "texture": "#0"},
				"south": {"uv": [10, 0, 12.75, 1], "texture": "#0"},
				"west": {"uv": [0, 0, 0, 0], "texture": "#0"},
				"up": {"uv": [10, 0, 12.75, 1], "texture": "#0"},
				"down": {"uv": [10, 0, 12.75, 1], "texture": "#0"}
			}
		},
		{
			"from": [12.28538, 8.39362, 7.9],
			"to": [12.78538, 8.69362, 8.2],
			"rotation": {"angle": 0, "axis": "y", "origin": [12.53538, 8.26862, 8.0055]},
			"faces": {
				"north": {"uv": [13.75, 12.25, 15, 13.25], "texture": "#0", "cullface": "east"},
				"east": {"uv": [0, 12.25, 15.75, 16], "texture": "#0", "cullface": "east"},
				"south": {"uv": [13.75, 12.25, 15, 13.25], "texture": "#0", "cullface": "east"},
				"west": {"uv": [0, 0, 0, 0], "texture": "#0"},
				"up": {"uv": [0, 12.25, 15.75, 16], "texture": "#0", "cullface": "east"},
				"down": {"uv": [0, 0, 0, 0], "texture": "#0"}
			}
		},
		{
			"from": [12.78538, 8.39362, 7.9],
			"to": [18.78538, 8.59362, 8.2],
			"rotation": {"angle": 0, "axis": "y", "origin": [5.08538, 8.99362, 8.018]},
			"faces": {
				"north": {"uv": [0, 12.25, 15.75, 13.25], "texture": "#0", "cullface": "east"},
				"east": {"uv": [9.5, 12.25, 11.25, 13], "texture": "#0", "cullface": "east"},
				"south": {"uv": [0, 12.25, 15.75, 13.25], "texture": "#0", "cullface": "east"},
				"west": {"uv": [0.75, 0, 0.75, 0], "texture": "#0"},
				"up": {"uv": [0, 12.25, 15.75, 16], "texture": "#0", "cullface": "east"},
				"down": {"uv": [1.5, 0, 0.75, 0], "texture": "#0"}
			}
		},
		{
			"from": [12.78538, 7.99362, 7.518],
			"to": [18.78538, 8.19362, 8.518],
			"rotation": {"angle": 0, "axis": "y", "origin": [16.88538, 9.19362, 8.018]},
			"faces": {
				"north": {"uv": [0, 15, 15.75, 16], "texture": "#0", "cullface": "east"},
				"east": {"uv": [13.75, 12.25, 15.75, 13], "texture": "#0", "cullface": "east"},
				"south": {"uv": [0, 15, 15.75, 16], "texture": "#0", "cullface": "east"},
				"west": {"uv": [0.875, 0.125, 1, 0.125], "texture": "#0"},
				"up": {"uv": [0, 12.25, 15.75, 16], "texture": "#0", "cullface": "east"},
				"down": {"uv": [1.625, 0, 0.875, 0.125], "texture": "#0"}
			}
		},
		{
			"from": [12.78538, 8.19362, 7.618],
			"to": [18.78538, 8.39362, 8.418],
			"rotation": {"angle": 0, "axis": "y", "origin": [16.88538, 9.19362, 8.018]},
			"faces": {
				"north": {"uv": [0, 14, 15.75, 14.75], "texture": "#0", "cullface": "east"},
				"east": {"uv": [11.75, 12.25, 13.75, 12.75], "texture": "#0", "cullface": "east"},
				"south": {"uv": [0, 14, 15.75, 14.75], "texture": "#0", "cullface": "east"},
				"west": {"uv": [0.75, 0, 0.75, 0], "texture": "#0"},
				"up": {"uv": [0, 12.25, 15.75, 16], "texture": "#0", "cullface": "east"},
				"down": {"uv": [1.5, 0, 0.75, 0], "texture": "#0"}
			}
		},
		{
			"from": [12.28538, 6.79362, 7.418],
			"to": [12.78538, 8.09362, 8.618],
			"rotation": {"angle": 0, "axis": "y", "origin": [12.53538, 8.26862, 8.0055]},
			"faces": {
				"north": {"uv": [1.75, 12.25, 3.5, 14.25], "texture": "#0", "cullface": "east"},
				"east": {"uv": [0, 12.25, 15.75, 16], "texture": "#0", "cullface": "east"},
				"south": {"uv": [1.75, 12.25, 3.5, 14.25], "texture": "#0", "cullface": "east"},
				"west": {"uv": [0, 12.25, 15.75, 16], "texture": "#0", "cullface": "east"},
				"up": {"uv": [0, 12.25, 15.75, 16], "texture": "#0", "cullface": "east"},
				"down": {"uv": [0, 12.25, 15.75, 16], "texture": "#0", "cullface": "east"}
			}
		},
		{
			"from": [12.78538, 6.29362, 7.418],
			"to": [13.78538, 7.99362, 8.618],
			"rotation": {"angle": 0, "axis": "y", "origin": [5.08538, 8.99362, 8.018]},
			"faces": {
				"north": {"uv": [3.25, 12.25, 5.5, 16], "texture": "#0", "cullface": "east"},
				"east": {"uv": [0, 0.125, 0.125, 0.25], "texture": "#0"},
				"south": {"uv": [3.25, 12.25, 5.5, 16], "texture": "#0", "cullface": "east"},
				"west": {"uv": [0, 12.25, 15.75, 16], "texture": "#0", "cullface": "east"},
				"up": {"uv": [0, 12.25, 15.75, 16], "texture": "#0", "cullface": "east"},
				"down": {"uv": [0, 12.25, 15.75, 16], "texture": "#0", "cullface": "east"}
			}
		}
	],
	"display": {
		"thirdperson_righthand": {
			"rotation": [0, -89, 0],
			"scale": [0.8, 0.8, 0.8]
		},
		"firstperson_righthand": {
			"rotation": [0, -83, -1],
			"translation": [-2, 4.5, 3.25]
		},
		"ground": {
			"rotation": [-90, 0, 0]
		},
		"gui": {
			"translation": [1, 0, 0],
			"scale": [0.8, 0.8, 0.8]
		},
		"fixed": {
			"rotation": [0, 0, -31],
			"translation": [1.75, 0, 0],
			"scale": [0.8, 0.8, 0.8]
		}
	}
}