{
	"credit": "Made with Blockbench",
	"texture_size": [128, 128],
	"textures": {
		"0": "nubx/texture_m1",
		"particle": "nubx/texture_m1"
	},
	"elements": [
		{
			"from": [8.124, 1.878, 0.334],
			"to": [8.186, 2.188, 3.434],
			"rotation": {"angle": 0, "axis": "y", "origin": [8.155, 2.405, -1.03]},
			"faces": {
				"north": {"uv": [0, 0, 0.0625, 0.0125], "rotation": 270, "texture": "#0"},
				"east": {"uv": [0, 0, 16, 2.125], "texture": "#0"},
				"south": {"uv": [0, 0, 0.0625, 0.0125], "rotation": 90, "texture": "#0"},
				"west": {"uv": [0, 0, 16, 2.125], "texture": "#0"},
				"up": {"uv": [0, 0, 16, 2.125], "texture": "#0"},
				"down": {"uv": [0, 0, 16, 2.125], "texture": "#0"}
			}
		},
		{
			"from": [8, 2.002, 0.334],
			"to": [8.31, 2.064, 3.434],
			"rotation": {"angle": 0, "axis": "y", "origin": [8.155, 2.405, -1.03]},
			"faces": {
				"north": {"uv": [0, 0, 0.0625, 0.0125], "texture": "#0"},
				"east": {"uv": [0, 0, 16, 2.125], "texture": "#0"},
				"south": {"uv": [0, 0, 0.0625, 0.0125], "texture": "#0"},
				"west": {"uv": [0, 0, 16, 2.125], "texture": "#0"},
				"up": {"uv": [0, 0, 16, 2.125], "texture": "#0"},
				"down": {"uv": [0, 0, 16, 2.125], "texture": "#0"}
			}
		},
		{
			"from": [8.062, 1.94, 0.334],
			"to": [8.248, 2.126, 3.434],
			"rotation": {"angle": 0, "axis": "y", "origin": [8.155, 2.405, -1.03]},
			"faces": {
				"north": {"uv": [0, 0, 0.0375, 0.0375], "texture": "#0"},
				"east": {"uv": [0, 0, 16, 2.125], "texture": "#0"},
				"south": {"uv": [0, 0, 0.0375, 0.0375], "texture": "#0"},
				"west": {"uv": [0, 0, 16, 2.125], "texture": "#0"},
				"up": {"uv": [0, 0, 16, 2.125], "texture": "#0"},
				"down": {"uv": [0, 0, 16, 2.125], "texture": "#0"}
			}
		},
		{
			"from": [7.938, 1.94, 0.21],
			"to": [8.372, 2.064, 0.892],
			"rotation": {"angle": 0, "axis": "y", "origin": [8.155, 2.405, -1.03]},
			"faces": {
				"north": {"uv": [0, 0, 0.0875, 0.025], "texture": "#0"},
				"east": {"uv": [0, 0, 16, 2.125], "texture": "#0"},
				"south": {"uv": [0, 0, 0.0875, 0.025], "texture": "#0"},
				"west": {"uv": [0, 0, 16, 2.125], "texture": "#0"},
				"up": {"uv": [0, 0, 0.0875, 0.1375], "texture": "#0"},
				"down": {"uv": [0, 0, 16, 2.125], "texture": "#0"}
			}
		},
		{
			"from": [8.124, 1.816, 0.21],
			"to": [8.186, 2.188, 0.892],
			"rotation": {"angle": 0, "axis": "y", "origin": [8.155, 2.405, -1.03]},
			"faces": {
				"north": {"uv": [0, 0, 16, 2.125], "texture": "#0"},
				"east": {"uv": [0, 0, 16, 2.125], "texture": "#0"},
				"south": {"uv": [0, 0, 0.0125, 0.075], "texture": "#0"},
				"west": {"uv": [0, 0, 16, 2.125], "texture": "#0"},
				"up": {"uv": [0, 0, 0.1375, 0.0125], "rotation": 90, "texture": "#0"},
				"down": {"uv": [0, 0, 16, 2.125], "texture": "#0"}
			}
		},
		{
			"from": [8, 1.878, 0.21],
			"to": [8.31, 2.126, 0.892],
			"rotation": {"angle": 0, "axis": "y", "origin": [8.155, 2.405, -1.03]},
			"faces": {
				"north": {"uv": [0, 0, 16, 2.125], "texture": "#0"},
				"east": {"uv": [0, 0, 16, 2.125], "texture": "#0"},
				"south": {"uv": [0, 0, 0.0625, 0.05], "texture": "#0"},
				"west": {"uv": [0, 0, 16, 2.125], "texture": "#0"},
				"up": {"uv": [0, 0, 16, 2.125], "texture": "#0"},
				"down": {"uv": [0, 0, 16, 2.125], "texture": "#0"}
			}
		},
		{
			"from": [8, 2.374, 11.308],
			"to": [8.31, 2.436, 12.3],
			"rotation": {"angle": 0, "axis": "y", "origin": [8.155, 2.405, -1.03]},
			"faces": {
				"north": {"uv": [0, 0, 0.03125, 0.00625], "texture": "#0"},
				"east": {"uv": [8.875, 5.75, 15.875, 6.5], "texture": "#0"},
				"south": {"uv": [0, 0, 0.03125, 0.00625], "texture": "#0"},
				"west": {"uv": [0, 0, 0.1, 0.00625], "texture": "#0"},
				"up": {"uv": [0, 0, 0.03125, 0.1], "texture": "#0"},
				"down": {"uv": [0, 0, 0.03125, 0.1], "texture": "#0"}
			}
		},
		{
			"from": [8, 2.312, 11.308],
			"to": [8.31, 2.498, 12.3],
			"rotation": {"angle": 0, "axis": "y", "origin": [8.155, 2.405, -1.03]},
			"faces": {
				"north": {"uv": [0, 0, 0.03125, 0.01875], "texture": "#0"},
				"east": {"uv": [8.875, 5.75, 15.875, 6.5], "texture": "#0"},
				"south": {"uv": [0, 0, 0.03125, 0.01875], "texture": "#0"},
				"west": {"uv": [0, 6.5, 15.875, 8], "rotation": 90, "texture": "#0"},
				"up": {"uv": [6.25, 14.625, 16, 15.875], "rotation": 90, "texture": "#0"},
				"down": {"uv": [0, 0, 0.03125, 0.1], "texture": "#0"}
			}
		},
		{
			"from": [8.062, 2.25, 11.308],
			"to": [8.248, 2.56, 12.3],
			"rotation": {"angle": 0, "axis": "y", "origin": [8.155, 2.405, -1.03]},
			"faces": {
				"north": {"uv": [0, 0, 0.03125, 0.01875], "rotation": 270, "texture": "#0"},
				"east": {"uv": [0, 6.5, 15.875, 8], "rotation": 90, "texture": "#0"},
				"south": {"uv": [0, 6.5, 15.875, 8], "rotation": 90, "texture": "#0"},
				"west": {"uv": [0, 6.5, 15.875, 8], "rotation": 90, "texture": "#0"},
				"up": {"uv": [0, 6.5, 15.875, 8], "rotation": 90, "texture": "#0"},
				"down": {"uv": [0, 0, 0.1, 0.01875], "rotation": 90, "texture": "#0"}
			}
		},
		{
			"from": [8.062, 2.25, 3.248],
			"to": [8.248, 2.56, 3.434],
			"rotation": {"angle": 0, "axis": "y", "origin": [8.155, 2.405, -1.03]},
			"faces": {
				"north": {"uv": [0, 2.125, 5.875, 3.75], "texture": "#0"},
				"east": {"uv": [0, 2.125, 5.875, 3.75], "texture": "#0"},
				"south": {"uv": [0, 0, 0.03125, 0.01875], "rotation": 90, "texture": "#0"},
				"west": {"uv": [0, 2.125, 5.875, 3.75], "texture": "#0"},
				"up": {"uv": [0, 2.125, 5.875, 3.75], "texture": "#0"},
				"down": {"uv": [0, 2.125, 5.875, 3.75], "texture": "#0"}
			}
		},
		{
			"from": [8, 2.312, 3.248],
			"to": [8.31, 2.498, 3.434],
			"rotation": {"angle": 0, "axis": "y", "origin": [8.155, 2.405, -1.03]},
			"faces": {
				"north": {"uv": [0, 2.125, 0.0625, 2.1625], "texture": "#0"},
				"east": {"uv": [0, 2.125, 0.0375, 2.1625], "texture": "#0"},
				"south": {"uv": [0, 0, 0.0625, 0.0375], "texture": "#0"},
				"west": {"uv": [0, 2.125, 0.0375, 2.1625], "texture": "#0"},
				"up": {"uv": [0, 2.125, 0.0625, 2.1625], "texture": "#0"},
				"down": {"uv": [0, 2.125, 0.0625, 2.1625], "texture": "#0"}
			}
		},
		{
			"from": [7.938, 2.374, 3.248],
			"to": [8.372, 2.436, 3.434],
			"rotation": {"angle": 0, "axis": "y", "origin": [8.155, 2.405, -1.03]},
			"faces": {
				"north": {"uv": [0, 2.125, 5.875, 3.75], "texture": "#0"},
				"east": {"uv": [0, 2.125, 5.875, 3.75], "texture": "#0"},
				"south": {"uv": [0, 0, 0.04375, 0.00625], "texture": "#0"},
				"west": {"uv": [0, 2.125, 5.875, 3.75], "texture": "#0"},
				"up": {"uv": [0, 2.125, 5.875, 3.75], "texture": "#0"},
				"down": {"uv": [0, 2.125, 5.875, 3.75], "texture": "#0"}
			}
		},
		{
			"from": [8, 2.374, -0.286],
			"to": [8.31, 2.436, 3.31],
			"rotation": {"angle": 0, "axis": "y", "origin": [8.155, 2.405, -1.03]},
			"faces": {
				"north": {"uv": [0, 0, 16, 1.125], "texture": "#0"},
				"east": {"uv": [0, 0, 16, 2.125], "texture": "#0"},
				"south": {"uv": [0, 0, 0.03125, 0.00625], "texture": "#0"},
				"west": {"uv": [0, 0, 16, 1.125], "texture": "#0"},
				"up": {"uv": [0, 0, 16, 2.125], "texture": "#0"},
				"down": {"uv": [0, 0, 16, 2.125], "texture": "#0"}
			}
		},
		{
			"from": [8.062, 2.188, 0.148],
			"to": [8.248, 2.622, 0.954],
			"rotation": {"angle": 0, "axis": "y", "origin": [8.155, 2.405, -1.03]},
			"faces": {
				"north": {"uv": [0, 0, 16, 2.125], "texture": "#0"},
				"east": {"uv": [0, 0, 16, 2.125], "texture": "#0"},
				"south": {"uv": [0, 0, 16, 2.125], "texture": "#0"},
				"west": {"uv": [0, 0, 16, 2.125], "texture": "#0"},
				"up": {"uv": [0, 0, 16, 2.125], "texture": "#0"},
				"down": {"uv": [0, 0, 0.0375, 0.1625], "texture": "#0"}
			}
		},
		{
			"from": [8.186, 2.622, 0.458],
			"to": [8.248, 2.808, 0.954],
			"rotation": {"angle": 0, "axis": "y", "origin": [8.155, 2.405, -1.03]},
			"faces": {
				"north": {"uv": [0, 0, 16, 2.125], "texture": "#0"},
				"east": {"uv": [0, 0, 16, 2.125], "texture": "#0"},
				"south": {"uv": [0, 0, 16, 2.125], "texture": "#0"},
				"west": {"uv": [0, 0, 16, 2.125], "texture": "#0"},
				"up": {"uv": [0, 0, 16, 2.125], "texture": "#0"},
				"down": {"uv": [0, 0, 0.1, 0.0125], "rotation": 90, "texture": "#0"}
			}
		},
		{
			"from": [8.186, 2.808, 0.52],
			"to": [8.248, 2.87, 0.892],
			"rotation": {"angle": 0, "axis": "y", "origin": [8.155, 2.405, -1.03]},
			"faces": {
				"north": {"uv": [0, 0, 16, 2.125], "texture": "#0"},
				"east": {"uv": [0, 0, 16, 2.125], "texture": "#0"},
				"south": {"uv": [0, 0, 0.0125, 0.0125], "texture": "#0"},
				"west": {"uv": [0, 0, 16, 2.125], "texture": "#0"},
				"up": {"uv": [0, 0, 16, 2.125], "texture": "#0"},
				"down": {"uv": [0, 0, 0.075, 0.0125], "rotation": 90, "texture": "#0"}
			}
		},
		{
			"from": [8.062, 2.87, 0.582],
			"to": [8.124, 2.932, 0.83],
			"rotation": {"angle": 0, "axis": "y", "origin": [8.155, 2.405, -1.03]},
			"faces": {
				"north": {"uv": [0, 0, 16, 2.125], "texture": "#0"},
				"east": {"uv": [0, 0, 16, 2.125], "texture": "#0"},
				"south": {"uv": [0, 0, 16, 2.125], "texture": "#0"},
				"west": {"uv": [0, 0, 16, 2.125], "texture": "#0"},
				"up": {"uv": [0, 0, 16, 2.125], "texture": "#0"},
				"down": {"uv": [0, 0, 0.05, 0.0125], "rotation": 90, "texture": "#0"}
			}
		},
		{
			"from": [8.062, 2.808, 0.52],
			"to": [8.124, 2.87, 0.892],
			"rotation": {"angle": 0, "axis": "y", "origin": [8.155, 2.405, -1.03]},
			"faces": {
				"north": {"uv": [0, 0, 16, 2.125], "texture": "#0"},
				"east": {"uv": [0, 0, 16, 2.125], "texture": "#0"},
				"south": {"uv": [0, 0, 16, 2.125], "texture": "#0"},
				"west": {"uv": [0, 0, 16, 2.125], "texture": "#0"},
				"up": {"uv": [0, 0, 16, 2.125], "texture": "#0"},
				"down": {"uv": [0, 0, 0.075, 0.0125], "rotation": 90, "texture": "#0"}
			}
		},
		{
			"from": [8.186, 2.87, 0.582],
			"to": [8.248, 2.932, 0.83],
			"rotation": {"angle": 0, "axis": "y", "origin": [8.155, 2.405, -1.03]},
			"faces": {
				"north": {"uv": [0, 0, 16, 2.125], "texture": "#0"},
				"east": {"uv": [0, 0, 16, 2.125], "texture": "#0"},
				"south": {"uv": [0, 0, 16, 2.125], "texture": "#0"},
				"west": {"uv": [0, 0, 0.05, 0.0125], "texture": "#0"},
				"up": {"uv": [0, 0, 16, 2.125], "texture": "#0"},
				"down": {"uv": [0, 0, 0.05, 0.0125], "rotation": 90, "texture": "#0"}
			}
		},
		{
			"from": [8.062, 2.622, 0.458],
			"to": [8.124, 2.808, 0.954],
			"rotation": {"angle": 0, "axis": "y", "origin": [8.155, 2.405, -1.03]},
			"faces": {
				"north": {"uv": [0, 0, 16, 2.125], "texture": "#0"},
				"east": {"uv": [0, 0, 16, 2.125], "texture": "#0"},
				"south": {"uv": [0, 0, 16, 2.125], "texture": "#0"},
				"west": {"uv": [0, 0, 16, 2.125], "texture": "#0"},
				"up": {"uv": [0, 0, 16, 2.125], "texture": "#0"},
				"down": {"uv": [0, 0, 0.1, 0.0125], "rotation": 90, "texture": "#0"}
			}
		},
		{
			"from": [8, 2.25, 0.148],
			"to": [8.31, 2.56, 0.954],
			"rotation": {"angle": 0, "axis": "y", "origin": [8.155, 2.405, -1.03]},
			"faces": {
				"north": {"uv": [0, 0, 16, 2.125], "texture": "#0"},
				"east": {"uv": [0, 0, 16, 2.125], "texture": "#0"},
				"south": {"uv": [0, 0, 16, 2.125], "texture": "#0"},
				"west": {"uv": [0, 0, 16, 2.125], "texture": "#0"},
				"up": {"uv": [0, 0, 16, 2.125], "texture": "#0"},
				"down": {"uv": [0, 0, 0.0625, 0.1625], "texture": "#0"}
			}
		},
		{
			"from": [7.938, 2.312, 0.148],
			"to": [8.372, 2.498, 0.954],
			"rotation": {"angle": 0, "axis": "y", "origin": [8.155, 2.405, -1.03]},
			"faces": {
				"north": {"uv": [0, 0, 0.0875, 0.0375], "texture": "#0"},
				"east": {"uv": [0, 0, 16, 2.125], "texture": "#0"},
				"south": {"uv": [0, 0, 16, 2.125], "texture": "#0"},
				"west": {"uv": [0, 0, 16, 2.125], "texture": "#0"},
				"up": {"uv": [0, 0, 0.0875, 0.1625], "texture": "#0"},
				"down": {"uv": [0, 0, 0.0875, 0.1625], "texture": "#0"}
			}
		},
		{
			"from": [8.062, 2.312, -0.286],
			"to": [8.248, 2.498, 3.31],
			"rotation": {"angle": 0, "axis": "y", "origin": [8.155, 2.405, -1.03]},
			"faces": {
				"north": {"uv": [0, 0, 0.0375, 0.0375], "texture": "#0"},
				"east": {"uv": [0, 0, 16, 2.125], "texture": "#0"},
				"south": {"uv": [0, 0, 0.0375, 0.0375], "texture": "#0"},
				"west": {"uv": [0, 0, 16, 2.125], "texture": "#0"},
				"up": {"uv": [0, 0, 16, 2.125], "texture": "#0"},
				"down": {"uv": [0, 0, 0.0375, 0.725], "texture": "#0"}
			}
		},
		{
			"from": [8.124, 2.25, -0.286],
			"to": [8.186, 2.56, 3.31],
			"rotation": {"angle": 0, "axis": "y", "origin": [8.155, 2.405, -1.03]},
			"faces": {
				"north": {"uv": [0, 0, 0.0125, 0.0625], "texture": "#0"},
				"east": {"uv": [0, 0, 16, 2.125], "texture": "#0"},
				"south": {"uv": [0, 0, 0.0625, 0.0125], "rotation": 90, "texture": "#0"},
				"west": {"uv": [0, 0, 16, 2.125], "texture": "#0"},
				"up": {"uv": [0, 0, 16, 2.125], "texture": "#0"},
				"down": {"uv": [0, 0, 0.0125, 0.725], "texture": "#0"}
			}
		},
		{
			"from": [7.8512, 1.8036, 6.813],
			"to": [8.4588, 2.5476, 6.937],
			"rotation": {"angle": 0, "axis": "y", "origin": [8.124, 1.8656, 2.1568]},
			"faces": {
				"north": {"uv": [5.875, 2.125, 16, 3.75], "texture": "#0"},
				"east": {"uv": [5.875, 2.125, 16, 3.75], "texture": "#0"},
				"south": {"uv": [2.875, 1.125, 11.5, 2.125], "texture": "#0"},
				"west": {"uv": [5.875, 2.125, 16, 3.75], "texture": "#0"},
				"up": {"uv": [5.875, 2.125, 16, 3.75], "texture": "#0"},
				"down": {"uv": [5.875, 2.125, 16, 3.75], "texture": "#0"}
			}
		},
		{
			"from": [7.9008, 1.754, 6.813],
			"to": [8.4092, 1.8036, 6.937],
			"rotation": {"angle": 0, "axis": "y", "origin": [8.124, 1.4688, 0.644]},
			"faces": {
				"north": {"uv": [5.875, 2.125, 16, 3.75], "texture": "#0"},
				"east": {"uv": [5.875, 2.125, 16, 3.75], "texture": "#0"},
				"south": {"uv": [2.875, 1.125, 11.5, 2.125], "texture": "#0"},
				"west": {"uv": [5.875, 2.125, 16, 3.75], "texture": "#0"},
				"up": {"uv": [0, 0, 0.05625, 0.0125], "texture": "#0"},
				"down": {"uv": [5.875, 2.125, 16, 3.75], "texture": "#0"}
			}
		},
		{
			"from": [7.9504, 1.7044, 6.813],
			"to": [8.3596, 1.754, 6.937],
			"rotation": {"angle": 0, "axis": "y", "origin": [8.124, 1.4688, 0.644]},
			"faces": {
				"north": {"uv": [5.875, 2.125, 16, 3.75], "texture": "#0"},
				"east": {"uv": [5.875, 2.125, 16, 3.75], "texture": "#0"},
				"south": {"uv": [2.875, 1.125, 11.5, 2.125], "texture": "#0"},
				"west": {"uv": [5.875, 2.125, 16, 3.75], "texture": "#0"},
				"up": {"uv": [0, 0, 0.0125, 0.04375], "rotation": 90, "texture": "#0"},
				"down": {"uv": [5.875, 2.125, 16, 3.75], "texture": "#0"}
			}
		},
		{
			"from": [7.9008, 2.5476, 6.813],
			"to": [8.4092, 2.5972, 6.937],
			"rotation": {"angle": 0, "axis": "y", "origin": [8.124, 1.4688, 0.644]},
			"faces": {
				"north": {"uv": [5.875, 2.125, 16, 3.75], "texture": "#0"},
				"east": {"uv": [5.875, 2.125, 16, 3.75], "texture": "#0"},
				"south": {"uv": [2.875, 1.125, 11.5, 2.125], "texture": "#0"},
				"west": {"uv": [5.875, 2.125, 16, 3.75], "texture": "#0"},
				"up": {"uv": [5.875, 2.125, 16, 3.75], "texture": "#0"},
				"down": {"uv": [0, 0, 0.05625, 0.0125], "texture": "#0"}
			}
		},
		{
			"from": [7.9504, 2.5972, 6.813],
			"to": [8.3596, 2.6468, 6.937],
			"rotation": {"angle": 0, "axis": "y", "origin": [8.124, 1.4688, 0.644]},
			"faces": {
				"north": {"uv": [5.875, 2.125, 16, 3.75], "texture": "#0"},
				"east": {"uv": [5.875, 2.125, 16, 3.75], "texture": "#0"},
				"south": {"uv": [2.875, 1.125, 11.5, 2.125], "texture": "#0"},
				"west": {"uv": [5.875, 2.125, 16, 3.75], "texture": "#0"},
				"up": {"uv": [5.875, 2.125, 16, 3.75], "texture": "#0"},
				"down": {"uv": [0, 0, 0.0125, 0.04375], "rotation": 90, "texture": "#0"}
			}
		},
		{
			"from": [7.9008, 1.754, 3.4216],
			"to": [8.4092, 1.8036, 3.5208],
			"rotation": {"angle": 0, "axis": "y", "origin": [8.124, 1.4688, 0.644]},
			"faces": {
				"north": {"uv": [5.875, 2.125, 16, 3.75], "texture": "#0"},
				"east": {"uv": [5.875, 2.125, 16, 3.75], "texture": "#0"},
				"south": {"uv": [2.875, 1.125, 11.5, 2.125], "texture": "#0"},
				"west": {"uv": [5.875, 2.125, 16, 3.75], "texture": "#0"},
				"up": {"uv": [0, 0, 0.05625, 0.0125], "texture": "#0"},
				"down": {"uv": [5.875, 2.125, 16, 3.75], "texture": "#0"}
			}
		},
		{
			"from": [7.9008, 2.5476, 3.4216],
			"to": [8.4092, 2.5972, 3.5208],
			"rotation": {"angle": 0, "axis": "y", "origin": [8.124, 1.4688, 0.644]},
			"faces": {
				"north": {"uv": [5.875, 2.125, 16, 3.75], "texture": "#0"},
				"east": {"uv": [5.875, 2.125, 16, 3.75], "texture": "#0"},
				"south": {"uv": [2.875, 1.125, 11.5, 2.125], "texture": "#0"},
				"west": {"uv": [5.875, 2.125, 16, 3.75], "texture": "#0"},
				"up": {"uv": [5.875, 2.125, 16, 3.75], "texture": "#0"},
				"down": {"uv": [0, 0, 0.05625, 0.0125], "texture": "#0"}
			}
		},
		{
			"from": [7.9504, 1.7044, 3.4216],
			"to": [8.3596, 1.754, 3.5208],
			"rotation": {"angle": 0, "axis": "y", "origin": [8.124, 1.4688, 0.644]},
			"faces": {
				"north": {"uv": [5.875, 2.125, 16, 3.75], "texture": "#0"},
				"east": {"uv": [5.875, 2.125, 16, 3.75], "texture": "#0"},
				"south": {"uv": [2.875, 1.125, 11.5, 2.125], "texture": "#0"},
				"west": {"uv": [5.875, 2.125, 16, 3.75], "texture": "#0"},
				"up": {"uv": [0, 0, 0.0125, 0.04375], "rotation": 90, "texture": "#0"},
				"down": {"uv": [5.875, 2.125, 16, 3.75], "texture": "#0"}
			}
		},
		{
			"from": [7.8512, 1.8036, 3.4216],
			"to": [8.4588, 2.5476, 3.5208],
			"rotation": {"angle": 0, "axis": "y", "origin": [8.124, 1.8656, 2.1568]},
			"faces": {
				"north": {"uv": [5.875, 2.125, 16, 3.75], "texture": "#0"},
				"east": {"uv": [5.875, 2.125, 16, 3.75], "texture": "#0"},
				"south": {"uv": [2.875, 1.125, 11.5, 2.125], "texture": "#0"},
				"west": {"uv": [5.875, 2.125, 16, 3.75], "texture": "#0"},
				"up": {"uv": [5.875, 2.125, 16, 3.75], "texture": "#0"},
				"down": {"uv": [5.875, 2.125, 16, 3.75], "texture": "#0"}
			}
		},
		{
			"from": [7.9504, 2.5972, 3.4216],
			"to": [8.3596, 2.6468, 3.5208],
			"rotation": {"angle": 0, "axis": "y", "origin": [8.124, 1.4688, 0.644]},
			"faces": {
				"north": {"uv": [5.875, 2.125, 16, 3.75], "texture": "#0"},
				"east": {"uv": [5.875, 2.125, 16, 3.75], "texture": "#0"},
				"south": {"uv": [2.875, 1.125, 11.5, 2.125], "texture": "#0"},
				"west": {"uv": [5.875, 2.125, 16, 3.75], "texture": "#0"},
				"up": {"uv": [5.875, 2.125, 16, 3.75], "texture": "#0"},
				"down": {"uv": [0, 0, 0.0125, 0.04375], "rotation": 90, "texture": "#0"}
			}
		},
		{
			"from": [7.938, 1.75896, 3.527],
			"to": [8.372, 1.81352, 6.813],
			"rotation": {"angle": 0, "axis": "y", "origin": [8.155, 1.54568, -0.72]},
			"faces": {
				"north": {"uv": [0, 0, 0.04375, 0.00625], "texture": "#0"},
				"east": {"uv": [0, 9.5, 7.625, 10.75], "texture": "#0"},
				"south": {"uv": [0, 0, 0.04375, 0.00625], "texture": "#0"},
				"west": {"uv": [0, 8.125, 6.25, 9], "texture": "#0"},
				"up": {"uv": [0, 0, 0.04375, 0.33125], "texture": "#0"},
				"down": {"uv": [0, 9.5, 7.625, 10.75], "texture": "#0"}
			}
		},
		{
			"from": [8, 1.7044, 3.527],
			"to": [8.31, 1.75896, 6.813],
			"rotation": {"angle": 0, "axis": "y", "origin": [8.155, 1.54568, -0.72]},
			"faces": {
				"north": {"uv": [0, 0, 0.00625, 0.03125], "rotation": 270, "texture": "#0"},
				"east": {"uv": [0, 8, 6.75, 9.125], "rotation": 90, "texture": "#0"},
				"south": {"uv": [0, 0, 0.00625, 0.03125], "rotation": 90, "texture": "#0"},
				"west": {"uv": [0, 8, 6.75, 9.125], "rotation": 90, "texture": "#0"},
				"up": {"uv": [0, 0, 0.33125, 0.03125], "rotation": 90, "texture": "#0"},
				"down": {"uv": [0, 8, 6.75, 9.125], "rotation": 90, "texture": "#0"}
			}
		},
		{
			"from": [7.938, 2.5228, 3.527],
			"to": [8.372, 2.57736, 6.813],
			"rotation": {"angle": 0, "axis": "y", "origin": [8.155, 1.54568, -0.72]},
			"faces": {
				"north": {"uv": [0, 0, 0.04375, 0.00625], "texture": "#0"},
				"east": {"uv": [0, 9.5, 7.625, 10.75], "texture": "#0"},
				"south": {"uv": [0, 0, 0.04375, 0.00625], "texture": "#0"},
				"west": {"uv": [0, 8.125, 6.25, 9], "texture": "#0"},
				"up": {"uv": [0, 9.5, 7.625, 10.75], "texture": "#0"},
				"down": {"uv": [0, 0, 0.04375, 0.33125], "texture": "#0"}
			}
		},
		{
			"from": [7.876, 2.43253, 6.937],
			"to": [8.434, 2.5352, 10.843],
			"rotation": {"angle": 0, "axis": "y", "origin": [8.155, 1.49571, -0.72]},
			"faces": {
				"north": {"uv": [0, 0, 0.05625, 0.0125], "texture": "#0"},
				"east": {"uv": [0, 8.5, 15.875, 10.75], "texture": "#0"},
				"south": {"uv": [0, 8.5, 15.875, 10.75], "texture": "#0"},
				"west": {"uv": [0, 8.5, 15.875, 10.75], "texture": "#0"},
				"up": {"uv": [0, 8.5, 15.875, 10.75], "texture": "#0"},
				"down": {"uv": [0, 0, 0.05625, 0.6875], "texture": "#0"}
			}
		},
		{
			"from": [7.938, 1.76516, 6.937],
			"to": [8.372, 1.8165, 8.053],
			"rotation": {"angle": 0, "axis": "y", "origin": [8.155, 7.80148, 8.053]},
			"faces": {
				"north": {"uv": [0, 0.00625, 0.04375, 0.0125], "texture": "#0"},
				"east": {"uv": [9, 10.375, 16, 11.375], "texture": "#0"},
				"south": {"uv": [0, 0.00625, 0.04375, 0.0125], "texture": "#0"},
				"west": {"uv": [9, 10.375, 16, 11.375], "texture": "#0"},
				"up": {"uv": [0, 0.6875, 0.04375, 1.08125], "texture": "#0"},
				"down": {"uv": [9, 10.375, 16, 11.375], "texture": "#0"}
			}
		},
		{
			"from": [7.938, 2.281, 11.24972],
			"to": [8.372, 2.31696, 13.27588],
			"rotation": {"angle": 0, "axis": "y", "origin": [8.155, 2.04837, 12.57758]},
			"faces": {
				"north": {"uv": [0, 0.0375, 0.04375, 0.05625], "texture": "#0"},
				"east": {"uv": [8.875, 5.75, 15.875, 6.5], "texture": "#0"},
				"south": {"uv": [0, 0.0375, 0.04375, 0.05625], "texture": "#0"},
				"west": {"uv": [0, 0.0375, 0.26875, 0.05625], "texture": "#0"},
				"up": {"uv": [8.875, 5.75, 15.875, 6.5], "texture": "#0"},
				"down": {"uv": [0, 0.6875, 0.04375, 0.95625], "texture": "#0"}
			}
		},
		{
			"from": [7.938, 2.281, 11.18772],
			"to": [8.31, 2.405, 13.21388],
			"rotation": {"angle": 0, "axis": "y", "origin": [8.155, 2.04837, 12.57758]},
			"faces": {
				"north": {"uv": [0, 0.0375, 0.04375, 0.05625], "texture": "#0"},
				"east": {"uv": [8.875, 5.75, 15.875, 6.5], "texture": "#0"},
				"south": {"uv": [0, 0.0375, 0.04375, 0.05625], "texture": "#0"},
				"west": {"uv": [8.875, 5.75, 15.875, 6.5], "texture": "#0"},
				"up": {"uv": [0, 0.6875, 0.04375, 0.95625], "texture": "#0"},
				"down": {"uv": [0, 0.6875, 0.04375, 0.95625], "texture": "#0"}
			}
		},
		{
			"from": [7.938, 2.405, 11.24972],
			"to": [8.372, 2.44096, 13.15188],
			"rotation": {"angle": 0, "axis": "y", "origin": [8.155, 2.04837, 12.57758]},
			"faces": {
				"north": {"uv": [0, 0.0375, 0.04375, 0.05625], "texture": "#0"},
				"east": {"uv": [8.875, 5.75, 15.875, 6.5], "texture": "#0"},
				"south": {"uv": [0, 0.0375, 0.04375, 0.05625], "texture": "#0"},
				"west": {"uv": [8.875, 5.75, 15.875, 6.5], "texture": "#0"},
				"up": {"uv": [0, 6.5, 15.875, 8], "rotation": 90, "texture": "#0"},
				"down": {"uv": [8.875, 5.75, 15.875, 6.5], "texture": "#0"}
			}
		},
		{
			"from": [8.434, 2.281, 9.603],
			"to": [8.496, 2.38764, 11.277],
			"rotation": {"angle": 0, "axis": "y", "origin": [8.155, 8.32393, 7.433]},
			"faces": {
				"north": {"uv": [6.5, 3.75, 7.5, 4.75], "texture": "#0"},
				"east": {"uv": [0, 3.75, 7.5, 4.75], "texture": "#0"},
				"south": {"uv": [0, 0.0375, 0.0125, 0.05], "texture": "#0"},
				"west": {"uv": [0, 0.0375, 0.16875, 0.05], "texture": "#0"},
				"up": {"uv": [0, 3.75, 7.5, 4.75], "texture": "#0"},
				"down": {"uv": [0, 3.75, 7.5, 4.75], "texture": "#0"}
			}
		},
		{
			"from": [8.372, 2.281, 11.277],
			"to": [8.496, 2.38764, 11.711],
			"rotation": {"angle": 0, "axis": "y", "origin": [8.155, 8.32393, 7.433]},
			"faces": {
				"north": {"uv": [0, 0.0375, 0.01563, 0.05], "texture": "#0"},
				"east": {"uv": [0, 3.75, 7.5, 4.75], "texture": "#0"},
				"south": {"uv": [0, 3.75, 7.5, 4.75], "texture": "#0"},
				"west": {"uv": [0, 0.0375, 0.04375, 0.05], "texture": "#0"},
				"up": {"uv": [0, 3.75, 7.5, 4.75], "texture": "#0"},
				"down": {"uv": [0, 3.75, 7.5, 4.75], "texture": "#0"}
			}
		},
		{
			"from": [8.496, 2.281, 11.649],
			"to": [8.558, 2.38764, 11.711],
			"rotation": {"angle": 0, "axis": "y", "origin": [8.155, 8.32393, 7.433]},
			"faces": {
				"north": {"uv": [0, 3.75, 7.5, 4.75], "texture": "#0"},
				"east": {"uv": [0, 3.75, 7.5, 4.75], "texture": "#0"},
				"south": {"uv": [0, 3.75, 7.5, 4.75], "texture": "#0"},
				"west": {"uv": [0, 0.0375, 0.04375, 0.05], "texture": "#0"},
				"up": {"uv": [0, 3.75, 7.5, 4.75], "texture": "#0"},
				"down": {"uv": [0, 3.75, 7.5, 4.75], "texture": "#0"}
			}
		},
		{
			"from": [8.372, 2.38764, 11.277],
			"to": [8.496, 2.49428, 11.463],
			"rotation": {"angle": 0, "axis": "y", "origin": [8.155, 8.32393, 7.433]},
			"faces": {
				"north": {"uv": [0, 3.75, 7.5, 4.75], "texture": "#0"},
				"east": {"uv": [0, 3.75, 7.5, 4.75], "texture": "#0"},
				"south": {"uv": [0, 3.75, 7.5, 4.75], "texture": "#0"},
				"west": {"uv": [0, 3.75, 7.5, 4.75], "texture": "#0"},
				"up": {"uv": [0, 3.75, 7.5, 4.75], "texture": "#0"},
				"down": {"uv": [0, 0.6875, 0.01563, 0.70625], "texture": "#0"}
			}
		},
		{
			"from": [8.31, 2.2996, 9.479],
			"to": [8.434, 2.3926, 9.634],
			"rotation": {"angle": 45, "axis": "y", "origin": [8.434, 2.343, 9.541]},
			"faces": {
				"north": {"uv": [0, 0.0375, 0.0125, 0.04688], "texture": "#0"},
				"east": {"uv": [6.5, 3.75, 7.5, 4.75], "texture": "#0"},
				"south": {"uv": [6.5, 3.75, 7.5, 4.75], "texture": "#0"},
				"west": {"uv": [0, 0.0375, 0.01563, 0.04688], "texture": "#0"},
				"up": {"uv": [6.5, 3.75, 7.5, 4.75], "texture": "#0"},
				"down": {"uv": [0, 0.6875, 0.0125, 0.70312], "texture": "#0"}
			}
		},
		{
			"from": [7.938, 2.66643, 12.68653],
			"to": [8.372, 2.82639, 13.04861],
			"rotation": {"angle": 45, "axis": "x", "origin": [8.155, 2.04837, 12.57758]},
			"faces": {
				"north": {"uv": [0, 0.0375, 0.04375, 0.05625], "texture": "#0"},
				"east": {"uv": [8.875, 5.75, 15.875, 6.5], "texture": "#0"},
				"south": {"uv": [0, 0.0375, 0.04375, 0.05625], "texture": "#0"},
				"west": {"uv": [8.875, 5.75, 15.875, 6.5], "texture": "#0"},
				"up": {"uv": [8.875, 5.75, 15.875, 6.5], "texture": "#0"},
				"down": {"uv": [0, 0.6875, 0.04375, 0.74375], "texture": "#0"}
			}
		},
		{
			"from": [7.938, 2.37896, 10.79588],
			"to": [8.372, 2.53892, 11.32164],
			"rotation": {"angle": 0, "axis": "y", "origin": [8.155, 2.04837, 12.45358]},
			"faces": {
				"north": {"uv": [0, 0.0375, 0.04375, 0.05625], "texture": "#0"},
				"east": {"uv": [8.875, 5.75, 15.875, 6.5], "texture": "#0"},
				"south": {"uv": [8.875, 5.75, 15.875, 6.5], "texture": "#0"},
				"west": {"uv": [8.875, 5.75, 15.875, 6.5], "texture": "#0"},
				"up": {"uv": [8.875, 5.75, 15.875, 6.5], "texture": "#0"},
				"down": {"uv": [0, 0.6875, 0.04375, 0.9875], "texture": "#0"}
			}
		},
		{
			"from": [8, 2.529, 10.79588],
			"to": [8.31, 2.6406, 11.32164],
			"rotation": {"angle": 0, "axis": "y", "origin": [8.155, 2.04837, 12.45358]},
			"faces": {
				"north": {"uv": [0, 0.0375, 0.04375, 0.05625], "texture": "#0"},
				"east": {"uv": [8.875, 5.75, 15.875, 6.5], "texture": "#0"},
				"south": {"uv": [8.875, 5.75, 15.875, 6.5], "texture": "#0"},
				"west": {"uv": [8.875, 5.75, 15.875, 6.5], "texture": "#0"},
				"up": {"uv": [8.875, 5.75, 15.875, 6.5], "texture": "#0"},
				"down": {"uv": [0, 0.6875, 0.04375, 0.9875], "texture": "#0"}
			}
		},
		{
			"from": [8, 2.529, 12.53188],
			"to": [8.31, 2.6406, 13.05764],
			"rotation": {"angle": 0, "axis": "y", "origin": [8.155, 2.04837, 12.63958]},
			"faces": {
				"north": {"uv": [0, 6.5, 15.875, 8], "rotation": 90, "texture": "#0"},
				"east": {"uv": [0, 6.5, 15.875, 8], "rotation": 90, "texture": "#0"},
				"south": {"uv": [0, 6.5, 15.875, 8], "rotation": 90, "texture": "#0"},
				"west": {"uv": [0, 6.5, 15.875, 8], "rotation": 90, "texture": "#0"},
				"up": {"uv": [0, 6.5, 15.875, 8], "rotation": 90, "texture": "#0"},
				"down": {"uv": [0, 0.6875, 0.04375, 0.9875], "texture": "#0"}
			}
		},
		{
			"from": [7.938, 2.44096, 12.28388],
			"to": [8.372, 2.52776, 13.24364],
			"rotation": {"angle": 0, "axis": "y", "origin": [8.155, 2.04837, 12.45358]},
			"faces": {
				"north": {"uv": [0, 6.5, 15.875, 8], "rotation": 90, "texture": "#0"},
				"east": {"uv": [8.875, 5.75, 15.875, 6.5], "texture": "#0"},
				"south": {"uv": [0, 6.5, 15.875, 8], "rotation": 90, "texture": "#0"},
				"west": {"uv": [8.875, 5.75, 15.875, 6.5], "texture": "#0"},
				"up": {"uv": [0, 6.5, 15.875, 8], "rotation": 90, "texture": "#0"},
				"down": {"uv": [0, 0.6875, 0.04375, 0.9875], "texture": "#0"}
			}
		},
		{
			"from": [7.938, 2.62696, 12.96588],
			"to": [8.372, 2.72492, 13.05764],
			"rotation": {"angle": 0, "axis": "y", "origin": [8.155, 2.04837, 12.63958]},
			"faces": {
				"north": {"uv": [0, 6.5, 15.875, 8], "rotation": 90, "texture": "#0"},
				"east": {"uv": [0, 6.5, 15.875, 8], "rotation": 90, "texture": "#0"},
				"south": {"uv": [0, 6.5, 15.875, 8], "rotation": 90, "texture": "#0"},
				"west": {"uv": [0, 6.5, 15.875, 8], "rotation": 90, "texture": "#0"},
				"up": {"uv": [0, 6.5, 15.875, 8], "rotation": 90, "texture": "#0"},
				"down": {"uv": [0, 0.6875, 0.04375, 0.9875], "texture": "#0"}
			}
		},
		{
			"from": [8, 2.69206, 12.96278],
			"to": [8.062, 2.90782, 12.99874],
			"rotation": {"angle": -22.5, "axis": "x", "origin": [7.969, 2.70694, 12.91876]},
			"faces": {
				"north": {"uv": [0, 6.5, 15.875, 8], "rotation": 90, "texture": "#0"},
				"east": {"uv": [0, 6.5, 15.875, 8], "rotation": 90, "texture": "#0"},
				"south": {"uv": [10.375, 3.75, 16, 4.625], "texture": "#0"},
				"west": {"uv": [0, 6.5, 15.875, 8], "rotation": 90, "texture": "#0"},
				"up": {"uv": [0, 0.0375, 0.04375, 0.05625], "rotation": 180, "texture": "#0"},
				"down": {"uv": [0, 0.0375, 0.04375, 0.05625], "texture": "#0"}
			}
		},
		{
			"from": [8, 2.87806, 12.96278],
			"to": [8.31, 2.96982, 13.06074],
			"rotation": {"angle": -22.5, "axis": "x", "origin": [7.969, 2.70694, 12.91876]},
			"faces": {
				"north": {"uv": [0, 6.5, 15.875, 8], "rotation": 90, "texture": "#0"},
				"east": {"uv": [0, 6.5, 15.875, 8], "rotation": 90, "texture": "#0"},
				"south": {"uv": [0, 6.5, 15.875, 8], "rotation": 90, "texture": "#0"},
				"west": {"uv": [0, 6.5, 15.875, 8], "rotation": 90, "texture": "#0"},
				"up": {"uv": [0, 6.5, 15.875, 8], "rotation": 90, "texture": "#0"},
				"down": {"uv": [0, 6.5, 15.875, 8], "rotation": 90, "texture": "#0"}
			}
		},
		{
			"from": [8.248, 2.69206, 12.96278],
			"to": [8.31, 2.90782, 12.99874],
			"rotation": {"angle": -22.5, "axis": "x", "origin": [7.969, 2.70694, 12.91876]},
			"faces": {
				"north": {"uv": [0, 6.5, 15.875, 8], "rotation": 90, "texture": "#0"},
				"east": {"uv": [0, 6.5, 15.875, 8], "rotation": 90, "texture": "#0"},
				"south": {"uv": [10.375, 3.75, 16, 4.625], "texture": "#0"},
				"west": {"uv": [0, 6.5, 15.875, 8], "rotation": 90, "texture": "#0"},
				"up": {"uv": [0, 0.0375, 0.04375, 0.05625], "rotation": 180, "texture": "#0"},
				"down": {"uv": [0, 0.0375, 0.04375, 0.05625], "texture": "#0"}
			}
		},
		{
			"from": [7.876, 1.71382, 8.053],
			"to": [8.434, 2.43253, 11.277],
			"rotation": {"angle": 0, "axis": "y", "origin": [8.155, 7.80148, 7.557]},
			"faces": {
				"north": {"uv": [10.5, 11.375, 15.875, 14.5], "texture": "#0"},
				"east": {"uv": [4.5, 8.75, 9.875, 11.875], "texture": "#0"},
				"south": {"uv": [10.5, 11.375, 15.875, 14.5], "texture": "#0"},
				"west": {"uv": [4.5, 8.75, 9.875, 11.875], "texture": "#0"},
				"up": {"uv": [10.5, 11.375, 15.875, 14.5], "texture": "#0"},
				"down": {"uv": [10.5, 11.375, 15.875, 14.5], "texture": "#0"}
			}
		},
		{
			"from": [7.938, 1.53452, 11.24972],
			"to": [8.372, 1.58784, 13.44948],
			"rotation": {"angle": 0, "axis": "y", "origin": [8.155, 2.04837, 12.45358]},
			"faces": {
				"north": {"uv": [0, 12.25, 16, 13.375], "texture": "#0"},
				"east": {"uv": [0, 12.25, 16, 13.375], "texture": "#0"},
				"south": {"uv": [0, 0.00625, 0.04375, 0.0125], "texture": "#0"},
				"west": {"uv": [0, 12.25, 16, 13.375], "texture": "#0"},
				"up": {"uv": [0, 0.6875, 0.04375, 0.9875], "texture": "#0"},
				"down": {"uv": [0, 12.25, 16, 13.375], "texture": "#0"}
			}
		},
		{
			"from": [7.876, 1.46384, 13.41972],
			"to": [8.434, 2.157, 13.82148],
			"rotation": {"angle": 0, "axis": "y", "origin": [8.155, 1.81588, 13.6206]},
			"faces": {
				"north": {"uv": [0, 8, 2.25, 11.375], "texture": "#0"},
				"east": {"uv": [0, 8, 2.25, 11.375], "texture": "#0"},
				"south": {"uv": [0, 8, 2.25, 11.375], "texture": "#0"},
				"west": {"uv": [0, 8, 2.25, 11.375], "texture": "#0"},
				"up": {"uv": [0, 8, 2.25, 11.375], "texture": "#0"},
				"down": {"uv": [0, 8, 2.25, 11.375], "texture": "#0"}
			}
		},
		{
			"from": [7.938, 1.96852, 13.79172],
			"to": [8.372, 2.04292, 16.73548],
			"rotation": {"angle": 0, "axis": "y", "origin": [8.155, 1.81588, 13.6206]},
			"faces": {
				"north": {"uv": [0, 0.00625, 0.04375, 0.0125], "texture": "#0"},
				"east": {"uv": [3, 11.5, 15.5, 12.625], "texture": "#0"},
				"south": {"uv": [3, 11.5, 15.5, 12.625], "texture": "#0"},
				"west": {"uv": [3, 11.5, 15.5, 12.625], "texture": "#0"},
				"up": {"uv": [3, 11.5, 15.5, 12.625], "texture": "#0"},
				"down": {"uv": [0, 0.6875, 0.04375, 0.9875], "texture": "#0"}
			}
		},
		{
			"from": [7.938, 0.97652, 14.22572],
			"to": [8.372, 1.02984, 15.24748],
			"rotation": {"angle": 0, "axis": "y", "origin": [8.155, 1.81588, 13.6206]},
			"faces": {
				"north": {"uv": [0, 0.00625, 0.04375, 0.0125], "texture": "#0"},
				"east": {"uv": [0, 0.00625, 0.3, 0.0125], "texture": "#0"},
				"south": {"uv": [0, 0.00625, 0.04375, 0.0125], "texture": "#0"},
				"west": {"uv": [0, 0.00625, 0.3, 0.0125], "texture": "#0"},
				"up": {"uv": [0, 0.6875, 0.04375, 0.9875], "texture": "#0"},
				"down": {"uv": [0, 0.6875, 0.04375, 0.9875], "texture": "#0"}
			}
		},
		{
			"from": [8, 0.9232, 14.22572],
			"to": [8.31, 0.97652, 15.24748],
			"rotation": {"angle": 0, "axis": "y", "origin": [8.155, 1.81588, 13.6206]},
			"faces": {
				"north": {"uv": [0.00625, 0, 0.0125, 0.03125], "rotation": 270, "texture": "#0"},
				"east": {"uv": [0.00625, 0, 0.0125, 0.3], "rotation": 90, "texture": "#0"},
				"south": {"uv": [0.00625, 0, 0.0125, 0.03125], "rotation": 90, "texture": "#0"},
				"west": {"uv": [0.00625, 0, 0.0125, 0.3], "rotation": 90, "texture": "#0"},
				"up": {"uv": [0.6875, 0, 0.9875, 0.03125], "rotation": 90, "texture": "#0"},
				"down": {"uv": [0.6875, 0, 0.9875, 0.03125], "rotation": 90, "texture": "#0"}
			}
		},
		{
			"from": [7.876, 1.02984, 14.22572],
			"to": [8.434, 1.971, 15.24748],
			"rotation": {"angle": 0, "axis": "y", "origin": [8.155, 1.81588, 13.6206]},
			"faces": {
				"north": {"uv": [0, 0.0375, 0.05625, 0.11875], "texture": "#0"},
				"east": {"uv": [0, 0.0375, 0.3, 0.11875], "texture": "#0"},
				"south": {"uv": [0, 0.0375, 0.05625, 0.11875], "texture": "#0"},
				"west": {"uv": [0, 0.0375, 0.3, 0.11875], "texture": "#0"},
				"up": {"uv": [0, 0.6875, 0.05625, 0.9875], "texture": "#0"},
				"down": {"uv": [0, 0.6875, 0.05625, 0.9875], "texture": "#0"}
			}
		},
		{
			"from": [8, 0.9232, 14.22572],
			"to": [8.31, 0.97652, 15.24748],
			"rotation": {"angle": 0, "axis": "y", "origin": [8.155, 1.81588, 13.6206]},
			"faces": {
				"north": {"uv": [9.875, 13.125, 14.75, 14.125], "texture": "#0"},
				"east": {"uv": [9.875, 13.125, 14.75, 14.125], "texture": "#0"},
				"south": {"uv": [0.00625, 0, 0.0125, 0.03125], "rotation": 90, "texture": "#0"},
				"west": {"uv": [9.875, 13.125, 14.75, 14.125], "texture": "#0"},
				"up": {"uv": [0.6875, 0, 0.9875, 0.03125], "rotation": 90, "texture": "#0"},
				"down": {"uv": [9.875, 13.125, 14.75, 14.125], "texture": "#0"}
			}
		},
		{
			"from": [7.876, 0.96784, 15.21772],
			"to": [8.434, 1.971, 16.73548],
			"rotation": {"angle": 0, "axis": "y", "origin": [8.155, 1.81588, 13.6206]},
			"faces": {
				"north": {"uv": [0, 0.0375, 0.05625, 0.11875], "texture": "#0"},
				"east": {"uv": [8, 11.75, 11.625, 14.125], "texture": "#0"},
				"south": {"uv": [8, 11.75, 11.625, 14.125], "texture": "#0"},
				"west": {"uv": [8, 11.75, 11.625, 14.125], "texture": "#0"},
				"up": {"uv": [8, 11.75, 11.625, 14.125], "texture": "#0"},
				"down": {"uv": [8, 11.75, 11.625, 14.125], "texture": "#0"}
			}
		},
		{
			"from": [7.938, 0.91452, 15.21772],
			"to": [8.372, 1.02984, 16.73548],
			"rotation": {"angle": 0, "axis": "y", "origin": [8.155, 1.81588, 13.6206]},
			"faces": {
				"north": {"uv": [0, 0.00625, 0.04375, 0.0125], "texture": "#0"},
				"east": {"uv": [2.875, 13.875, 6.5, 14.5], "texture": "#0"},
				"south": {"uv": [2.875, 13.875, 6.5, 14.5], "texture": "#0"},
				"west": {"uv": [2.875, 13.875, 6.5, 14.5], "texture": "#0"},
				"up": {"uv": [0, 0.6875, 0.04375, 0.9875], "texture": "#0"},
				"down": {"uv": [2.875, 13.875, 6.5, 14.5], "texture": "#0"}
			}
		},
		{
			"from": [8, 0.8612, 15.21772],
			"to": [8.31, 0.97652, 16.73548],
			"rotation": {"angle": 0, "axis": "y", "origin": [8.155, 1.81588, 13.6206]},
			"faces": {
				"north": {"uv": [0.00625, 0, 0.0125, 0.03125], "rotation": 270, "texture": "#0"},
				"east": {"uv": [9.75, 13.75, 13.375, 14.375], "texture": "#0"},
				"south": {"uv": [9.75, 13.75, 13.375, 14.375], "texture": "#0"},
				"west": {"uv": [9.75, 13.75, 13.375, 14.375], "texture": "#0"},
				"up": {"uv": [0.6875, 0, 0.9875, 0.03125], "rotation": 90, "texture": "#0"},
				"down": {"uv": [9.75, 13.75, 13.375, 14.375], "texture": "#0"}
			}
		},
		{
			"from": [7.938, 0.97652, 14.22572],
			"to": [8.372, 1.02984, 15.24748],
			"rotation": {"angle": 0, "axis": "y", "origin": [8.155, 1.81588, 13.6206]},
			"faces": {
				"north": {"uv": [9.75, 11.875, 14.625, 12.875], "texture": "#0"},
				"east": {"uv": [9.75, 11.875, 14.625, 12.875], "texture": "#0"},
				"south": {"uv": [0, 0.00625, 0.04375, 0.0125], "texture": "#0"},
				"west": {"uv": [9.75, 11.875, 14.625, 12.875], "texture": "#0"},
				"up": {"uv": [0, 0.6875, 0.04375, 0.9875], "texture": "#0"},
				"down": {"uv": [9.75, 11.875, 14.625, 12.875], "texture": "#0"}
			}
		},
		{
			"from": [7.876, 1.02984, 14.22572],
			"to": [8.434, 1.971, 15.24748],
			"rotation": {"angle": 0, "axis": "y", "origin": [8.155, 1.81588, 13.6206]},
			"faces": {
				"north": {"uv": [8.75, 11.375, 11, 14.5], "texture": "#0"},
				"east": {"uv": [8.75, 11.375, 11, 14.5], "texture": "#0"},
				"south": {"uv": [0, 0.0375, 0.05625, 0.11875], "texture": "#0"},
				"west": {"uv": [8.75, 11.375, 11, 14.5], "texture": "#0"},
				"up": {"uv": [8.75, 11.375, 11, 14.5], "texture": "#0"},
				"down": {"uv": [8.75, 11.375, 11, 14.5], "texture": "#0"}
			}
		},
		{
			"from": [7.938, 1.22452, 13.79172],
			"to": [8.372, 1.27784, 14.25548],
			"rotation": {"angle": 0, "axis": "y", "origin": [8.155, 1.81588, 13.6206]},
			"faces": {
				"north": {"uv": [3, 11.5, 7.125, 12.625], "texture": "#0"},
				"east": {"uv": [3, 11.5, 7.125, 12.625], "texture": "#0"},
				"south": {"uv": [0, 0.00625, 0.04375, 0.0125], "texture": "#0"},
				"west": {"uv": [3, 11.5, 7.125, 12.625], "texture": "#0"},
				"up": {"uv": [0, 0.6875, 0.04375, 0.9875], "texture": "#0"},
				"down": {"uv": [3, 11.5, 7.125, 12.625], "texture": "#0"}
			}
		},
		{
			"from": [8, 2.0392, 13.79172],
			"to": [8.31, 2.1012, 16.73548],
			"rotation": {"angle": 0, "axis": "y", "origin": [8.155, 1.81588, 13.6206]},
			"faces": {
				"north": {"uv": [0.00625, 0, 0.0125, 0.03125], "rotation": 270, "texture": "#0"},
				"east": {"uv": [3, 12.375, 15.5, 13.5], "texture": "#0"},
				"south": {"uv": [3, 12.375, 15.5, 13.5], "texture": "#0"},
				"west": {"uv": [3, 12.375, 15.5, 13.5], "texture": "#0"},
				"up": {"uv": [3, 12.375, 15.5, 13.5], "texture": "#0"},
				"down": {"uv": [0.6875, 0, 0.9875, 0.03125], "rotation": 90, "texture": "#0"}
			}
		},
		{
			"from": [8, 1.1712, 13.79172],
			"to": [8.31, 1.22452, 14.25548],
			"rotation": {"angle": 0, "axis": "y", "origin": [8.155, 1.81588, 13.6206]},
			"faces": {
				"north": {"uv": [3.375, 12.875, 7.5, 14], "texture": "#0"},
				"east": {"uv": [3.375, 12.875, 7.5, 14], "texture": "#0"},
				"south": {"uv": [0.00625, 0, 0.0125, 0.03125], "rotation": 90, "texture": "#0"},
				"west": {"uv": [3.375, 12.875, 7.5, 14], "texture": "#0"},
				"up": {"uv": [0.6875, 0, 0.9875, 0.03125], "rotation": 90, "texture": "#0"},
				"down": {"uv": [3.375, 12.875, 7.5, 14], "texture": "#0"}
			}
		},
		{
			"from": [7.876, 1.27784, 13.79172],
			"to": [8.434, 1.971, 14.25548],
			"rotation": {"angle": 0, "axis": "y", "origin": [8.155, 1.81588, 13.6206]},
			"faces": {
				"north": {"uv": [3, 8, 5.25, 11.375], "texture": "#0"},
				"east": {"uv": [3, 8, 5.25, 11.375], "texture": "#0"},
				"south": {"uv": [0, 0.0375, 0.05625, 0.11875], "texture": "#0"},
				"west": {"uv": [3, 8, 5.25, 11.375], "texture": "#0"},
				"up": {"uv": [3, 8, 5.25, 11.375], "texture": "#0"},
				"down": {"uv": [3, 8, 5.25, 11.375], "texture": "#0"}
			}
		},
		{
			"from": [8, 1.3572, 13.41972],
			"to": [8.31, 1.41052, 13.82148],
			"rotation": {"angle": 0, "axis": "y", "origin": [8.155, 1.81588, 13.6206]},
			"faces": {
				"north": {"uv": [6.375, 11.5, 14.75, 12.5], "rotation": 90, "texture": "#0"},
				"east": {"uv": [6.375, 11.5, 14.75, 12.5], "rotation": 90, "texture": "#0"},
				"south": {"uv": [0.00625, 0, 0.0125, 0.03125], "rotation": 90, "texture": "#0"},
				"west": {"uv": [6.375, 11.5, 14.75, 12.5], "rotation": 90, "texture": "#0"},
				"up": {"uv": [0.6875, 0, 0.9875, 0.03125], "rotation": 90, "texture": "#0"},
				"down": {"uv": [6.375, 11.5, 14.75, 12.5], "rotation": 90, "texture": "#0"}
			}
		},
		{
			"from": [8, 2.2252, 13.41972],
			"to": [8.31, 2.2872, 13.82148],
			"rotation": {"angle": 0, "axis": "y", "origin": [8.155, 1.81588, 13.6206]},
			"faces": {
				"north": {"uv": [0.00625, 0, 0.0125, 0.03125], "rotation": 270, "texture": "#0"},
				"east": {"uv": [6.375, 11.5, 14.75, 12.5], "rotation": 90, "texture": "#0"},
				"south": {"uv": [6.375, 11.5, 14.75, 12.5], "rotation": 90, "texture": "#0"},
				"west": {"uv": [6.375, 11.5, 14.75, 12.5], "rotation": 90, "texture": "#0"},
				"up": {"uv": [6.375, 11.5, 14.75, 12.5], "rotation": 90, "texture": "#0"},
				"down": {"uv": [0.6875, 0, 0.9875, 0.03125], "rotation": 90, "texture": "#0"}
			}
		},
		{
			"from": [7.938, 1.41052, 13.41972],
			"to": [8.372, 1.46384, 13.82148],
			"rotation": {"angle": 0, "axis": "y", "origin": [8.155, 1.81588, 13.6206]},
			"faces": {
				"north": {"uv": [0, 11.5, 8.25, 12.625], "texture": "#0"},
				"east": {"uv": [0, 11.5, 8.25, 12.625], "texture": "#0"},
				"south": {"uv": [0, 0.00625, 0.04375, 0.0125], "texture": "#0"},
				"west": {"uv": [0, 11.5, 8.25, 12.625], "texture": "#0"},
				"up": {"uv": [0, 0.6875, 0.04375, 0.9875], "texture": "#0"},
				"down": {"uv": [0, 11.5, 8.25, 12.625], "texture": "#0"}
			}
		},
		{
			"from": [7.938, 2.15452, 13.41972],
			"to": [8.372, 2.22892, 13.82148],
			"rotation": {"angle": 0, "axis": "y", "origin": [8.155, 1.81588, 13.6206]},
			"faces": {
				"north": {"uv": [0, 0.00625, 0.04375, 0.0125], "texture": "#0"},
				"east": {"uv": [0, 11.5, 8.25, 12.625], "texture": "#0"},
				"south": {"uv": [0, 11.5, 8.25, 12.625], "texture": "#0"},
				"west": {"uv": [0, 11.5, 8.25, 12.625], "texture": "#0"},
				"up": {"uv": [0, 11.5, 8.25, 12.625], "texture": "#0"},
				"down": {"uv": [0, 0.6875, 0.04375, 0.9875], "texture": "#0"}
			}
		},
		{
			"from": [8, 1.4812, 11.24972],
			"to": [8.31, 1.53452, 13.44948],
			"rotation": {"angle": 0, "axis": "y", "origin": [8.155, 2.04837, 12.45358]},
			"faces": {
				"north": {"uv": [0, 13.375, 16, 14.5], "texture": "#0"},
				"east": {"uv": [0, 13.375, 16, 14.5], "texture": "#0"},
				"south": {"uv": [0.00625, 0, 0.0125, 0.03125], "rotation": 90, "texture": "#0"},
				"west": {"uv": [0, 13.375, 16, 14.5], "texture": "#0"},
				"up": {"uv": [0.6875, 0, 0.9875, 0.03125], "rotation": 90, "texture": "#0"},
				"down": {"uv": [0, 13.375, 16, 14.5], "texture": "#0"}
			}
		},
		{
			"from": [8.062, 1.4192, 11.24972],
			"to": [8.248, 1.53452, 12.51948],
			"rotation": {"angle": 0, "axis": "y", "origin": [8.155, 2.04837, 12.45358]},
			"faces": {
				"north": {"uv": [8.875, 5.75, 15.875, 6.5], "texture": "#0"},
				"east": {"uv": [8.875, 5.75, 15.875, 6.5], "texture": "#0"},
				"south": {"uv": [0.00625, 0, 0.0125, 0.03125], "rotation": 90, "texture": "#0"},
				"west": {"uv": [8.875, 5.75, 15.875, 6.5], "texture": "#0"},
				"up": {"uv": [0.6875, 0, 0.9875, 0.03125], "rotation": 90, "texture": "#0"},
				"down": {"uv": [8.875, 5.75, 15.875, 6.5], "texture": "#0"}
			}
		},
		{
			"from": [8.062, 0.77998, 12.44694],
			"to": [8.248, 1.30574, 12.50026],
			"rotation": {"angle": -22.5, "axis": "x", "origin": [8.093, 1.47686, 11.8846]},
			"faces": {
				"north": {"uv": [0, 14.5, 6.25, 16], "rotation": 180, "texture": "#0"},
				"east": {"uv": [0, 14.5, 6.25, 16], "rotation": 180, "texture": "#0"},
				"south": {"uv": [0, 14.5, 6.25, 16], "rotation": 180, "texture": "#0"},
				"west": {"uv": [0, 14.5, 6.25, 16], "rotation": 180, "texture": "#0"},
				"up": {"uv": [0.00625, 0, 0.0125, 0.03125], "rotation": 90, "texture": "#0"},
				"down": {"uv": [0.00625, 0, 0.0125, 0.03125], "rotation": 90, "texture": "#0"}
			}
		},
		{
			"from": [8.124, 0.9852, 12.61372],
			"to": [8.186, 1.10052, 13.26348],
			"rotation": {"angle": 0, "axis": "y", "origin": [8.155, 2.05036, 12.3186]},
			"faces": {
				"north": {"uv": [0, 14.5, 6.25, 16], "rotation": 180, "texture": "#0"},
				"east": {"uv": [0, 14.5, 6.25, 16], "rotation": 180, "texture": "#0"},
				"south": {"uv": [0, 14.5, 6.25, 16], "rotation": 180, "texture": "#0"},
				"west": {"uv": [0, 14.5, 6.25, 16], "rotation": 180, "texture": "#0"},
				"up": {"uv": [0, 14.5, 6.25, 16], "rotation": 180, "texture": "#0"},
				"down": {"uv": [0, 14.5, 6.25, 16], "rotation": 180, "texture": "#0"}
			}
		},
		{
			"from": [8.062, 1.0472, 12.61372],
			"to": [8.248, 1.10052, 13.26348],
			"rotation": {"angle": 0, "axis": "y", "origin": [8.155, 2.05036, 12.3186]},
			"faces": {
				"north": {"uv": [0, 14.5, 6.25, 16], "rotation": 180, "texture": "#0"},
				"east": {"uv": [0, 14.5, 6.25, 16], "rotation": 180, "texture": "#0"},
				"south": {"uv": [0, 14.5, 6.25, 16], "rotation": 180, "texture": "#0"},
				"west": {"uv": [0, 14.5, 6.25, 16], "rotation": 180, "texture": "#0"},
				"up": {"uv": [0, 14.5, 6.25, 16], "rotation": 180, "texture": "#0"},
				"down": {"uv": [0, 14.5, 6.25, 16], "rotation": 180, "texture": "#0"}
			}
		},
		{
			"from": [8.124, 0.77998, 12.38494],
			"to": [8.186, 1.30574, 12.50026],
			"rotation": {"angle": -22.5, "axis": "x", "origin": [8.093, 1.47686, 11.8846]},
			"faces": {
				"north": {"uv": [0, 14.5, 6.25, 16], "rotation": 180, "texture": "#0"},
				"east": {"uv": [0, 14.5, 6.25, 16], "rotation": 180, "texture": "#0"},
				"south": {"uv": [0, 14.5, 6.25, 16], "rotation": 180, "texture": "#0"},
				"west": {"uv": [0, 14.5, 6.25, 16], "rotation": 180, "texture": "#0"},
				"up": {"uv": [0.00625, 0, 0.0125, 0.03125], "rotation": 90, "texture": "#0"},
				"down": {"uv": [0.00625, 0, 0.0125, 0.03125], "rotation": 90, "texture": "#0"}
			}
		},
		{
			"from": [8.062, 1.94382, 16.53619],
			"to": [8.248, 2.46958, 16.58951],
			"rotation": {"angle": 22.5, "axis": "x", "origin": [8.093, 10.0187, 12.59485]},
			"faces": {
				"north": {"uv": [0, 14.5, 6.25, 16], "rotation": 180, "texture": "#0"},
				"east": {"uv": [0, 14.5, 6.25, 16], "rotation": 180, "texture": "#0"},
				"south": {"uv": [0, 14.5, 6.25, 16], "rotation": 180, "texture": "#0"},
				"west": {"uv": [0, 14.5, 6.25, 16], "rotation": 180, "texture": "#0"},
				"up": {"uv": [0.0125, 0, 0.00625, 0.03125], "rotation": 90, "texture": "#0"},
				"down": {"uv": [0, 14.5, 6.25, 16], "rotation": 180, "texture": "#0"}
			}
		},
		{
			"from": [8.062, 2.06782, 16.35019],
			"to": [8.248, 2.46958, 16.40351],
			"rotation": {"angle": 22.5, "axis": "x", "origin": [8.093, 10.0187, 12.59485]},
			"faces": {
				"north": {"uv": [0, 14.5, 6.25, 16], "rotation": 180, "texture": "#0"},
				"east": {"uv": [0, 14.5, 6.25, 16], "rotation": 180, "texture": "#0"},
				"south": {"uv": [0, 14.5, 6.25, 16], "rotation": 180, "texture": "#0"},
				"west": {"uv": [0, 14.5, 6.25, 16], "rotation": 180, "texture": "#0"},
				"up": {"uv": [0.0125, 0, 0.00625, 0.03125], "rotation": 90, "texture": "#0"},
				"down": {"uv": [0, 14.5, 6.25, 16], "rotation": 180, "texture": "#0"}
			}
		},
		{
			"from": [8.124, 1.94382, 16.53619],
			"to": [8.186, 2.46958, 16.65151],
			"rotation": {"angle": 22.5, "axis": "x", "origin": [8.093, 10.0187, 12.59485]},
			"faces": {
				"north": {"uv": [0, 14.5, 6.25, 16], "rotation": 180, "texture": "#0"},
				"east": {"uv": [0, 14.5, 6.25, 16], "rotation": 180, "texture": "#0"},
				"south": {"uv": [0, 14.5, 6.25, 16], "rotation": 180, "texture": "#0"},
				"west": {"uv": [0, 14.5, 6.25, 16], "rotation": 180, "texture": "#0"},
				"up": {"uv": [0.0125, 0, 0.00625, 0.03125], "rotation": 90, "texture": "#0"},
				"down": {"uv": [0.0125, 0, 0.00625, 0.03125], "rotation": 90, "texture": "#0"}
			}
		},
		{
			"from": [7.876, 1.58784, 11.24972],
			"to": [8.434, 2.281, 13.44948],
			"rotation": {"angle": 0, "axis": "y", "origin": [8.155, 2.04837, 12.45358]},
			"faces": {
				"north": {"uv": [1.875, 11.875, 8.75, 14.125], "texture": "#0"},
				"east": {"uv": [1.875, 11.875, 8.75, 14.125], "texture": "#0"},
				"south": {"uv": [1.875, 11.875, 8.75, 14.125], "texture": "#0"},
				"west": {"uv": [1.875, 11.875, 8.75, 14.125], "texture": "#0"},
				"up": {"uv": [1.875, 11.875, 8.75, 14.125], "texture": "#0"},
				"down": {"uv": [1.875, 11.875, 8.75, 14.125], "texture": "#0"}
			}
		},
		{
			"from": [8, 1.61115, 8.053],
			"to": [8.31, 1.66249, 11.277],
			"rotation": {"angle": 0, "axis": "y", "origin": [8.155, 7.80148, 7.557]},
			"faces": {
				"north": {"uv": [0, 13.375, 16, 14.5], "texture": "#0"},
				"east": {"uv": [0, 13.375, 16, 14.5], "texture": "#0"},
				"south": {"uv": [0.00625, 0, 0.0125, 0.03125], "rotation": 90, "texture": "#0"},
				"west": {"uv": [0, 13.375, 16, 14.5], "texture": "#0"},
				"up": {"uv": [0.6875, 0, 1.025, 0.03125], "rotation": 90, "texture": "#0"},
				"down": {"uv": [0, 13.375, 16, 14.5], "texture": "#0"}
			}
		},
		{
			"from": [7.938, 1.66249, 8.053],
			"to": [8.372, 1.71382, 11.277],
			"rotation": {"angle": 0, "axis": "y", "origin": [8.155, 7.80148, 7.557]},
			"faces": {
				"north": {"uv": [0, 12.25, 16, 13.375], "texture": "#0"},
				"east": {"uv": [0, 12.25, 16, 13.375], "texture": "#0"},
				"south": {"uv": [0, 0.00625, 0.04375, 0.0125], "texture": "#0"},
				"west": {"uv": [0, 12.25, 16, 13.375], "texture": "#0"},
				"up": {"uv": [0, 0.6875, 0.04375, 1.025], "texture": "#0"},
				"down": {"uv": [0, 12.25, 16, 13.375], "texture": "#0"}
			}
		},
		{
			"from": [8, 1.71382, 6.937],
			"to": [8.31, 1.76516, 8.053],
			"rotation": {"angle": 0, "axis": "y", "origin": [8.155, 7.80148, 8.053]},
			"faces": {
				"north": {"uv": [0.00625, 0, 0.0125, 0.03125], "rotation": 270, "texture": "#0"},
				"east": {"uv": [0, 9.125, 10.125, 11.25], "texture": "#0"},
				"south": {"uv": [0.00625, 0, 0.0125, 0.03125], "rotation": 90, "texture": "#0"},
				"west": {"uv": [0, 9.125, 10.125, 11.25], "texture": "#0"},
				"up": {"uv": [0.6875, 0, 1.08125, 0.03125], "rotation": 90, "texture": "#0"},
				"down": {"uv": [0, 9.125, 10.125, 11.25], "texture": "#0"}
			}
		},
		{
			"from": [7.876, 1.8165, 6.937],
			"to": [8.434, 2.43253, 8.053],
			"rotation": {"angle": 0, "axis": "y", "origin": [8.155, 7.80148, 8.053]},
			"faces": {
				"north": {"uv": [0, 0.0375, 0.05625, 0.1125], "texture": "#0"},
				"east": {"uv": [11.125, 8.5, 16, 10.75], "texture": "#0"},
				"south": {"uv": [0, 0.0375, 0.05625, 0.1125], "texture": "#0"},
				"west": {"uv": [11.125, 8.5, 16, 10.75], "texture": "#0"},
				"up": {"uv": [0, 0.6875, 0.05625, 1.08125], "texture": "#0"},
				"down": {"uv": [11.125, 8.5, 16, 10.75], "texture": "#0"}
			}
		},
		{
			"from": [8, 2.58654, 6.937],
			"to": [8.31, 2.63787, 10.843],
			"rotation": {"angle": 0, "axis": "y", "origin": [8.155, 1.49571, -0.72]},
			"faces": {
				"north": {"uv": [0, 0, 0.00625, 0.03125], "rotation": 270, "texture": "#0"},
				"east": {"uv": [0, 12.375, 16, 13.375], "rotation": 90, "texture": "#0"},
				"south": {"uv": [0, 0, 0.00625, 0.03125], "rotation": 90, "texture": "#0"},
				"west": {"uv": [0, 12.375, 16, 13.375], "rotation": 90, "texture": "#0"},
				"up": {"uv": [0, 12.375, 16, 14.125], "rotation": 90, "texture": "#0"},
				"down": {"uv": [0, 0, 0.6875, 0.03125], "rotation": 90, "texture": "#0"}
			}
		},
		{
			"from": [7.938, 2.5352, 6.937],
			"to": [8.372, 2.58654, 10.843],
			"rotation": {"angle": 0, "axis": "y", "origin": [8.155, 1.49571, -0.72]},
			"faces": {
				"north": {"uv": [0, 0, 0.04375, 0.00625], "texture": "#0"},
				"east": {"uv": [0, 11.375, 15.875, 12.125], "texture": "#0"},
				"south": {"uv": [0, 11.375, 15.875, 12.125], "texture": "#0"},
				"west": {"uv": [0, 11.375, 15.875, 12.125], "texture": "#0"},
				"up": {"uv": [0, 11.375, 15.875, 12.125], "texture": "#0"},
				"down": {"uv": [0, 0, 0.04375, 0.6875], "texture": "#0"}
			}
		},
		{
			"from": [8, 2.57736, 3.527],
			"to": [8.31, 2.63192, 6.813],
			"rotation": {"angle": 0, "axis": "y", "origin": [8.155, 1.54568, -0.72]},
			"faces": {
				"north": {"uv": [0, 0, 0.00625, 0.03125], "rotation": 270, "texture": "#0"},
				"east": {"uv": [0, 8, 6.75, 9.125], "rotation": 90, "texture": "#0"},
				"south": {"uv": [0, 0, 0.00625, 0.03125], "rotation": 90, "texture": "#0"},
				"west": {"uv": [0, 8, 6.75, 9.125], "rotation": 90, "texture": "#0"},
				"up": {"uv": [0, 8, 6.75, 9.125], "rotation": 90, "texture": "#0"},
				"down": {"uv": [0, 0, 0.33125, 0.03125], "rotation": 90, "texture": "#0"}
			}
		},
		{
			"from": [7.876, 1.81352, 3.527],
			"to": [8.434, 2.5228, 6.813],
			"rotation": {"angle": 0, "axis": "y", "origin": [8.155, 1.54568, -0.72]},
			"faces": {
				"north": {"uv": [0, 0, 0.05625, 0.08125], "texture": "#0"},
				"east": {"uv": [0, 8.75, 6.125, 10.5], "texture": "#0"},
				"south": {"uv": [0, 0, 0.05625, 0.08125], "texture": "#0"},
				"west": {"uv": [0, 8.75, 6.125, 10.5], "texture": "#0"},
				"up": {"uv": [0, 8.75, 6.125, 10.5], "texture": "#0"},
				"down": {"uv": [0, 8.75, 6.125, 10.5], "texture": "#0"}
			}
		}
	],
	"display": {
		"thirdperson_righthand": {
			"translation": [0, 6.5, -2.5]
		},
		"thirdperson_lefthand": {
			"rotation": [0, 93, 0],
			"translation": [0, 4.75, 0]
		},
		"firstperson_righthand": {
			"translation": [-4.75, 12.25, 3]
		},
		"firstperson_lefthand": {
			"rotation": [-7, 66, 0],
			"translation": [-6.25, 10, 3.75]
		},
		"ground": {
			"rotation": [0, 0, 87],
			"translation": [-5, -3.75, 0]
		},
		"gui": {
			"rotation": [89, -90, 80],
			"translation": [0, 4.75, 0]
		},
		"head": {
			"translation": [0, 20, 0],
			"scale": [2, 2, 2]
		},
		"fixed": {
			"rotation": [0, -90, 0],
			"translation": [0, 7.5, -0.5]
		}
	}
}