{
	"credit": "Made with Blockbench",
	"texture_size": [128, 128],
	"textures": {
		"0": "nubx/texture-famas",
		"particle": "nubx/texture-famas"
	},
	"elements": [
		{
			"from": [4.55633, 4.304, -2.516],
			"to": [4.84433, 4.376, -2.336],
			"rotation": {"angle": 45, "axis": "z", "origin": [8.04833, 7.976, -2.426]},
			"faces": {
				"north": {"uv": [11.875, 14.125, 16, 16], "rotation": 270, "texture": "#0"},
				"east": {"uv": [11.875, 14.125, 16, 16], "rotation": 270, "texture": "#0"},
				"south": {"uv": [11.875, 14.125, 16, 16], "rotation": 270, "texture": "#0"},
				"west": {"uv": [11.875, 14.125, 16, 16], "rotation": 270, "texture": "#0"},
				"up": {"uv": [0, 14.125, 3.125, 16], "texture": "#0"},
				"down": {"uv": [11.875, 14.125, 16, 16], "rotation": 270, "texture": "#0"}
			}
		},
		{
			"from": [8.12033, 3.62, -2.516],
			"to": [8.40833, 3.692, -2.336],
			"rotation": {"angle": -45, "axis": "z", "origin": [8.04833, 3.584, -2.426]},
			"faces": {
				"north": {"uv": [11.875, 14.125, 16, 16], "rotation": 270, "texture": "#0"},
				"east": {"uv": [0, 0, 0.5, 0.2], "texture": "#0"},
				"south": {"uv": [11.875, 14.125, 16, 16], "rotation": 270, "texture": "#0"},
				"west": {"uv": [11.875, 14.125, 16, 16], "rotation": 270, "texture": "#0"},
				"up": {"uv": [11.875, 14.125, 16, 16], "rotation": 270, "texture": "#0"},
				"down": {"uv": [0, 14.125, 3.125, 16], "texture": "#0"}
			}
		},
		{
			"from": [11.21633, 4.304, -2.516],
			"to": [11.50433, 4.376, -2.336],
			"rotation": {"angle": -45, "axis": "z", "origin": [8.01233, 7.976, -2.426]},
			"faces": {
				"north": {"uv": [11.875, 14.125, 16, 16], "rotation": 270, "texture": "#0"},
				"east": {"uv": [0.5, 0.2, 1, 0.4], "texture": "#0"},
				"south": {"uv": [11.875, 14.125, 16, 16], "rotation": 270, "texture": "#0"},
				"west": {"uv": [11.875, 14.125, 16, 16], "rotation": 270, "texture": "#0"},
				"up": {"uv": [0, 14.125, 3.125, 16], "texture": "#0"},
				"down": {"uv": [11.875, 14.125, 16, 16], "rotation": 270, "texture": "#0"}
			}
		},
		{
			"from": [7.65233, 3.62, -2.516],
			"to": [7.94033, 3.692, -2.336],
			"rotation": {"angle": 45, "axis": "z", "origin": [8.01233, 3.584, -2.426]},
			"faces": {
				"north": {"uv": [11.875, 14.125, 16, 16], "rotation": 270, "texture": "#0"},
				"east": {"uv": [11.875, 14.125, 16, 16], "rotation": 270, "texture": "#0"},
				"south": {"uv": [11.875, 14.125, 16, 16], "rotation": 270, "texture": "#0"},
				"west": {"uv": [11.875, 14.125, 16, 16], "rotation": 270, "texture": "#0"},
				"up": {"uv": [11.875, 14.125, 16, 16], "rotation": 270, "texture": "#0"},
				"down": {"uv": [11.875, 14.125, 16, 16], "rotation": 270, "texture": "#0"}
			}
		},
		{
			"from": [7.86833, 2.918, -3.236],
			"to": [8.15633, 2.99, -2.336],
			"rotation": {"angle": 0, "axis": "y", "origin": [5.02433, 2.9, -3.236]},
			"faces": {
				"north": {"uv": [11.875, 14.125, 16, 16], "rotation": 270, "texture": "#0"},
				"east": {"uv": [11.875, 14.125, 16, 16], "rotation": 270, "texture": "#0"},
				"south": {"uv": [11.875, 14.125, 16, 16], "rotation": 270, "texture": "#0"},
				"west": {"uv": [11.875, 14.125, 16, 16], "rotation": 270, "texture": "#0"},
				"up": {"uv": [0, 14.125, 3.125, 16], "texture": "#0"},
				"down": {"uv": [11.875, 14.125, 16, 16], "rotation": 270, "texture": "#0"}
			}
		},
		{
			"from": [7.86833, 3.53, -3.236],
			"to": [8.15633, 3.602, -2.336],
			"rotation": {"angle": 0, "axis": "y", "origin": [5.02433, 3.152, -3.236]},
			"faces": {
				"north": {"uv": [11.875, 14.125, 16, 16], "rotation": 270, "texture": "#0"},
				"east": {"uv": [11.875, 14.125, 16, 16], "rotation": 270, "texture": "#0"},
				"south": {"uv": [11.875, 14.125, 16, 16], "rotation": 270, "texture": "#0"},
				"west": {"uv": [11.875, 14.125, 16, 16], "rotation": 270, "texture": "#0"},
				"up": {"uv": [11.875, 14.125, 16, 16], "rotation": 270, "texture": "#0"},
				"down": {"uv": [0, 0, 0.8, 2.5], "texture": "#0"}
			}
		},
		{
			"from": [8.30033, 3.116, -3.236],
			"to": [8.37233, 3.404, -2.336],
			"rotation": {"angle": 0, "axis": "y", "origin": [8.33633, 3.188, -3.146]},
			"faces": {
				"north": {"uv": [11.875, 14.125, 16, 16], "rotation": 270, "texture": "#0"},
				"east": {"uv": [11.875, 14.125, 16, 16], "rotation": 270, "texture": "#0"},
				"south": {"uv": [11.875, 14.125, 16, 16], "rotation": 270, "texture": "#0"},
				"west": {"uv": [0, 14.125, 3.125, 16], "texture": "#0"},
				"up": {"uv": [11.875, 14.125, 16, 16], "rotation": 270, "texture": "#0"},
				"down": {"uv": [0, 0, 2.5, 0.2], "rotation": 270, "texture": "#0"}
			}
		},
		{
			"from": [8.12033, 3.62, -3.236],
			"to": [8.40833, 3.692, -3.056],
			"rotation": {"angle": -45, "axis": "z", "origin": [8.04833, 3.584, -3.146]},
			"faces": {
				"north": {"uv": [11.875, 14.125, 16, 16], "rotation": 270, "texture": "#0"},
				"east": {"uv": [0, 0, 0.5, 0.2], "texture": "#0"},
				"south": {"uv": [0, 0, 0.8, 0.2], "texture": "#0"},
				"west": {"uv": [11.875, 14.125, 16, 16], "rotation": 270, "texture": "#0"},
				"up": {"uv": [11.875, 14.125, 16, 16], "rotation": 270, "texture": "#0"},
				"down": {"uv": [0, 14.125, 3.125, 16], "texture": "#0"}
			}
		},
		{
			"from": [4.55633, 4.304, -3.236],
			"to": [4.84433, 4.376, -3.056],
			"rotation": {"angle": 45, "axis": "z", "origin": [8.04833, 7.976, -3.146]},
			"faces": {
				"north": {"uv": [11.875, 14.125, 16, 16], "rotation": 270, "texture": "#0"},
				"east": {"uv": [11.875, 14.125, 16, 16], "rotation": 270, "texture": "#0"},
				"south": {"uv": [0, 0.2, 0.8, 0.4], "texture": "#0"},
				"west": {"uv": [11.875, 14.125, 16, 16], "rotation": 270, "texture": "#0"},
				"up": {"uv": [0, 14.125, 3.125, 16], "texture": "#0"},
				"down": {"uv": [11.875, 14.125, 16, 16], "rotation": 270, "texture": "#0"}
			}
		},
		{
			"from": [11.21633, 4.304, -3.236],
			"to": [11.50433, 4.376, -3.056],
			"rotation": {"angle": -45, "axis": "z", "origin": [8.01233, 7.976, -3.146]},
			"faces": {
				"north": {"uv": [11.875, 14.125, 16, 16], "rotation": 270, "texture": "#0"},
				"east": {"uv": [0.5, 0.2, 1, 0.4], "texture": "#0"},
				"south": {"uv": [0.8, 0.2, 1.6, 0.4], "texture": "#0"},
				"west": {"uv": [11.875, 14.125, 16, 16], "rotation": 270, "texture": "#0"},
				"up": {"uv": [0, 14.125, 3.125, 16], "texture": "#0"},
				"down": {"uv": [11.875, 14.125, 16, 16], "rotation": 270, "texture": "#0"}
			}
		},
		{
			"from": [7.68833, 3.116, -3.236],
			"to": [7.76033, 3.404, -2.336],
			"rotation": {"angle": 0, "axis": "y", "origin": [7.72433, 3.188, -3.146]},
			"faces": {
				"north": {"uv": [11.875, 14.125, 16, 16], "rotation": 270, "texture": "#0"},
				"east": {"uv": [0, 14.125, 3.125, 16], "texture": "#0"},
				"south": {"uv": [11.875, 14.125, 16, 16], "rotation": 270, "texture": "#0"},
				"west": {"uv": [11.875, 14.125, 16, 16], "rotation": 270, "texture": "#0"},
				"up": {"uv": [11.875, 14.125, 16, 16], "rotation": 270, "texture": "#0"},
				"down": {"uv": [11.875, 14.125, 16, 16], "rotation": 270, "texture": "#0"}
			}
		},
		{
			"from": [7.65233, 3.62, -3.236],
			"to": [7.94033, 3.692, -3.056],
			"rotation": {"angle": 45, "axis": "z", "origin": [8.01233, 3.584, -3.146]},
			"faces": {
				"north": {"uv": [11.875, 14.125, 16, 16], "rotation": 270, "texture": "#0"},
				"east": {"uv": [11.875, 14.125, 16, 16], "rotation": 270, "texture": "#0"},
				"south": {"uv": [0.8, 0, 1.6, 0.2], "texture": "#0"},
				"west": {"uv": [11.875, 14.125, 16, 16], "rotation": 270, "texture": "#0"},
				"up": {"uv": [11.875, 14.125, 16, 16], "rotation": 270, "texture": "#0"},
				"down": {"uv": [11.875, 14.125, 16, 16], "rotation": 270, "texture": "#0"}
			}
		},
		{
			"from": [7.78107, 3.15286, -1.976],
			"to": [7.83176, 3.35562, 0.76],
			"rotation": {"angle": 0, "axis": "y", "origin": [7.80641, 3.20355, -1.526]},
			"faces": {
				"north": {"uv": [0, 14.125, 3.125, 16], "texture": "#0"},
				"east": {"uv": [0, 14.125, 3.125, 16], "texture": "#0"},
				"south": {"uv": [0, 0.2, 0.8, 0.4], "rotation": 270, "texture": "#0"},
				"west": {"uv": [0, 12.25, 16, 14.125], "texture": "#0"},
				"up": {"uv": [0, 0.2, 2.5, 0.4], "rotation": 270, "texture": "#0"},
				"down": {"uv": [0, 0.2, 2.5, 0.4], "rotation": 270, "texture": "#0"}
			}
		},
		{
			"from": [8.0852, 3.50768, -1.976],
			"to": [8.28795, 3.55837, 0.76],
			"rotation": {"angle": -45, "axis": "z", "origin": [8.03451, 3.48234, -1.526]},
			"faces": {
				"north": {"uv": [0, 14.125, 3.125, 16], "texture": "#0"},
				"east": {"uv": [0, 0, 2.5, 0.2], "texture": "#0"},
				"south": {"uv": [0, 0, 0.8, 0.2], "texture": "#0"},
				"west": {"uv": [0, 12.25, 16, 14.125], "texture": "#0"},
				"up": {"uv": [0, 12.25, 16, 14.125], "texture": "#0"},
				"down": {"uv": [0, 14.125, 3.125, 16], "texture": "#0"}
			}
		},
		{
			"from": [8.21192, 3.15286, -1.976],
			"to": [8.2626, 3.35562, 0.76],
			"rotation": {"angle": 0, "axis": "y", "origin": [8.23726, 3.20355, -1.526]},
			"faces": {
				"north": {"uv": [0, 14.125, 3.125, 16], "texture": "#0"},
				"east": {"uv": [0, 12.25, 16, 14.125], "texture": "#0"},
				"south": {"uv": [0, 0, 0.8, 0.2], "rotation": 270, "texture": "#0"},
				"west": {"uv": [0, 14.125, 3.125, 16], "texture": "#0"},
				"up": {"uv": [0, 0, 2.5, 0.2], "rotation": 270, "texture": "#0"},
				"down": {"uv": [0, 0, 2.5, 0.2], "rotation": 270, "texture": "#0"}
			}
		},
		{
			"from": [5.57614, 3.98922, -1.976],
			"to": [5.77889, 4.0399, 0.76],
			"rotation": {"angle": 45, "axis": "z", "origin": [8.03451, 6.5743, -1.526]},
			"faces": {
				"north": {"uv": [0, 14.125, 3.125, 16], "texture": "#0"},
				"east": {"uv": [0, 12.25, 16, 14.125], "texture": "#0"},
				"south": {"uv": [0, 0.2, 0.8, 0.4], "texture": "#0"},
				"west": {"uv": [0, 12.25, 16, 14.125], "texture": "#0"},
				"up": {"uv": [0, 14.125, 3.125, 16], "texture": "#0"},
				"down": {"uv": [0, 12.25, 16, 14.125], "texture": "#0"}
			}
		},
		{
			"from": [7.90779, 3.01347, -1.976],
			"to": [8.11054, 3.06416, 0.76],
			"rotation": {"angle": 0, "axis": "y", "origin": [5.90561, 3.0008, -1.616]},
			"faces": {
				"north": {"uv": [0, 14.125, 3.125, 16], "texture": "#0"},
				"east": {"uv": [0, 12.25, 16, 14.125], "texture": "#0"},
				"south": {"uv": [0, 0, 0.8, 0.2], "texture": "#0"},
				"west": {"uv": [0, 12.25, 16, 14.125], "texture": "#0"},
				"up": {"uv": [0, 14.125, 3.125, 16], "texture": "#0"},
				"down": {"uv": [0, 12.25, 16, 14.125], "texture": "#0"}
			}
		},
		{
			"from": [10.26478, 3.98922, -1.976],
			"to": [10.46753, 4.0399, 0.76],
			"rotation": {"angle": -45, "axis": "z", "origin": [8.00916, 6.5743, -1.526]},
			"faces": {
				"north": {"uv": [0, 14.125, 3.125, 16], "texture": "#0"},
				"east": {"uv": [0, 12.25, 16, 14.125], "texture": "#0"},
				"south": {"uv": [0.8, 0.2, 1.6, 0.4], "texture": "#0"},
				"west": {"uv": [0, 12.25, 16, 14.125], "texture": "#0"},
				"up": {"uv": [0, 14.125, 3.125, 16], "texture": "#0"},
				"down": {"uv": [0, 12.25, 16, 14.125], "texture": "#0"}
			}
		},
		{
			"from": [7.75572, 3.50768, -1.976],
			"to": [7.95848, 3.55837, 0.76],
			"rotation": {"angle": 45, "axis": "z", "origin": [8.00916, 3.48234, -1.526]},
			"faces": {
				"north": {"uv": [0, 14.125, 3.125, 16], "texture": "#0"},
				"east": {"uv": [0, 12.25, 16, 14.125], "texture": "#0"},
				"south": {"uv": [0.8, 0, 1.6, 0.2], "texture": "#0"},
				"west": {"uv": [0.5, 0, 3, 0.2], "texture": "#0"},
				"up": {"uv": [0, 12.25, 16, 14.125], "texture": "#0"},
				"down": {"uv": [0, 14.125, 3.125, 16], "texture": "#0"}
			}
		},
		{
			"from": [7.90779, 3.44432, -1.976],
			"to": [8.11054, 3.49501, 0.76],
			"rotation": {"angle": 0, "axis": "y", "origin": [5.90561, 3.17821, -1.616]},
			"faces": {
				"north": {"uv": [0, 14.125, 3.125, 16], "texture": "#0"},
				"east": {"uv": [0, 0, 2.5, 0.2], "texture": "#0"},
				"south": {"uv": [0, 0, 0.8, 0.2], "texture": "#0"},
				"west": {"uv": [0, 0, 2.5, 0.2], "texture": "#0"},
				"up": {"uv": [0, 12.25, 16, 14.125], "texture": "#0"},
				"down": {"uv": [0, 14.125, 3.125, 16], "texture": "#0"}
			}
		},
		{
			"from": [7.68365, 3.5696, -2.336],
			"to": [7.93709, 3.63296, -1.976],
			"rotation": {"angle": 45, "axis": "z", "origin": [8.00045, 3.53792, -1.886]},
			"faces": {
				"north": {"uv": [0, 14.125, 3.125, 16], "texture": "#0"},
				"east": {"uv": [9.25, 14.125, 11.75, 16], "texture": "#0"},
				"south": {"uv": [9.25, 14.125, 11.75, 16], "texture": "#0"},
				"west": {"uv": [0.5, 0, 3, 0.2], "texture": "#0"},
				"up": {"uv": [9.25, 14.125, 11.75, 16], "texture": "#0"},
				"down": {"uv": [0, 14.125, 3.125, 16], "texture": "#0"}
			}
		},
		{
			"from": [7.87373, 3.4904, 0.688],
			"to": [8.12717, 3.55376, 1.408],
			"rotation": {"angle": 0, "axis": "y", "origin": [5.37101, 3.15776, 1.048]},
			"faces": {
				"north": {"uv": [11.875, 14.125, 16, 16], "rotation": 270, "texture": "#0"},
				"east": {"uv": [11.875, 14.125, 16, 16], "rotation": 270, "texture": "#0"},
				"south": {"uv": [0, 0, 0.8, 0.2], "texture": "#0"},
				"west": {"uv": [11.875, 14.125, 16, 16], "rotation": 270, "texture": "#0"},
				"up": {"uv": [11.875, 14.125, 16, 16], "rotation": 270, "texture": "#0"},
				"down": {"uv": [0, 0, 0.8, 2.5], "texture": "#0"}
			}
		},
		{
			"from": [8.09549, 3.5696, 0.688],
			"to": [8.34893, 3.63296, 1.408],
			"rotation": {"angle": -45, "axis": "z", "origin": [8.03213, 3.53792, 1.138]},
			"faces": {
				"north": {"uv": [11.875, 14.125, 16, 16], "rotation": 270, "texture": "#0"},
				"east": {"uv": [11.875, 14.125, 16, 16], "rotation": 270, "texture": "#0"},
				"south": {"uv": [0, 0, 0.8, 0.2], "texture": "#0"},
				"west": {"uv": [11.875, 14.125, 16, 16], "rotation": 270, "texture": "#0"},
				"up": {"uv": [11.875, 14.125, 16, 16], "rotation": 270, "texture": "#0"},
				"down": {"uv": [0, 0, 0.8, 2.5], "texture": "#0"}
			}
		},
		{
			"from": [8.25389, 3.12608, 0.688],
			"to": [8.31725, 3.37952, 1.408],
			"rotation": {"angle": 0, "axis": "y", "origin": [8.28557, 3.18944, 1.138]},
			"faces": {
				"north": {"uv": [11.875, 14.125, 16, 16], "rotation": 270, "texture": "#0"},
				"east": {"uv": [11.875, 14.125, 16, 16], "rotation": 270, "texture": "#0"},
				"south": {"uv": [0, 0, 0.8, 0.2], "rotation": 270, "texture": "#0"},
				"west": {"uv": [0, 0, 0.8, 2.5], "rotation": 270, "texture": "#0"},
				"up": {"uv": [0, 0, 2.5, 0.2], "rotation": 270, "texture": "#0"},
				"down": {"uv": [0, 0, 2.5, 0.2], "rotation": 270, "texture": "#0"}
			}
		},
		{
			"from": [4.95917, 4.17152, 0.688],
			"to": [5.21261, 4.23488, 1.408],
			"rotation": {"angle": 45, "axis": "z", "origin": [8.03213, 7.40288, 1.138]},
			"faces": {
				"north": {"uv": [11.875, 14.125, 16, 16], "rotation": 270, "texture": "#0"},
				"east": {"uv": [11.875, 14.125, 16, 16], "rotation": 270, "texture": "#0"},
				"south": {"uv": [0, 0.2, 0.8, 0.4], "texture": "#0"},
				"west": {"uv": [11.875, 14.125, 16, 16], "rotation": 270, "texture": "#0"},
				"up": {"uv": [0, 0.5, 0.8, 3], "texture": "#0"},
				"down": {"uv": [11.875, 14.125, 16, 16], "rotation": 270, "texture": "#0"}
			}
		},
		{
			"from": [7.87373, 2.95184, 0.688],
			"to": [8.12717, 3.0152, 1.408],
			"rotation": {"angle": 0, "axis": "y", "origin": [5.37101, 2.936, 1.048]},
			"faces": {
				"north": {"uv": [11.875, 14.125, 16, 16], "rotation": 270, "texture": "#0"},
				"east": {"uv": [0, 0, 2.5, 0.2], "texture": "#0"},
				"south": {"uv": [0, 0, 0.8, 0.2], "texture": "#0"},
				"west": {"uv": [11.875, 14.125, 16, 16], "rotation": 270, "texture": "#0"},
				"up": {"uv": [0, 0, 0.8, 2.5], "texture": "#0"},
				"down": {"uv": [11.875, 14.125, 16, 16], "rotation": 270, "texture": "#0"}
			}
		},
		{
			"from": [10.81997, 4.17152, 0.688],
			"to": [11.07341, 4.23488, 1.408],
			"rotation": {"angle": -45, "axis": "z", "origin": [8.00045, 7.40288, 1.138]},
			"faces": {
				"north": {"uv": [11.875, 14.125, 16, 16], "rotation": 270, "texture": "#0"},
				"east": {"uv": [11.875, 14.125, 16, 16], "rotation": 270, "texture": "#0"},
				"south": {"uv": [0.8, 0.2, 1.6, 0.4], "texture": "#0"},
				"west": {"uv": [11.875, 14.125, 16, 16], "rotation": 270, "texture": "#0"},
				"up": {"uv": [0.8, 0.5, 1.6, 3], "texture": "#0"},
				"down": {"uv": [11.875, 14.125, 16, 16], "rotation": 270, "texture": "#0"}
			}
		},
		{
			"from": [7.71533, 3.12608, 0.688],
			"to": [7.77869, 3.37952, 1.3],
			"rotation": {"angle": 0, "axis": "y", "origin": [7.74701, 3.18944, 1.138]},
			"faces": {
				"north": {"uv": [11.875, 14.125, 16, 16], "rotation": 270, "texture": "#0"},
				"east": {"uv": [0, 0.5, 0.8, 3], "rotation": 270, "texture": "#0"},
				"south": {"uv": [0, 0.2, 0.8, 0.4], "rotation": 270, "texture": "#0"},
				"west": {"uv": [11.875, 14.125, 16, 16], "rotation": 270, "texture": "#0"},
				"up": {"uv": [0, 0.2, 2.5, 0.4], "rotation": 270, "texture": "#0"},
				"down": {"uv": [0, 0.2, 2.5, 0.4], "rotation": 270, "texture": "#0"}
			}
		},
		{
			"from": [7.68365, 3.5696, 0.688],
			"to": [7.93709, 3.63296, 1.3],
			"rotation": {"angle": 45, "axis": "z", "origin": [8.00045, 3.53792, 1.138]},
			"faces": {
				"north": {"uv": [11.875, 14.125, 16, 16], "rotation": 270, "texture": "#0"},
				"east": {"uv": [11.875, 14.125, 16, 16], "rotation": 270, "texture": "#0"},
				"south": {"uv": [0.8, 0, 1.6, 0.2], "texture": "#0"},
				"west": {"uv": [0.5, 0, 3, 0.2], "texture": "#0"},
				"up": {"uv": [11.875, 14.125, 16, 16], "rotation": 270, "texture": "#0"},
				"down": {"uv": [0.8, 0, 1.6, 2.5], "texture": "#0"}
			}
		},
		{
			"from": [7.84848, 3.53648, 0.94],
			"to": [8.15261, 3.61251, 1.048],
			"rotation": {"angle": 0, "axis": "y", "origin": [4.84522, 3.13731, 0.868]},
			"faces": {
				"north": {"uv": [7.125, 14.125, 9.25, 16], "texture": "#0"},
				"east": {"uv": [7.125, 14.125, 9.25, 16], "texture": "#0"},
				"south": {"uv": [0, 0, 0.8, 0.2], "texture": "#0"},
				"west": {"uv": [0, 0, 2.5, 0.2], "texture": "#0"},
				"up": {"uv": [7.125, 14.125, 9.25, 16], "texture": "#0"},
				"down": {"uv": [0, 0, 0.8, 2.5], "texture": "#0"}
			}
		},
		{
			"from": [8.11459, 3.63152, 0.94],
			"to": [8.41872, 3.70755, 1.048],
			"rotation": {"angle": -45, "axis": "z", "origin": [8.03856, 3.5935, 0.958]},
			"faces": {
				"north": {"uv": [7.125, 14.125, 9.25, 16], "texture": "#0"},
				"east": {"uv": [7.125, 14.125, 9.25, 16], "texture": "#0"},
				"south": {"uv": [0, 0, 0.8, 0.2], "texture": "#0"},
				"west": {"uv": [7.125, 14.125, 9.25, 16], "texture": "#0"},
				"up": {"uv": [7.125, 14.125, 9.25, 16], "texture": "#0"},
				"down": {"uv": [0, 0, 0.8, 2.5], "texture": "#0"}
			}
		},
		{
			"from": [8.30467, 3.0993, 0.94],
			"to": [8.3807, 3.40342, 1.048],
			"rotation": {"angle": 0, "axis": "y", "origin": [8.34269, 3.17533, 0.958]},
			"faces": {
				"north": {"uv": [7.125, 14.125, 9.25, 16], "texture": "#0"},
				"east": {"uv": [7.125, 14.125, 9.25, 16], "texture": "#0"},
				"south": {"uv": [0, 0, 0.8, 0.2], "rotation": 270, "texture": "#0"},
				"west": {"uv": [0, 0, 0.8, 2.5], "rotation": 270, "texture": "#0"},
				"up": {"uv": [0, 0, 2.5, 0.2], "rotation": 270, "texture": "#0"},
				"down": {"uv": [0, 0, 2.5, 0.2], "rotation": 270, "texture": "#0"}
			}
		},
		{
			"from": [4.35101, 4.35382, 0.94],
			"to": [4.65514, 4.42986, 1.048],
			"rotation": {"angle": 45, "axis": "z", "origin": [8.03856, 8.23146, 0.958]},
			"faces": {
				"north": {"uv": [7.125, 14.125, 9.25, 16], "texture": "#0"},
				"east": {"uv": [7.125, 14.125, 9.25, 16], "texture": "#0"},
				"south": {"uv": [0, 0.2, 0.8, 0.4], "texture": "#0"},
				"west": {"uv": [7.125, 14.125, 9.25, 16], "texture": "#0"},
				"up": {"uv": [0, 0.5, 0.8, 3], "texture": "#0"},
				"down": {"uv": [7.125, 14.125, 9.25, 16], "texture": "#0"}
			}
		},
		{
			"from": [7.84848, 2.89021, 0.94],
			"to": [8.15261, 2.96624, 1.048],
			"rotation": {"angle": 0, "axis": "y", "origin": [4.84522, 2.8712, 0.868]},
			"faces": {
				"north": {"uv": [7.125, 14.125, 9.25, 16], "texture": "#0"},
				"east": {"uv": [0, 0, 2.5, 0.2], "texture": "#0"},
				"south": {"uv": [0, 0, 0.8, 0.2], "texture": "#0"},
				"west": {"uv": [7.125, 14.125, 9.25, 16], "texture": "#0"},
				"up": {"uv": [0, 0, 0.8, 2.5], "texture": "#0"},
				"down": {"uv": [7.125, 14.125, 9.25, 16], "texture": "#0"}
			}
		},
		{
			"from": [11.38397, 4.35382, 0.94],
			"to": [11.6881, 4.42986, 1.048],
			"rotation": {"angle": -45, "axis": "z", "origin": [8.00054, 8.23146, 0.958]},
			"faces": {
				"north": {"uv": [7.125, 14.125, 9.25, 16], "texture": "#0"},
				"east": {"uv": [0.5, 0.2, 3, 0.4], "texture": "#0"},
				"south": {"uv": [0.8, 0.2, 1.6, 0.4], "texture": "#0"},
				"west": {"uv": [7.125, 14.125, 9.25, 16], "texture": "#0"},
				"up": {"uv": [0.8, 0.5, 1.6, 3], "texture": "#0"},
				"down": {"uv": [7.125, 14.125, 9.25, 16], "texture": "#0"}
			}
		},
		{
			"from": [7.6584, 3.0993, 0.94],
			"to": [7.73443, 3.40342, 1.048],
			"rotation": {"angle": 0, "axis": "y", "origin": [7.69642, 3.17533, 0.958]},
			"faces": {
				"north": {"uv": [7.125, 14.125, 9.25, 16], "texture": "#0"},
				"east": {"uv": [0, 0.5, 0.8, 3], "rotation": 270, "texture": "#0"},
				"south": {"uv": [0, 0.2, 0.8, 0.4], "rotation": 270, "texture": "#0"},
				"west": {"uv": [7.125, 14.125, 9.25, 16], "texture": "#0"},
				"up": {"uv": [0, 0.2, 2.5, 0.4], "rotation": 270, "texture": "#0"},
				"down": {"uv": [0, 0.2, 2.5, 0.4], "rotation": 270, "texture": "#0"}
			}
		},
		{
			"from": [7.62038, 3.63152, 0.94],
			"to": [7.92451, 3.70755, 1.048],
			"rotation": {"angle": 45, "axis": "z", "origin": [8.00054, 3.5935, 0.958]},
			"faces": {
				"north": {"uv": [7.125, 14.125, 9.25, 16], "texture": "#0"},
				"east": {"uv": [7.125, 14.125, 9.25, 16], "texture": "#0"},
				"south": {"uv": [0.8, 0, 1.6, 0.2], "texture": "#0"},
				"west": {"uv": [0.5, 0, 3, 0.2], "texture": "#0"},
				"up": {"uv": [7.125, 14.125, 9.25, 16], "texture": "#0"},
				"down": {"uv": [0.8, 0, 1.6, 2.5], "texture": "#0"}
			}
		},
		{
			"from": [7.84848, 3.53648, 1.12],
			"to": [8.15261, 3.61251, 1.228],
			"rotation": {"angle": 0, "axis": "y", "origin": [4.84522, 3.13731, 1.048]},
			"faces": {
				"north": {"uv": [7.125, 14.125, 9.25, 16], "texture": "#0"},
				"east": {"uv": [0, 0, 2.5, 0.2], "texture": "#0"},
				"south": {"uv": [0, 0, 0.8, 0.2], "texture": "#0"},
				"west": {"uv": [0, 0, 2.5, 0.2], "texture": "#0"},
				"up": {"uv": [7.125, 14.125, 9.25, 16], "texture": "#0"},
				"down": {"uv": [0, 0, 0.8, 2.5], "texture": "#0"}
			}
		},
		{
			"from": [8.11459, 3.63152, 1.12],
			"to": [8.41872, 3.70755, 1.228],
			"rotation": {"angle": -45, "axis": "z", "origin": [8.03856, 3.5935, 1.138]},
			"faces": {
				"north": {"uv": [7.125, 14.125, 9.25, 16], "texture": "#0"},
				"east": {"uv": [0, 0, 2.5, 0.2], "texture": "#0"},
				"south": {"uv": [0, 0, 0.8, 0.2], "texture": "#0"},
				"west": {"uv": [0, 0, 2.5, 0.2], "texture": "#0"},
				"up": {"uv": [7.125, 14.125, 9.25, 16], "texture": "#0"},
				"down": {"uv": [0, 0, 0.8, 2.5], "texture": "#0"}
			}
		},
		{
			"from": [8.30467, 3.0993, 1.12],
			"to": [8.3807, 3.40342, 1.228],
			"rotation": {"angle": 0, "axis": "y", "origin": [8.34269, 3.17533, 1.138]},
			"faces": {
				"north": {"uv": [7.125, 14.125, 9.25, 16], "texture": "#0"},
				"east": {"uv": [7.125, 14.125, 9.25, 16], "texture": "#0"},
				"south": {"uv": [0, 0, 0.8, 0.2], "rotation": 270, "texture": "#0"},
				"west": {"uv": [0, 0, 0.8, 2.5], "rotation": 270, "texture": "#0"},
				"up": {"uv": [0, 0, 2.5, 0.2], "rotation": 270, "texture": "#0"},
				"down": {"uv": [0, 0, 2.5, 0.2], "rotation": 270, "texture": "#0"}
			}
		},
		{
			"from": [4.35101, 4.35382, 1.12],
			"to": [4.65514, 4.42986, 1.228],
			"rotation": {"angle": 45, "axis": "z", "origin": [8.03856, 8.23146, 1.138]},
			"faces": {
				"north": {"uv": [7.125, 14.125, 9.25, 16], "texture": "#0"},
				"east": {"uv": [0, 0.2, 2.5, 0.4], "texture": "#0"},
				"south": {"uv": [0, 0.2, 0.8, 0.4], "texture": "#0"},
				"west": {"uv": [7.125, 14.125, 9.25, 16], "texture": "#0"},
				"up": {"uv": [0, 0.5, 0.8, 3], "texture": "#0"},
				"down": {"uv": [7.125, 14.125, 9.25, 16], "texture": "#0"}
			}
		},
		{
			"from": [7.84848, 2.89021, 1.12],
			"to": [8.15261, 2.96624, 1.228],
			"rotation": {"angle": 0, "axis": "y", "origin": [4.84522, 2.8712, 1.048]},
			"faces": {
				"north": {"uv": [7.125, 14.125, 9.25, 16], "texture": "#0"},
				"east": {"uv": [0, 0, 2.5, 0.2], "texture": "#0"},
				"south": {"uv": [0, 0, 0.8, 0.2], "texture": "#0"},
				"west": {"uv": [7.125, 14.125, 9.25, 16], "texture": "#0"},
				"up": {"uv": [0, 0, 0.8, 2.5], "texture": "#0"},
				"down": {"uv": [7.125, 14.125, 9.25, 16], "texture": "#0"}
			}
		},
		{
			"from": [11.38397, 4.35382, 1.12],
			"to": [11.6881, 4.42986, 1.228],
			"rotation": {"angle": -45, "axis": "z", "origin": [8.00054, 8.23146, 1.138]},
			"faces": {
				"north": {"uv": [7.125, 14.125, 9.25, 16], "texture": "#0"},
				"east": {"uv": [0.5, 0.2, 3, 0.4], "texture": "#0"},
				"south": {"uv": [0.8, 0.2, 1.6, 0.4], "texture": "#0"},
				"west": {"uv": [0.5, 0.2, 3, 0.4], "texture": "#0"},
				"up": {"uv": [0.8, 0.5, 1.6, 3], "texture": "#0"},
				"down": {"uv": [7.125, 14.125, 9.25, 16], "texture": "#0"}
			}
		},
		{
			"from": [7.6584, 3.0993, 1.12],
			"to": [7.73443, 3.40342, 1.228],
			"rotation": {"angle": 0, "axis": "y", "origin": [7.69642, 3.17533, 1.138]},
			"faces": {
				"north": {"uv": [0, 0.2, 0.8, 0.4], "rotation": 90, "texture": "#0"},
				"east": {"uv": [0, 0.5, 0.8, 3], "rotation": 270, "texture": "#0"},
				"south": {"uv": [0, 0.2, 0.8, 0.4], "rotation": 270, "texture": "#0"},
				"west": {"uv": [0, 0.5, 0.8, 3], "rotation": 270, "texture": "#0"},
				"up": {"uv": [0, 0.2, 2.5, 0.4], "rotation": 270, "texture": "#0"},
				"down": {"uv": [0, 0.2, 2.5, 0.4], "rotation": 270, "texture": "#0"}
			}
		},
		{
			"from": [7.62038, 3.63152, 1.12],
			"to": [7.92451, 3.70755, 1.228],
			"rotation": {"angle": 45, "axis": "z", "origin": [8.00054, 3.5935, 1.138]},
			"faces": {
				"north": {"uv": [7.125, 14.125, 9.25, 16], "texture": "#0"},
				"east": {"uv": [7.125, 14.125, 9.25, 16], "texture": "#0"},
				"south": {"uv": [0.8, 0, 1.6, 0.2], "texture": "#0"},
				"west": {"uv": [0.5, 0, 3, 0.2], "texture": "#0"},
				"up": {"uv": [0.8, 0, 1.6, 2.5], "texture": "#0"},
				"down": {"uv": [0.8, 0, 1.6, 2.5], "texture": "#0"}
			}
		},
		{
			"from": [7.71533, 3.12608, -2.336],
			"to": [7.77869, 3.37952, -1.976],
			"rotation": {"angle": 0, "axis": "y", "origin": [7.74701, 3.18944, -1.886]},
			"faces": {
				"north": {"uv": [11.875, 14.125, 16, 16], "rotation": 270, "texture": "#0"},
				"east": {"uv": [0, 14.125, 3.125, 16], "texture": "#0"},
				"south": {"uv": [9.25, 14.125, 11.75, 16], "texture": "#0"},
				"west": {"uv": [9.25, 14.125, 11.75, 16], "texture": "#0"},
				"up": {"uv": [0, 0.2, 2.5, 0.4], "rotation": 270, "texture": "#0"},
				"down": {"uv": [0, 0.2, 2.5, 0.4], "rotation": 270, "texture": "#0"}
			}
		},
		{
			"from": [10.81997, 4.17152, -2.336],
			"to": [11.07341, 4.23488, -1.976],
			"rotation": {"angle": -45, "axis": "z", "origin": [8.00045, 7.40288, -1.886]},
			"faces": {
				"north": {"uv": [0, 14.125, 3.125, 16], "texture": "#0"},
				"east": {"uv": [9.25, 14.125, 11.75, 16], "texture": "#0"},
				"south": {"uv": [9.25, 14.125, 11.75, 16], "texture": "#0"},
				"west": {"uv": [9.25, 14.125, 11.75, 16], "texture": "#0"},
				"up": {"uv": [0, 14.125, 3.125, 16], "texture": "#0"},
				"down": {"uv": [9.25, 14.125, 11.75, 16], "texture": "#0"}
			}
		},
		{
			"from": [7.87373, 2.95184, -2.336],
			"to": [8.12717, 3.0152, -1.976],
			"rotation": {"angle": 0, "axis": "y", "origin": [5.37101, 2.936, -1.976]},
			"faces": {
				"north": {"uv": [0, 14.125, 3.125, 16], "texture": "#0"},
				"east": {"uv": [0, 0, 2.5, 0.2], "texture": "#0"},
				"south": {"uv": [9.25, 14.125, 11.75, 16], "texture": "#0"},
				"west": {"uv": [9.25, 14.125, 11.75, 16], "texture": "#0"},
				"up": {"uv": [0, 14.125, 3.125, 16], "texture": "#0"},
				"down": {"uv": [9.25, 14.125, 11.75, 16], "texture": "#0"}
			}
		},
		{
			"from": [4.95917, 4.17152, -2.336],
			"to": [5.21261, 4.23488, -1.976],
			"rotation": {"angle": 45, "axis": "z", "origin": [8.03213, 7.40288, -1.886]},
			"faces": {
				"north": {"uv": [0, 14.125, 3.125, 16], "texture": "#0"},
				"east": {"uv": [9.25, 14.125, 11.75, 16], "texture": "#0"},
				"south": {"uv": [9.25, 14.125, 11.75, 16], "texture": "#0"},
				"west": {"uv": [9.25, 14.125, 11.75, 16], "texture": "#0"},
				"up": {"uv": [0, 14.125, 3.125, 16], "texture": "#0"},
				"down": {"uv": [9.25, 14.125, 11.75, 16], "texture": "#0"}
			}
		},
		{
			"from": [8.25389, 3.12608, -2.336],
			"to": [8.31725, 3.37952, -1.976],
			"rotation": {"angle": 0, "axis": "y", "origin": [8.28557, 3.18944, -1.886]},
			"faces": {
				"north": {"uv": [0, 14.125, 3.125, 16], "texture": "#0"},
				"east": {"uv": [9.25, 14.125, 11.75, 16], "texture": "#0"},
				"south": {"uv": [9.25, 14.125, 11.75, 16], "texture": "#0"},
				"west": {"uv": [0, 14.125, 3.125, 16], "texture": "#0"},
				"up": {"uv": [0, 0, 2.5, 0.2], "rotation": 270, "texture": "#0"},
				"down": {"uv": [0, 0, 2.5, 0.2], "rotation": 270, "texture": "#0"}
			}
		},
		{
			"from": [8.09549, 3.5696, -2.336],
			"to": [8.34893, 3.63296, -1.976],
			"rotation": {"angle": -45, "axis": "z", "origin": [8.03213, 3.53792, -1.886]},
			"faces": {
				"north": {"uv": [0, 14.125, 3.125, 16], "texture": "#0"},
				"east": {"uv": [0, 0, 2.5, 0.2], "texture": "#0"},
				"south": {"uv": [9.25, 14.125, 11.75, 16], "texture": "#0"},
				"west": {"uv": [9.25, 14.125, 11.75, 16], "texture": "#0"},
				"up": {"uv": [11.875, 14.125, 16, 16], "rotation": 270, "texture": "#0"},
				"down": {"uv": [0, 14.125, 3.125, 16], "texture": "#0"}
			}
		},
		{
			"from": [7.87373, 3.4904, -2.336],
			"to": [8.12717, 3.55376, -1.976],
			"rotation": {"angle": 0, "axis": "y", "origin": [5.37101, 3.15776, -1.976]},
			"faces": {
				"north": {"uv": [0, 14.125, 3.125, 16], "texture": "#0"},
				"east": {"uv": [0, 0, 2.5, 0.2], "texture": "#0"},
				"south": {"uv": [9.25, 14.125, 11.75, 16], "texture": "#0"},
				"west": {"uv": [9.25, 14.125, 11.75, 16], "texture": "#0"},
				"up": {"uv": [9.25, 14.125, 11.75, 16], "texture": "#0"},
				"down": {"uv": [0, 14.125, 3.125, 16], "texture": "#0"}
			}
		},
		{
			"from": [7.54, 2.284, 1.264],
			"to": [8.46, 3.424, 1.624],
			"rotation": {"angle": -22.5, "axis": "x", "origin": [8, 2.74, 1.516]},
			"faces": {
				"north": {"uv": [0, 10, 6.25, 12.25], "texture": "#0"},
				"east": {"uv": [0, 10, 6.25, 12.25], "texture": "#0"},
				"south": {"uv": [11.875, 14.125, 16, 16], "rotation": 270, "texture": "#0"},
				"west": {"uv": [0, 10, 6.25, 12.25], "texture": "#0"},
				"up": {"uv": [0, 2.75, 16, 5.375], "texture": "#0"},
				"down": {"uv": [3.25, 14.125, 7.125, 16], "texture": "#0"}
			}
		},
		{
			"from": [7.54, 2.308, 1.5],
			"to": [8.46, 2.724, 10.04],
			"rotation": {"angle": 0, "axis": "y", "origin": [8, 2.74, 3.172]},
			"faces": {
				"north": {"uv": [0, 0, 2, 3.1], "texture": "#0"},
				"east": {"uv": [0, 5.375, 16, 6.875], "texture": "#0"},
				"south": {"uv": [0, 2.75, 16, 5.375], "texture": "#0"},
				"west": {"uv": [0, 5.375, 16, 6.875], "texture": "#0"},
				"up": {"uv": [0, 0, 2, 16], "texture": "#0"},
				"down": {"uv": [0, 2.75, 16, 5.375], "texture": "#0"}
			}
		},
		{
			"from": [7.54, 2.708, 1.3],
			"to": [8.46, 3.424, 10.04],
			"rotation": {"angle": 0, "axis": "y", "origin": [8, 2.74, 3.172]},
			"faces": {
				"north": {"uv": [0, 2.75, 16, 5.375], "texture": "#0"},
				"east": {"uv": [0, 6.875, 16, 9.975], "rotation": 180, "texture": "#0"},
				"south": {"uv": [0, 2.75, 16, 5.375], "texture": "#0"},
				"west": {"uv": [0, 6.875, 16, 9.975], "texture": "#0"},
				"up": {"uv": [0, 2.75, 16, 5.375], "texture": "#0"},
				"down": {"uv": [0, 0, 2, 16], "texture": "#0"}
			}
		},
		{
			"from": [7.84, 1.396, 6.612],
			"to": [8.36, 3.236, 6.728],
			"rotation": {"angle": 0, "axis": "x", "origin": [8.1, 2.366, 7.37]},
			"faces": {
				"north": {"uv": [0, 2.75, 16, 5.375], "texture": "#0"},
				"east": {"uv": [0, 2.75, 16, 5.375], "texture": "#0"},
				"south": {"uv": [0, 2.75, 16, 5.375], "texture": "#0"},
				"west": {"uv": [0, 2.75, 16, 5.375], "texture": "#0"},
				"up": {"uv": [0, 0, 2, 3.1], "texture": "#0"},
				"down": {"uv": [0, 0, 2, 3.1], "rotation": 180, "texture": "#0"}
			}
		},
		{
			"from": [7.64, 1.73238, 10.93364],
			"to": [8.36, 2.14838, 11.47364],
			"rotation": {"angle": 45, "axis": "x", "origin": [8, 1.99038, 11.70364]},
			"faces": {
				"north": {"uv": [0, 0, 2, 3.1], "texture": "#0"},
				"east": {"uv": [0, 2.75, 16, 5.375], "texture": "#0"},
				"south": {"uv": [0, 0, 2, 3.1], "texture": "#0"},
				"west": {"uv": [0, 2.75, 16, 5.375], "texture": "#0"},
				"up": {"uv": [0, 0, 2, 16], "texture": "#0"},
				"down": {"uv": [0, 2.75, 16, 5.375], "texture": "#0"}
			}
		},
		{
			"from": [7.64, 1.45, 11.4],
			"to": [8.36, 2.35, 13.44],
			"rotation": {"angle": 22.5, "axis": "x", "origin": [8, 1.77373, 12.60476]},
			"faces": {
				"north": {"uv": [0, 0, 2, 3.1], "texture": "#0"},
				"east": {"uv": [0, 2.75, 16, 5.375], "texture": "#0"},
				"south": {"uv": [0, 2.75, 16, 5.375], "texture": "#0"},
				"west": {"uv": [0, 2.75, 16, 5.375], "texture": "#0"},
				"up": {"uv": [0, 2.75, 16, 5.375], "texture": "#0"},
				"down": {"uv": [0, 0, 2, 16], "texture": "#0"}
			}
		},
		{
			"from": [7.64, -1.75, 11.4],
			"to": [8.36, 1.45, 13.34],
			"rotation": {"angle": 22.5, "axis": "x", "origin": [8, 1.77373, 12.60476]},
			"faces": {
				"north": {"uv": [0, 1.75, 10, 2.75], "texture": "#0"},
				"east": {"uv": [10, 0, 16, 2.75], "rotation": 90, "texture": "#0"},
				"south": {"uv": [0, 1.75, 10, 2.75], "texture": "#0"},
				"west": {"uv": [10, 0, 16, 2.75], "rotation": 90, "texture": "#0"},
				"up": {"uv": [0, 0, 2, 16], "texture": "#0"},
				"down": {"uv": [0, 1.75, 10, 2.75], "texture": "#0"}
			}
		},
		{
			"from": [7.74, -1.75, 11.3],
			"to": [8.26, 1.55, 13.44],
			"rotation": {"angle": 22.5, "axis": "x", "origin": [8, 1.77373, 12.60476]},
			"faces": {
				"north": {"uv": [0, 1.75, 10, 2.75], "texture": "#0"},
				"east": {"uv": [10, 0, 16, 2.75], "texture": "#0"},
				"south": {"uv": [0, 1.75, 10, 2.75], "texture": "#0"},
				"west": {"uv": [10, 0, 16, 2.75], "texture": "#0"},
				"up": {"uv": [0, 1.75, 10, 2.75], "texture": "#0"},
				"down": {"uv": [0, 1.75, 10, 2.75], "texture": "#0"}
			}
		},
		{
			"from": [7.54, 2.108, 3.1],
			"to": [8.46, 2.324, 4.44],
			"rotation": {"angle": 0, "axis": "y", "origin": [8, 2.74, 3.172]},
			"faces": {
				"north": {"uv": [0, 2.75, 16, 5.375], "texture": "#0"},
				"east": {"uv": [0, 2.75, 16, 5.375], "texture": "#0"},
				"south": {"uv": [0, 2.75, 16, 5.375], "texture": "#0"},
				"west": {"uv": [0, 2.75, 16, 5.375], "texture": "#0"},
				"up": {"uv": [0, 0, 2, 16], "texture": "#0"},
				"down": {"uv": [0, 2.75, 16, 5.375], "texture": "#0"}
			}
		},
		{
			"from": [7.74, 2.008, 3.4],
			"to": [8.26, 2.124, 4.44],
			"rotation": {"angle": 0, "axis": "y", "origin": [8, 2.74, 3.172]},
			"faces": {
				"north": {"uv": [0, 2.75, 16, 5.375], "texture": "#0"},
				"east": {"uv": [0, 2.75, 16, 5.375], "texture": "#0"},
				"south": {"uv": [0, 0, 2, 3.1], "texture": "#0"},
				"west": {"uv": [0, 2.75, 16, 5.375], "texture": "#0"},
				"up": {"uv": [0, 0, 2, 16], "texture": "#0"},
				"down": {"uv": [0, 2.75, 16, 5.375], "texture": "#0"}
			}
		},
		{
			"from": [7.54, 0.146, 4.162],
			"to": [8.46, 1.986, 4.362],
			"rotation": {"angle": -22.5, "axis": "x", "origin": [8, 2.216, 3.57]},
			"faces": {
				"north": {"uv": [0, 2.75, 16, 5.375], "texture": "#0"},
				"east": {"uv": [0, 2.75, 16, 5.375], "texture": "#0"},
				"south": {"uv": [0, 2.75, 16, 5.375], "texture": "#0"},
				"west": {"uv": [0, 2.75, 16, 5.375], "texture": "#0"},
				"up": {"uv": [0, 0, 2, 3.1], "rotation": 180, "texture": "#0"},
				"down": {"uv": [0, 0, 2, 3.1], "texture": "#0"}
			}
		},
		{
			"from": [7.74, -0.39434, 6.96534],
			"to": [8.26, 0.02166, 8.40534],
			"rotation": {"angle": 0, "axis": "y", "origin": [7.9, 0.21366, 5.98534]},
			"faces": {
				"north": {"uv": [0, 0, 2, 3.1], "texture": "#0"},
				"east": {"uv": [0, 2.75, 16, 5.375], "texture": "#0"},
				"south": {"uv": [0, 2.75, 16, 5.375], "texture": "#0"},
				"west": {"uv": [0, 2.75, 16, 5.375], "texture": "#0"},
				"up": {"uv": [0, 2.75, 16, 5.375], "texture": "#0"},
				"down": {"uv": [0, 2.75, 16, 5.375], "texture": "#0"}
			}
		},
		{
			"from": [7.74, 0.04372, 4.674],
			"to": [8.26, 0.45972, 6.914],
			"rotation": {"angle": 22.5, "axis": "x", "origin": [7.9, -0.24828, 5.794]},
			"faces": {
				"north": {"uv": [0, 2.75, 16, 5.375], "texture": "#0"},
				"east": {"uv": [0, 2.75, 16, 5.375], "texture": "#0"},
				"south": {"uv": [0, 0, 2, 3.1], "texture": "#0"},
				"west": {"uv": [0, 2.75, 16, 5.375], "texture": "#0"},
				"up": {"uv": [0, 2.75, 16, 5.375], "texture": "#0"},
				"down": {"uv": [0, 2.75, 16, 5.375], "texture": "#0"}
			}
		},
		{
			"from": [7.74, 0.146, 4.062],
			"to": [8.26, 1.986, 4.478],
			"rotation": {"angle": -22.5, "axis": "x", "origin": [7.9, 2.216, 3.57]},
			"faces": {
				"north": {"uv": [0, 2.75, 16, 5.375], "texture": "#0"},
				"east": {"uv": [0, 2.75, 16, 5.375], "texture": "#0"},
				"south": {"uv": [0, 2.75, 16, 5.375], "texture": "#0"},
				"west": {"uv": [0, 2.75, 16, 5.375], "texture": "#0"},
				"up": {"uv": [0, 0, 2, 3.1], "rotation": 180, "texture": "#0"},
				"down": {"uv": [0, 0, 2, 3.1], "texture": "#0"}
			}
		},
		{
			"from": [7.54, 0.14372, 4.674],
			"to": [8.46, 0.35972, 6.914],
			"rotation": {"angle": 22.5, "axis": "x", "origin": [8, -0.24828, 5.794]},
			"faces": {
				"north": {"uv": [0, 0, 2, 3.1], "texture": "#0"},
				"east": {"uv": [0, 2.75, 16, 5.375], "texture": "#0"},
				"south": {"uv": [0, 0, 2, 3.1], "texture": "#0"},
				"west": {"uv": [0, 2.75, 16, 5.375], "texture": "#0"},
				"up": {"uv": [0, 2.75, 16, 5.375], "texture": "#0"},
				"down": {"uv": [0, 2.75, 16, 5.375], "texture": "#0"}
			}
		},
		{
			"from": [7.54, -0.29434, 6.96534],
			"to": [8.46, -0.07834, 8.40534],
			"rotation": {"angle": 0, "axis": "y", "origin": [8, 0.21366, 5.98534]},
			"faces": {
				"north": {"uv": [0, 0, 2, 3.1], "texture": "#0"},
				"east": {"uv": [0, 2.75, 16, 5.375], "texture": "#0"},
				"south": {"uv": [0, 0, 2, 3.1], "texture": "#0"},
				"west": {"uv": [0, 2.75, 16, 5.375], "texture": "#0"},
				"up": {"uv": [0, 2.75, 16, 5.375], "texture": "#0"},
				"down": {"uv": [0, 2.75, 16, 5.375], "texture": "#0"}
			}
		},
		{
			"from": [7.54, -0.19434, 7.76534],
			"to": [8.46, 2.72166, 9.00534],
			"rotation": {"angle": -22.5, "axis": "x", "origin": [8, 1.01366, 8.38534]},
			"faces": {
				"north": {"uv": [0, 2.75, 16, 5.375], "texture": "#0"},
				"east": {"uv": [0, 2.75, 16, 5.375], "texture": "#0"},
				"south": {"uv": [0, 2.75, 16, 5.375], "texture": "#0"},
				"west": {"uv": [0, 2.75, 16, 5.375], "texture": "#0"},
				"up": {"uv": [0, 0, 2, 16], "texture": "#0"},
				"down": {"uv": [0, 2.75, 16, 5.375], "texture": "#0"}
			}
		},
		{
			"from": [7.74, -0.19434, 7.66534],
			"to": [8.26, 2.72166, 9.10534],
			"rotation": {"angle": -22.5, "axis": "x", "origin": [8, 1.01366, 8.38534]},
			"faces": {
				"north": {"uv": [0, 2.75, 16, 5.375], "texture": "#0"},
				"east": {"uv": [0, 2.75, 16, 5.375], "texture": "#0"},
				"south": {"uv": [0, 2.75, 16, 5.375], "texture": "#0"},
				"west": {"uv": [0, 2.75, 16, 5.375], "texture": "#0"},
				"up": {"uv": [0, 0, 2, 16], "texture": "#0"},
				"down": {"uv": [0, 2.75, 16, 5.375], "texture": "#0"}
			}
		},
		{
			"from": [7.54, 2.07521, 8.31227],
			"to": [8.46, 2.49121, 9.05227],
			"rotation": {"angle": -22.5, "axis": "x", "origin": [8, 2.38321, 8.53227]},
			"faces": {
				"north": {"uv": [0, 0, 2, 3.1], "texture": "#0"},
				"east": {"uv": [0, 2.75, 16, 5.375], "texture": "#0"},
				"south": {"uv": [0, 0, 2, 3.1], "texture": "#0"},
				"west": {"uv": [0, 2.75, 16, 5.375], "texture": "#0"},
				"up": {"uv": [0, 0, 2, 16], "texture": "#0"},
				"down": {"uv": [0, 2.75, 16, 5.375], "texture": "#0"}
			}
		},
		{
			"from": [7.64, 3.408, 1.3],
			"to": [8.36, 3.824, 10.04],
			"rotation": {"angle": 0, "axis": "y", "origin": [8, 2.74, 3.172]},
			"faces": {
				"north": {"uv": [0, 2.75, 16, 5.375], "texture": "#0"},
				"east": {"uv": [0, 2.75, 16, 5.375], "texture": "#0"},
				"south": {"uv": [0, 2.75, 16, 5.375], "texture": "#0"},
				"west": {"uv": [0, 2.75, 16, 5.375], "texture": "#0"},
				"up": {"uv": [0, 2.75, 16, 5.375], "texture": "#0"},
				"down": {"uv": [0, 0, 2, 16], "texture": "#0"}
			}
		},
		{
			"from": [7.84, 3.808, 3.4],
			"to": [8.16, 4.324, 3.74],
			"rotation": {"angle": 0, "axis": "y", "origin": [8, 2.74, 3.172]},
			"faces": {
				"north": {"uv": [0, 2.75, 16, 5.375], "texture": "#0"},
				"east": {"uv": [0, 2.75, 16, 5.375], "texture": "#0"},
				"south": {"uv": [0, 2.75, 16, 5.375], "texture": "#0"},
				"west": {"uv": [0, 2.75, 16, 5.375], "texture": "#0"},
				"up": {"uv": [0, 2.75, 16, 5.375], "texture": "#0"},
				"down": {"uv": [0, 0, 2, 16], "texture": "#0"}
			}
		},
		{
			"from": [7.84, 4.108, 1.8],
			"to": [8.16, 4.224, 3.44],
			"rotation": {"angle": 0, "axis": "y", "origin": [8, 2.74, 3.172]},
			"faces": {
				"north": {"uv": [0, 0, 2, 3.1], "texture": "#0"},
				"east": {"uv": [0, 2.75, 16, 5.375], "texture": "#0"},
				"south": {"uv": [0, 0, 2, 3.1], "texture": "#0"},
				"west": {"uv": [0, 2.75, 16, 5.375], "texture": "#0"},
				"up": {"uv": [0, 2.75, 16, 5.375], "texture": "#0"},
				"down": {"uv": [0, 2.75, 16, 5.375], "texture": "#0"}
			}
		},
		{
			"from": [7.74, 3.808, 3.5],
			"to": [8.26, 4.324, 3.64],
			"rotation": {"angle": 0, "axis": "y", "origin": [8, 2.74, 3.172]},
			"faces": {
				"north": {"uv": [0, 2.75, 16, 5.375], "texture": "#0"},
				"east": {"uv": [0, 2.75, 16, 5.375], "texture": "#0"},
				"south": {"uv": [0, 2.75, 16, 5.375], "texture": "#0"},
				"west": {"uv": [0, 2.75, 16, 5.375], "texture": "#0"},
				"up": {"uv": [0, 2.75, 16, 5.375], "texture": "#0"},
				"down": {"uv": [0, 0, 2, 16], "texture": "#0"}
			}
		},
		{
			"from": [7.64, 2.308, 10],
			"to": [8.36, 3.624, 14.74],
			"rotation": {"angle": 0, "axis": "y", "origin": [8, 2.74, 3.172]},
			"faces": {
				"north": {"uv": [0, 0, 2, 3.1], "texture": "#0"},
				"east": {"uv": [0, 6.875, 16, 9.975], "texture": "#0"},
				"south": {"uv": [0, 2.75, 16, 5.375], "texture": "#0"},
				"west": {"uv": [2.5, 0, 10, 2.5], "texture": "#0"},
				"up": {"uv": [0, 6.875, 16, 9.975], "texture": "#0"},
				"down": {"uv": [0, 2.75, 16, 5.375], "texture": "#0"}
			}
		},
		{
			"from": [7.74, 3.608, 10],
			"to": [8.26, 3.924, 14.74],
			"rotation": {"angle": 0, "axis": "y", "origin": [8, 2.74, 3.172]},
			"faces": {
				"north": {"uv": [0, 0, 2, 3.1], "texture": "#0"},
				"east": {"uv": [0, 6.875, 16, 9.975], "texture": "#0"},
				"south": {"uv": [0, 0, 2, 3.1], "texture": "#0"},
				"west": {"uv": [0, 6.875, 16, 9.975], "texture": "#0"},
				"up": {"uv": [0, 6.875, 16, 9.975], "rotation": 90, "texture": "#0"},
				"down": {"uv": [0, 0, 2, 16], "texture": "#0"}
			}
		},
		{
			"from": [7.74, 2.008, 12.7],
			"to": [8.26, 2.324, 14.74],
			"rotation": {"angle": 0, "axis": "y", "origin": [8, 2.74, 3.172]},
			"faces": {
				"north": {"uv": [0, 0, 2, 3.1], "texture": "#0"},
				"east": {"uv": [0, 6.875, 16, 9.975], "texture": "#0"},
				"south": {"uv": [0, 0, 2, 3.1], "texture": "#0"},
				"west": {"uv": [0, 6.875, 16, 9.975], "texture": "#0"},
				"up": {"uv": [0, 0, 2, 16], "texture": "#0"},
				"down": {"uv": [0, 6.875, 16, 9.975], "texture": "#0"}
			}
		},
		{
			"from": [7.64, 1.908, 14.7],
			"to": [8.36, 2.224, 15.44],
			"rotation": {"angle": 22.5, "axis": "x", "origin": [8, 2.166, 15.07]},
			"faces": {
				"north": {"uv": [0, 6.875, 16, 9.975], "texture": "#0"},
				"east": {"uv": [0, 6.875, 16, 9.975], "texture": "#0"},
				"south": {"uv": [0, 2.75, 16, 5.375], "texture": "#0"},
				"west": {"uv": [0, 6.875, 16, 9.975], "texture": "#0"},
				"up": {"uv": [0, 0, 2, 16], "texture": "#0"},
				"down": {"uv": [0, 6.875, 16, 9.975], "texture": "#0"}
			}
		},
		{
			"from": [7.64, 3.608, 15.3],
			"to": [8.36, 3.924, 16.04],
			"rotation": {"angle": -22.5, "axis": "x", "origin": [8, 2.166, 15.07]},
			"faces": {
				"north": {"uv": [0, 6.875, 16, 9.975], "texture": "#0"},
				"east": {"uv": [0, 6.875, 16, 9.975], "texture": "#0"},
				"south": {"uv": [0, 6.875, 16, 9.975], "texture": "#0"},
				"west": {"uv": [0, 6.875, 16, 9.975], "texture": "#0"},
				"up": {"uv": [0, 6.875, 16, 9.975], "texture": "#0"},
				"down": {"uv": [0, 0, 2, 16], "texture": "#0"}
			}
		},
		{
			"from": [7.64, 1.808, 15.3],
			"to": [8.36, 4.124, 16.74],
			"rotation": {"angle": 0, "axis": "y", "origin": [8, 2.166, 15.07]},
			"faces": {
				"north": {"uv": [0, 0, 2, 3.1], "texture": "#0"},
				"east": {"uv": [0, 6.875, 16, 9.975], "rotation": 90, "texture": "#0"},
				"south": {"uv": [0, 2.75, 16, 5.375], "texture": "#0"},
				"west": {"uv": [0, 6.875, 16, 9.975], "texture": "#0"},
				"up": {"uv": [0, 6.875, 16, 9.975], "texture": "#0"},
				"down": {"uv": [0, 6.875, 16, 9.975], "texture": "#0"}
			}
		},
		{
			"from": [7.54, 1.808, 16.74],
			"to": [8.46, 4.124, 16.84],
			"rotation": {"angle": 0, "axis": "y", "origin": [8, 2.166, 15.07]},
			"faces": {
				"north": {"uv": [0, 6.875, 16, 9.975], "texture": "#0"},
				"east": {"uv": [0, 6.875, 16, 9.975], "texture": "#0"},
				"south": {"uv": [0, 6.875, 16, 9.975], "rotation": 90, "texture": "#0"},
				"west": {"uv": [0, 6.875, 16, 9.975], "texture": "#0"},
				"up": {"uv": [0, 6.875, 16, 9.975], "texture": "#0"},
				"down": {"uv": [0, 6.875, 16, 9.975], "texture": "#0"}
			}
		},
		{
			"from": [7.64, 2.108, 14.7],
			"to": [8.36, 3.924, 15.34],
			"rotation": {"angle": 0, "axis": "y", "origin": [8, 2.166, 15.07]},
			"faces": {
				"north": {"uv": [0, 2.75, 16, 5.375], "texture": "#0"},
				"east": {"uv": [0, 6.875, 16, 9.975], "rotation": 90, "texture": "#0"},
				"south": {"uv": [0, 0, 2, 3.1], "texture": "#0"},
				"west": {"uv": [0, 6.875, 16, 9.975], "texture": "#0"},
				"up": {"uv": [0, 2.75, 16, 5.375], "texture": "#0"},
				"down": {"uv": [0, 0, 2, 16], "texture": "#0"}
			}
		},
		{
			"from": [7.84, 3.746, 5.962],
			"to": [8.16, 4.086, 6.278],
			"rotation": {"angle": 0, "axis": "y", "origin": [7.95, 3.866, 6.52]},
			"faces": {
				"north": {"uv": [0, 2.75, 16, 5.375], "texture": "#0"},
				"east": {"uv": [0, 2.75, 16, 5.375], "texture": "#0"},
				"south": {"uv": [0, 0, 2, 16], "texture": "#0"},
				"west": {"uv": [0, 2.75, 16, 5.375], "texture": "#0"},
				"up": {"uv": [0, 2.75, 16, 5.375], "texture": "#0"},
				"down": {"uv": [0, 0, 2, 3.1], "rotation": 180, "texture": "#0"}
			}
		},
		{
			"from": [7.84, 3.746, 5.062],
			"to": [8.16, 3.946, 5.978],
			"rotation": {"angle": 0, "axis": "y", "origin": [7.95, 3.866, 6.52]},
			"faces": {
				"north": {"uv": [0, 2.75, 16, 5.375], "texture": "#0"},
				"east": {"uv": [0, 2.75, 16, 5.375], "texture": "#0"},
				"south": {"uv": [0, 0, 2, 16], "texture": "#0"},
				"west": {"uv": [0, 2.75, 16, 5.375], "texture": "#0"},
				"up": {"uv": [0, 2.75, 16, 5.375], "texture": "#0"},
				"down": {"uv": [0, 0, 2, 3.1], "rotation": 180, "texture": "#0"}
			}
		},
		{
			"from": [7.84, 3.746, 6.262],
			"to": [8.16, 4.286, 6.578],
			"rotation": {"angle": 0, "axis": "y", "origin": [7.95, 3.866, 6.52]},
			"faces": {
				"north": {"uv": [0, 2.75, 16, 5.375], "texture": "#0"},
				"east": {"uv": [0, 2.75, 16, 5.375], "texture": "#0"},
				"south": {"uv": [0, 2.75, 16, 5.375], "texture": "#0"},
				"west": {"uv": [0, 2.75, 16, 5.375], "texture": "#0"},
				"up": {"uv": [0, 2.75, 16, 5.375], "texture": "#0"},
				"down": {"uv": [0, 0, 2, 3.1], "rotation": 180, "texture": "#0"}
			}
		},
		{
			"from": [7.94, 4.52884, 5.93774],
			"to": [8.06, 5.06884, 6.35374],
			"rotation": {"angle": -45, "axis": "x", "origin": [7.95, 4.79884, 6.09574]},
			"faces": {
				"north": {"uv": [0, 2.75, 16, 5.375], "texture": "#0"},
				"east": {"uv": [0, 2.75, 16, 5.375], "texture": "#0"},
				"south": {"uv": [0, 2.75, 16, 5.375], "texture": "#0"},
				"west": {"uv": [0, 2.75, 16, 5.375], "texture": "#0"},
				"up": {"uv": [0, 2.75, 16, 5.375], "texture": "#0"},
				"down": {"uv": [0, 0, 2, 3.1], "rotation": 180, "texture": "#0"}
			}
		},
		{
			"from": [7.94, 4.246, 6.162],
			"to": [8.06, 4.786, 6.578],
			"rotation": {"angle": -22.5, "axis": "x", "origin": [7.95, 4.516, 6.52]},
			"faces": {
				"north": {"uv": [0, 2.75, 16, 5.375], "texture": "#0"},
				"east": {"uv": [0, 2.75, 16, 5.375], "texture": "#0"},
				"south": {"uv": [0, 2.75, 16, 5.375], "texture": "#0"},
				"west": {"uv": [0, 2.75, 16, 5.375], "texture": "#0"},
				"up": {"uv": [0, 0, 2, 3.1], "texture": "#0"},
				"down": {"uv": [0, 0, 2, 3.1], "rotation": 180, "texture": "#0"}
			}
		},
		{
			"from": [7.94, 3.746, 6.062],
			"to": [8.06, 4.286, 6.678],
			"rotation": {"angle": 0, "axis": "y", "origin": [7.95, 3.866, 6.52]},
			"faces": {
				"north": {"uv": [0, 2.75, 16, 5.375], "texture": "#0"},
				"east": {"uv": [0, 2.75, 16, 5.375], "texture": "#0"},
				"south": {"uv": [0, 2.75, 16, 5.375], "texture": "#0"},
				"west": {"uv": [0, 2.75, 16, 5.375], "texture": "#0"},
				"up": {"uv": [0, 2.75, 16, 5.375], "texture": "#0"},
				"down": {"uv": [0, 0, 2, 3.1], "rotation": 180, "texture": "#0"}
			}
		},
		{
			"from": [7.84, 4.246, 6.362],
			"to": [8.16, 4.786, 6.478],
			"rotation": {"angle": -22.5, "axis": "x", "origin": [7.95, 4.516, 6.52]},
			"faces": {
				"north": {"uv": [0, 2.75, 16, 5.375], "texture": "#0"},
				"east": {"uv": [0, 2.75, 16, 5.375], "texture": "#0"},
				"south": {"uv": [0, 2.75, 16, 5.375], "texture": "#0"},
				"west": {"uv": [0, 2.75, 16, 5.375], "texture": "#0"},
				"up": {"uv": [0, 0, 2, 3.1], "texture": "#0"},
				"down": {"uv": [0, 0, 2, 3.1], "rotation": 180, "texture": "#0"}
			}
		},
		{
			"from": [7.84, 4.52884, 6.13774],
			"to": [8.16, 5.06884, 6.25374],
			"rotation": {"angle": -45, "axis": "x", "origin": [7.95, 4.79884, 6.09574]},
			"faces": {
				"north": {"uv": [0, 2.75, 16, 5.375], "texture": "#0"},
				"east": {"uv": [0, 2.75, 16, 5.375], "texture": "#0"},
				"south": {"uv": [0, 2.75, 16, 5.375], "texture": "#0"},
				"west": {"uv": [0, 2.75, 16, 5.375], "texture": "#0"},
				"up": {"uv": [0, 2.75, 16, 5.375], "texture": "#0"},
				"down": {"uv": [0, 0, 2, 3.1], "rotation": 180, "texture": "#0"}
			}
		},
		{
			"from": [7.64, 3.808, 8.76],
			"to": [8.36, 4.024, 9.5],
			"rotation": {"angle": 0, "axis": "y", "origin": [8, 2.74, 8.128]},
			"faces": {
				"north": {"uv": [0, 2.75, 16, 5.375], "texture": "#0"},
				"east": {"uv": [0, 2.75, 16, 5.375], "texture": "#0"},
				"south": {"uv": [2, 0, 0, 3.1], "texture": "#0"},
				"west": {"uv": [0, 2.75, 16, 5.375], "texture": "#0"},
				"up": {"uv": [0, 2.75, 16, 5.375], "texture": "#0"},
				"down": {"uv": [0, 16, 2, 0], "texture": "#0"}
			}
		},
		{
			"from": [7.64, 3.85, 8.56],
			"to": [8.36, 4.066, 8.8],
			"rotation": {"angle": -22.5, "axis": "x", "origin": [8, 3.916, 8.88]},
			"faces": {
				"north": {"uv": [0, 2.75, 16, 5.375], "texture": "#0"},
				"east": {"uv": [0, 2.75, 16, 5.375], "texture": "#0"},
				"south": {"uv": [0, 2.75, 16, 5.375], "texture": "#0"},
				"west": {"uv": [0, 2.75, 16, 5.375], "texture": "#0"},
				"up": {"uv": [0, 2.75, 16, 5.375], "texture": "#0"},
				"down": {"uv": [0, 16, 2, 0], "texture": "#0"}
			}
		},
		{
			"from": [7.64, 3.26496, 1.096],
			"to": [7.86, 5.00288, 1.4008],
			"rotation": {"angle": 0, "axis": "y", "origin": [8, 2.6688, 2.89264]},
			"faces": {
				"north": {"uv": [0, 2.75, 16, 5.375], "texture": "#0"},
				"east": {"uv": [0, 2.75, 16, 5.375], "texture": "#0"},
				"south": {"uv": [0, 0, 2, 3.1], "texture": "#0"},
				"west": {"uv": [0, 2.75, 16, 5.375], "texture": "#0"},
				"up": {"uv": [0, 2.75, 16, 5.375], "texture": "#0"},
				"down": {"uv": [0, 0, 2, 16], "texture": "#0"}
			}
		},
		{
			"from": [8.14, 5.54496, 1.444],
			"to": [8.36, 6.01088, 9.8368],
			"rotation": {"angle": 0, "axis": "y", "origin": [8.5, 1.8848, 2.89264]},
			"faces": {
				"north": {"uv": [0, 2.75, 16, 5.375], "texture": "#0"},
				"east": {"uv": [0, 2.75, 16, 5.375], "texture": "#0"},
				"south": {"uv": [0, 2.75, 16, 5.375], "texture": "#0"},
				"west": {"uv": [0, 2.75, 16, 5.375], "texture": "#0"},
				"up": {"uv": [0, 2.75, 16, 5.375], "texture": "#0"},
				"down": {"uv": [0, 0, 2, 16], "texture": "#0"}
			}
		},
		{
			"from": [8.14, 4.87296, 9.7112],
			"to": [8.36, 5.99296, 10.016],
			"rotation": {"angle": -22.5, "axis": "x", "origin": [8.5, 5.54496, 9.9376]},
			"faces": {
				"north": {"uv": [2, 0, 0, 3.1], "texture": "#0"},
				"east": {"uv": [0, 2.75, 16, 5.375], "texture": "#0"},
				"south": {"uv": [0, 2.75, 16, 5.375], "texture": "#0"},
				"west": {"uv": [0, 2.75, 16, 5.375], "texture": "#0"},
				"up": {"uv": [0, 16, 2, 0], "texture": "#0"},
				"down": {"uv": [0, 16, 2, 0], "texture": "#0"}
			}
		},
		{
			"from": [8.14, 3.86496, 9.9352],
			"to": [8.36, 5.00288, 10.24],
			"rotation": {"angle": 0, "axis": "y", "origin": [8.5, 2.6688, 8.14336]},
			"faces": {
				"north": {"uv": [2, 0, 0, 3.1], "texture": "#0"},
				"east": {"uv": [0, 2.75, 16, 5.375], "texture": "#0"},
				"south": {"uv": [0, 2.75, 16, 5.375], "texture": "#0"},
				"west": {"uv": [0, 2.75, 16, 5.375], "texture": "#0"},
				"up": {"uv": [0, 16, 2, 0], "texture": "#0"},
				"down": {"uv": [0, 16, 2, 0], "texture": "#0"}
			}
		},
		{
			"from": [8.14, 4.87296, 1.32],
			"to": [8.36, 5.99296, 1.6248],
			"rotation": {"angle": 22.5, "axis": "x", "origin": [8.5, 5.54496, 1.0984]},
			"faces": {
				"north": {"uv": [0, 2.75, 16, 5.375], "texture": "#0"},
				"east": {"uv": [0, 2.75, 16, 5.375], "texture": "#0"},
				"south": {"uv": [0, 0, 2, 3.1], "texture": "#0"},
				"west": {"uv": [0, 2.75, 16, 5.375], "texture": "#0"},
				"up": {"uv": [0, 0, 2, 16], "texture": "#0"},
				"down": {"uv": [0, 0, 2, 16], "texture": "#0"}
			}
		},
		{
			"from": [8.14, 3.26496, 1.096],
			"to": [8.36, 5.00288, 1.4008],
			"rotation": {"angle": 0, "axis": "y", "origin": [8.5, 2.6688, 2.89264]},
			"faces": {
				"north": {"uv": [0, 2.75, 16, 5.375], "texture": "#0"},
				"east": {"uv": [0, 2.75, 16, 5.375], "texture": "#0"},
				"south": {"uv": [0, 0, 2, 3.1], "texture": "#0"},
				"west": {"uv": [0, 2.75, 16, 5.375], "texture": "#0"},
				"up": {"uv": [0, 2.75, 16, 5.375], "texture": "#0"},
				"down": {"uv": [0, 0, 2, 16], "texture": "#0"}
			}
		},
		{
			"from": [7.64, 4.87296, 1.32],
			"to": [7.86, 5.99296, 1.6248],
			"rotation": {"angle": 22.5, "axis": "x", "origin": [8, 5.54496, 1.0984]},
			"faces": {
				"north": {"uv": [0, 2.75, 16, 5.375], "texture": "#0"},
				"east": {"uv": [0, 2.75, 16, 5.375], "texture": "#0"},
				"south": {"uv": [0, 0, 2, 3.1], "texture": "#0"},
				"west": {"uv": [0, 2.75, 16, 5.375], "texture": "#0"},
				"up": {"uv": [0, 0, 2, 16], "texture": "#0"},
				"down": {"uv": [0, 0, 2, 16], "texture": "#0"}
			}
		},
		{
			"from": [7.64, 3.86496, 9.9352],
			"to": [7.86, 5.00288, 10.24],
			"rotation": {"angle": 0, "axis": "y", "origin": [8, 2.6688, 8.14336]},
			"faces": {
				"north": {"uv": [2, 0, 0, 3.1], "texture": "#0"},
				"east": {"uv": [0, 2.75, 16, 5.375], "texture": "#0"},
				"south": {"uv": [0, 2.75, 16, 5.375], "texture": "#0"},
				"west": {"uv": [0, 2.75, 16, 5.375], "texture": "#0"},
				"up": {"uv": [0, 16, 2, 0], "texture": "#0"},
				"down": {"uv": [0, 16, 2, 0], "texture": "#0"}
			}
		},
		{
			"from": [7.64, 4.87296, 9.7112],
			"to": [7.86, 5.99296, 10.016],
			"rotation": {"angle": -22.5, "axis": "x", "origin": [8, 5.54496, 9.9376]},
			"faces": {
				"north": {"uv": [2, 0, 0, 3.1], "texture": "#0"},
				"east": {"uv": [0, 2.75, 16, 5.375], "texture": "#0"},
				"south": {"uv": [0, 2.75, 16, 5.375], "texture": "#0"},
				"west": {"uv": [0, 2.75, 16, 5.375], "texture": "#0"},
				"up": {"uv": [0, 16, 2, 0], "texture": "#0"},
				"down": {"uv": [0, 16, 2, 0], "texture": "#0"}
			}
		},
		{
			"from": [7.64, 5.54496, 1.444],
			"to": [7.86, 6.01088, 9.8368],
			"rotation": {"angle": 0, "axis": "y", "origin": [8, 1.8848, 2.89264]},
			"faces": {
				"north": {"uv": [0, 2.75, 16, 5.375], "texture": "#0"},
				"east": {"uv": [0, 2.75, 16, 5.375], "texture": "#0"},
				"south": {"uv": [0, 2.75, 16, 5.375], "texture": "#0"},
				"west": {"uv": [0, 2.75, 16, 5.375], "texture": "#0"},
				"up": {"uv": [0, 2.75, 16, 5.375], "texture": "#0"},
				"down": {"uv": [0, 0, 2, 16], "texture": "#0"}
			}
		},
		{
			"from": [8, 5.74496, 1.644],
			"to": [8.02, 5.91088, 2.2368],
			"rotation": {"angle": 0, "axis": "y", "origin": [8, 1.8848, 2.89264]},
			"faces": {
				"north": {"uv": [0, 2.75, 16, 5.375], "texture": "#0"},
				"east": {"uv": [0, 2.75, 16, 5.375], "texture": "#0"},
				"south": {"uv": [0, 2.75, 16, 5.375], "texture": "#0"},
				"west": {"uv": [0, 2.75, 16, 5.375], "texture": "#0"},
				"up": {"uv": [0, 2.75, 16, 5.375], "texture": "#0"},
				"down": {"uv": [0, 0, 2, 16], "texture": "#0"}
			}
		},
		{
			"from": [7.64, 3.808, 1.3],
			"to": [8.36, 4.824, 1.84],
			"rotation": {"angle": 0, "axis": "y", "origin": [8, 2.74, 3.172]},
			"faces": {
				"north": {"uv": [0, 2.75, 16, 5.375], "texture": "#0"},
				"east": {"uv": [0, 2.75, 16, 5.375], "texture": "#0"},
				"south": {"uv": [0, 2.75, 16, 5.375], "texture": "#0"},
				"west": {"uv": [0, 2.75, 16, 5.375], "texture": "#0"},
				"up": {"uv": [0, 0, 2, 16], "texture": "#0"},
				"down": {"uv": [0, 0, 2, 16], "texture": "#0"}
			}
		},
		{
			"from": [7.64, 4.708, 1.5],
			"to": [8.36, 5.708, 2.04],
			"rotation": {"angle": 22.5, "axis": "x", "origin": [8, 5.308, 1.57]},
			"faces": {
				"north": {"uv": [0, 2.75, 16, 5.375], "texture": "#0"},
				"east": {"uv": [0, 2.75, 16, 5.375], "texture": "#0"},
				"south": {"uv": [0, 2.75, 16, 5.375], "texture": "#0"},
				"west": {"uv": [0, 2.75, 16, 5.375], "texture": "#0"},
				"up": {"uv": [0, 2.75, 16, 5.375], "texture": "#0"},
				"down": {"uv": [0, 0, 2, 16], "texture": "#0"}
			}
		},
		{
			"from": [7.64, 3.808, 9.46],
			"to": [8.36, 4.824, 10],
			"rotation": {"angle": 0, "axis": "y", "origin": [8, 2.74, 8.128]},
			"faces": {
				"north": {"uv": [0, 2.75, 16, 5.375], "texture": "#0"},
				"east": {"uv": [0, 2.75, 16, 5.375], "texture": "#0"},
				"south": {"uv": [0, 2.75, 16, 5.375], "texture": "#0"},
				"west": {"uv": [0, 2.75, 16, 5.375], "texture": "#0"},
				"up": {"uv": [0, 16, 2, 0], "texture": "#0"},
				"down": {"uv": [0, 16, 2, 0], "texture": "#0"}
			}
		},
		{
			"from": [7.64, 4.708, 9.26],
			"to": [8.36, 5.708, 9.8],
			"rotation": {"angle": -22.5, "axis": "x", "origin": [8, 5.308, 9.73]},
			"faces": {
				"north": {"uv": [0, 2.75, 16, 5.375], "texture": "#0"},
				"east": {"uv": [0, 2.75, 16, 5.375], "texture": "#0"},
				"south": {"uv": [0, 2.75, 16, 5.375], "texture": "#0"},
				"west": {"uv": [0, 2.75, 16, 5.375], "texture": "#0"},
				"up": {"uv": [0, 16, 2, 0], "texture": "#0"},
				"down": {"uv": [0, 16, 2, 0], "texture": "#0"}
			}
		},
		{
			"from": [7.64, 5.308, 1.7],
			"to": [8.36, 5.724, 9.64],
			"rotation": {"angle": 0, "axis": "y", "origin": [8, 2.04, 3.172]},
			"faces": {
				"north": {"uv": [0, 2.75, 16, 5.375], "texture": "#0"},
				"east": {"uv": [0, 2.75, 16, 5.375], "texture": "#0"},
				"south": {"uv": [0, 2.75, 16, 5.375], "texture": "#0"},
				"west": {"uv": [0, 2.75, 16, 5.375], "texture": "#0"},
				"up": {"uv": [0, 2.75, 16, 5.375], "texture": "#0"},
				"down": {"uv": [0, 2.75, 16, 5.375], "texture": "#0"}
			}
		}
	],
	"display": {
		"thirdperson_righthand": {
			"translation": [0, 4.5, 1.75],
			"scale": [0.8, 0.8, 0.8]
		},
		"thirdperson_lefthand": {
			"translation": [0, 5, 1.75],
			"scale": [0.8, 0.8, 0.8]
		},
		"firstperson_righthand": {
			"translation": [-9, 11.25, 2.5],
			"scale": [1.52, 1.5, 1]
		},
		"firstperson_lefthand": {
			"rotation": [-24, 51, 0],
			"translation": [0, 5.75, 0]
		},
		"ground": {
			"rotation": [0, 0, 88],
			"translation": [-4.25, -3.25, 0]
		},
		"gui": {
			"rotation": [0, -93, 0],
			"translation": [0, 4.75, 0]
		},
		"head": {
			"translation": [0, 13.75, 0]
		},
		"fixed": {
			"rotation": [4, -89, -1],
			"translation": [-0.5, 5.5, -0.5]
		}
	}
}