{
	"credit": "Made with Blockbench",
	"texture_size": [64, 64],
	"textures": {
		"1": "nubx/texture_98k",
		"particle": "nubx/texture_98k"
	},
	"elements": [
		{
			"from": [-0.3, 3.7, 7.8],
			"to": [1.2, 3.8, 8.2],
			"rotation": {"angle": 0, "axis": "y", "origin": [-2.55, 3.4, 8]},
			"faces": {
				"north": {"uv": [8.75, 0.75, 15.75, 2], "texture": "#1"},
				"east": {"uv": [8.75, 0.75, 15.75, 2], "texture": "#1"},
				"south": {"uv": [8.75, 0.75, 15.75, 2], "texture": "#1"},
				"west": {"uv": [0, 0, 0.1, 0.025], "texture": "#1"},
				"up": {"uv": [8.75, 0.75, 15.75, 2], "texture": "#1"},
				"down": {"uv": [0, 0, 0.375, 0.1], "texture": "#1"}
			}
		},
		{
			"from": [-3.1, 3.6, 7.7],
			"to": [-2.6, 3.7, 8.3],
			"rotation": {"angle": 0, "axis": "y", "origin": [-2.55, 3.4, 8]},
			"faces": {
				"north": {"uv": [8.75, 0.75, 8.875, 0.775], "texture": "#1"},
				"east": {"uv": [8.75, 0.75, 8.9, 0.775], "texture": "#1"},
				"south": {"uv": [8.75, 0.75, 8.875, 0.775], "texture": "#1"},
				"west": {"uv": [8.75, 0.75, 8.9, 0.775], "texture": "#1"},
				"up": {"uv": [8.75, 0.75, 8.875, 0.9], "texture": "#1"},
				"down": {"uv": [0, 0, 0.125, 0.15], "texture": "#1"}
			}
		},
		{
			"from": [-3.1, 3.4, 7.6],
			"to": [-2.6, 3.6, 8.4],
			"rotation": {"angle": 0, "axis": "y", "origin": [-2.55, 3.4, 8]},
			"faces": {
				"north": {"uv": [8.75, 0.75, 8.875, 0.8], "texture": "#1"},
				"east": {"uv": [8.75, 0.75, 8.95, 0.8], "texture": "#1"},
				"south": {"uv": [8.75, 0.75, 8.875, 0.8], "texture": "#1"},
				"west": {"uv": [8.75, 0.75, 8.95, 0.8], "texture": "#1"},
				"up": {"uv": [8.75, 0.75, 8.875, 0.95], "texture": "#1"},
				"down": {"uv": [0, 0, 0.125, 0.2], "texture": "#1"}
			}
		},
		{
			"from": [-3.1, 3.7, 7.8],
			"to": [-2.6, 3.8, 8.2],
			"rotation": {"angle": 0, "axis": "y", "origin": [-2.55, 3.4, 8]},
			"faces": {
				"north": {"uv": [8.75, 0.75, 8.875, 0.775], "texture": "#1"},
				"east": {"uv": [8.75, 0.75, 8.85, 0.775], "texture": "#1"},
				"south": {"uv": [8.75, 0.75, 8.875, 0.775], "texture": "#1"},
				"west": {"uv": [8.75, 0.75, 8.85, 0.775], "texture": "#1"},
				"up": {"uv": [8.75, 0.75, 8.875, 0.85], "texture": "#1"},
				"down": {"uv": [0, 0, 0.125, 0.1], "texture": "#1"}
			}
		},
		{
			"from": [-0.3, 3.4, 7.6],
			"to": [1.2, 3.6, 8.4],
			"rotation": {"angle": 0, "axis": "y", "origin": [-2.55, 3.4, 8]},
			"faces": {
				"north": {"uv": [8.75, 0.75, 15.75, 2], "texture": "#1"},
				"east": {"uv": [8.75, 0.75, 15.75, 2], "texture": "#1"},
				"south": {"uv": [8.75, 0.75, 15.75, 2], "texture": "#1"},
				"west": {"uv": [8.75, 0.75, 15.75, 2], "texture": "#1"},
				"up": {"uv": [8.75, 0.75, 15.75, 2], "texture": "#1"},
				"down": {"uv": [0, 0, 0.375, 0.2], "texture": "#1"}
			}
		},
		{
			"from": [-0.3, 3.6, 7.7],
			"to": [1.2, 3.7, 8.3],
			"rotation": {"angle": 0, "axis": "y", "origin": [-2.55, 3.4, 8]},
			"faces": {
				"north": {"uv": [8.75, 0.75, 15.75, 2], "texture": "#1"},
				"east": {"uv": [8.75, 0.75, 15.75, 2], "texture": "#1"},
				"south": {"uv": [8.75, 0.75, 15.75, 2], "texture": "#1"},
				"west": {"uv": [0, 0, 0.15, 0.025], "texture": "#1"},
				"up": {"uv": [8.75, 0.75, 15.75, 2], "texture": "#1"},
				"down": {"uv": [0, 0, 0.375, 0.15], "texture": "#1"}
			}
		},
		{
			"from": [-3.5, 1.8, 7.75],
			"to": [5.3, 2, 8.25],
			"rotation": {"angle": 0, "axis": "y", "origin": [1, 2.26667, 8]},
			"faces": {
				"north": {"uv": [4.25, 10.75, 16, 11.5], "texture": "#1"},
				"east": {"uv": [7.25, 10, 10, 12.75], "texture": "#1"},
				"south": {"uv": [4.25, 10.75, 16, 11.5], "texture": "#1"},
				"west": {"uv": [0, 0, 0.125, 0.05], "texture": "#1"},
				"up": {"uv": [0, 0, 2.2, 0.125], "texture": "#1"},
				"down": {"uv": [4.25, 10.75, 16, 11.5], "texture": "#1"}
			}
		},
		{
			"from": [-3.5, 1.1, 7.85],
			"to": [-2, 1.3, 8.15],
			"rotation": {"angle": 0, "axis": "y", "origin": [1, 2.26667, 8]},
			"faces": {
				"north": {"uv": [7.25, 0.75, 8.75, 2], "texture": "#1"},
				"east": {"uv": [7.25, 0.75, 8.75, 2], "texture": "#1"},
				"south": {"uv": [7.25, 0.75, 8.75, 2], "texture": "#1"},
				"west": {"uv": [0, 0, 0.075, 0.05], "texture": "#1"},
				"up": {"uv": [7.25, 0.75, 8.75, 2], "texture": "#1"},
				"down": {"uv": [7.25, 0.75, 8.75, 2], "texture": "#1"}
			}
		},
		{
			"from": [-2.3, 1.3, 7.85],
			"to": [-1.5, 1.5, 8.15],
			"rotation": {"angle": 0, "axis": "y", "origin": [1, 2.26667, 8]},
			"faces": {
				"north": {"uv": [7.25, 0.75, 8.75, 2], "texture": "#1"},
				"east": {"uv": [7.25, 0.75, 8.75, 2], "texture": "#1"},
				"south": {"uv": [7.25, 0.75, 8.75, 2], "texture": "#1"},
				"west": {"uv": [7.25, 0.75, 8.75, 2], "texture": "#1"},
				"up": {"uv": [7.25, 0.75, 8.75, 2], "texture": "#1"},
				"down": {"uv": [7.25, 0.75, 8.75, 2], "texture": "#1"}
			}
		},
		{
			"from": [-2.1, 1.5, 7.85],
			"to": [-1.3, 1.8, 8.15],
			"rotation": {"angle": 0, "axis": "y", "origin": [1, 2.26667, 8]},
			"faces": {
				"north": {"uv": [7.25, 0.75, 8.75, 2], "texture": "#1"},
				"east": {"uv": [7.25, 0.75, 8.75, 2], "texture": "#1"},
				"south": {"uv": [7.25, 0.75, 8.75, 2], "texture": "#1"},
				"west": {"uv": [7.25, 0.75, 8.75, 2], "texture": "#1"},
				"up": {"uv": [0, 0, 0.2, 0.075], "texture": "#1"},
				"down": {"uv": [7.25, 0.75, 8.75, 2], "texture": "#1"}
			}
		},
		{
			"from": [-3.5, 1.3, 7.95],
			"to": [-2.7, 1.8, 8.05],
			"rotation": {"angle": 0, "axis": "y", "origin": [1, 2.26667, 8]},
			"faces": {
				"north": {"uv": [13.75, 5.75, 16, 7.5], "texture": "#1"},
				"east": {"uv": [13.75, 5.75, 16, 7.5], "texture": "#1"},
				"south": {"uv": [13.75, 5.75, 16, 7.5], "texture": "#1"},
				"west": {"uv": [0, 0, 0.025, 0.125], "texture": "#1"},
				"up": {"uv": [0, 0, 0.2, 0.025], "texture": "#1"},
				"down": {"uv": [0, 0, 0.2, 0.025], "texture": "#1"}
			}
		},
		{
			"from": [-4.5, 1.1, 7.75],
			"to": [-3.5, 1.3, 8.25],
			"rotation": {"angle": 0, "axis": "y", "origin": [-3.85, 1.86667, 8]},
			"faces": {
				"north": {"uv": [6, 12.25, 8.25, 12.75], "texture": "#1"},
				"east": {"uv": [7.25, 10, 10, 12.75], "texture": "#1"},
				"south": {"uv": [6, 12.25, 8.25, 12.75], "texture": "#1"},
				"west": {"uv": [7.25, 10, 10, 12.75], "texture": "#1"},
				"up": {"uv": [0, 0, 0.25, 0.125], "texture": "#1"},
				"down": {"uv": [6, 12.25, 8.25, 12.75], "texture": "#1"}
			}
		},
		{
			"from": [-4.5, 1.3, 7.65],
			"to": [-3.5, 1.5, 8.35],
			"rotation": {"angle": 0, "axis": "y", "origin": [-3.85, 1.86667, 8]},
			"faces": {
				"north": {"uv": [11.5, 10.75, 14.75, 11.25], "texture": "#1"},
				"east": {"uv": [7.25, 10, 10, 12.75], "texture": "#1"},
				"south": {"uv": [11.5, 10.75, 14.75, 11.25], "texture": "#1"},
				"west": {"uv": [7.25, 10, 10, 12.75], "texture": "#1"},
				"up": {"uv": [0, 0, 0.25, 0.175], "texture": "#1"},
				"down": {"uv": [11.5, 10.75, 14.75, 11.25], "texture": "#1"}
			}
		},
		{
			"from": [-4.5, 1.5, 7.55],
			"to": [-3.5, 2.7, 8.45],
			"rotation": {"angle": 0, "axis": "y", "origin": [-3.85, 1.86667, 8]},
			"faces": {
				"north": {"uv": [11.5, 9.75, 12.25, 11.5], "texture": "#1"},
				"east": {"uv": [7.25, 10, 10, 12.75], "texture": "#1"},
				"south": {"uv": [11.5, 9.75, 12.25, 11.5], "texture": "#1"},
				"west": {"uv": [7.25, 10, 10, 12.75], "texture": "#1"},
				"up": {"uv": [11.5, 9.75, 12.25, 11.5], "texture": "#1"},
				"down": {"uv": [11.5, 9.75, 12.25, 11.5], "texture": "#1"}
			}
		},
		{
			"from": [-4.5, 2.7, 7.65],
			"to": [-3.5, 2.9, 8.35],
			"rotation": {"angle": 0, "axis": "y", "origin": [-4.85, 3.2, 8]},
			"faces": {
				"north": {"uv": [9.5, 9.25, 11.5, 10.25], "texture": "#1"},
				"east": {"uv": [0, 0.05, 0.175, 0.1], "texture": "#1"},
				"south": {"uv": [9.5, 9.25, 11.5, 10.25], "texture": "#1"},
				"west": {"uv": [0, 0.05, 0.175, 0.1], "texture": "#1"},
				"up": {"uv": [9.5, 9.25, 11.5, 10.25], "texture": "#1"},
				"down": {"uv": [0, 0.175, 0.25, 0.35], "texture": "#1"}
			}
		},
		{
			"from": [-4.5, 2.9, 7.75],
			"to": [-3.5, 3.1, 8.25],
			"rotation": {"angle": 0, "axis": "y", "origin": [-4.85, 3.2, 8]},
			"faces": {
				"north": {"uv": [7, 9.5, 10.25, 10], "texture": "#1"},
				"east": {"uv": [0, 0.05, 0.125, 0.1], "texture": "#1"},
				"south": {"uv": [7, 9.5, 10.25, 10], "texture": "#1"},
				"west": {"uv": [0, 0.05, 0.125, 0.1], "texture": "#1"},
				"up": {"uv": [7, 9.5, 10.25, 10], "texture": "#1"},
				"down": {"uv": [0, 0.125, 0.25, 0.25], "texture": "#1"}
			}
		},
		{
			"from": [-3.5, 2, 7.65],
			"to": [5.3, 2.2, 8.35],
			"rotation": {"angle": 0, "axis": "y", "origin": [1, 2.26667, 8]},
			"faces": {
				"north": {"uv": [5.5, 10.75, 12.75, 11.25], "texture": "#1"},
				"east": {"uv": [0, 0, 0.175, 0.05], "texture": "#1"},
				"south": {"uv": [5.5, 10.75, 12.75, 11.25], "texture": "#1"},
				"west": {"uv": [0, 0, 0.175, 0.05], "texture": "#1"},
				"up": {"uv": [0, 0, 2.2, 0.175], "texture": "#1"},
				"down": {"uv": [5.5, 10.75, 12.75, 11.25], "texture": "#1"}
			}
		},
		{
			"from": [-3.5, 2.2, 7.55],
			"to": [5.3, 3.4, 8.45],
			"rotation": {"angle": 0, "axis": "y", "origin": [1, 2.26667, 8]},
			"faces": {
				"north": {"uv": [3.25, 9.75, 11.75, 11.5], "texture": "#1"},
				"east": {"uv": [0, 0, 0.225, 0.3], "texture": "#1"},
				"south": {"uv": [3.25, 9.75, 11.75, 11.5], "texture": "#1"},
				"west": {"uv": [0, 0, 0.225, 0.3], "texture": "#1"},
				"up": {"uv": [0, 4, 16, 5.75], "texture": "#1"},
				"down": {"uv": [3.25, 9.75, 11.75, 11.5], "texture": "#1"}
			}
		},
		{
			"from": [3.2, 3.4, 7.6],
			"to": [5.2, 3.7, 8.4],
			"rotation": {"angle": 0, "axis": "y", "origin": [1, 2.26667, 8]},
			"faces": {
				"north": {"uv": [8.75, 0.75, 15.75, 2], "texture": "#1"},
				"east": {"uv": [0, 0, 0.2, 0.075], "texture": "#1"},
				"south": {"uv": [8.75, 0.75, 15.75, 2], "texture": "#1"},
				"west": {"uv": [0, 0, 0.2, 0.075], "texture": "#1"},
				"up": {"uv": [8.75, 0.75, 15.75, 2], "texture": "#1"},
				"down": {"uv": [0, 0, 0.5, 0.2], "texture": "#1"}
			}
		},
		{
			"from": [3.2, 3.7, 7.65],
			"to": [5.2, 3.8, 8.35],
			"rotation": {"angle": 0, "axis": "y", "origin": [1, 2.26667, 8]},
			"faces": {
				"north": {"uv": [8.75, 0.75, 15.75, 2], "texture": "#1"},
				"east": {"uv": [0, 0, 0.175, 0.025], "texture": "#1"},
				"south": {"uv": [8.75, 0.75, 15.75, 2], "texture": "#1"},
				"west": {"uv": [8.75, 0.75, 15.75, 2], "texture": "#1"},
				"up": {"uv": [8.75, 0.75, 15.75, 2], "texture": "#1"},
				"down": {"uv": [0, 0, 0.5, 0.175], "texture": "#1"}
			}
		},
		{
			"from": [4.95, 3.65, 7.65],
			"to": [5.05, 5.25, 7.85],
			"rotation": {"angle": 22.5, "axis": "z", "origin": [5, 3.85, 8]},
			"faces": {
				"north": {"uv": [0, 5.75, 4.25, 7.75], "texture": "#1"},
				"east": {"uv": [0, 5.75, 4.25, 7.75], "texture": "#1"},
				"south": {"uv": [0, 5.75, 4.25, 7.75], "texture": "#1"},
				"west": {"uv": [4, 5.75, 8.5, 7.375], "rotation": 90, "texture": "#1"},
				"up": {"uv": [0, 5.75, 4.25, 7.75], "texture": "#1"},
				"down": {"uv": [0, 0, 0.05, 0.025], "rotation": 90, "texture": "#1"}
			}
		},
		{
			"from": [4.95, 3.65, 8.15],
			"to": [5.05, 5.25, 8.35],
			"rotation": {"angle": 22.5, "axis": "z", "origin": [5, 3.85, 8]},
			"faces": {
				"north": {"uv": [0, 5.75, 4.25, 7.75], "texture": "#1"},
				"east": {"uv": [0, 5.75, 4.25, 7.75], "texture": "#1"},
				"south": {"uv": [0, 5.75, 4.25, 7.75], "texture": "#1"},
				"west": {"uv": [4, 5.75, 8.5, 7.375], "rotation": 270, "texture": "#1"},
				"up": {"uv": [0, 5.75, 4.25, 7.75], "texture": "#1"},
				"down": {"uv": [0, 0, 0.05, 0.025], "rotation": 90, "texture": "#1"}
			}
		},
		{
			"from": [4.9, 3.7, 7.55],
			"to": [5.1, 3.9, 8.55],
			"rotation": {"angle": 0, "axis": "y", "origin": [1, 2.26667, 8]},
			"faces": {
				"north": {"uv": [0, 5.75, 4.25, 7.75], "texture": "#1"},
				"east": {"uv": [0, 5.75, 4.25, 7.75], "texture": "#1"},
				"south": {"uv": [0, 5.75, 4.25, 7.75], "texture": "#1"},
				"west": {"uv": [0, 5.75, 4.25, 7.75], "texture": "#1"},
				"up": {"uv": [0, 5.75, 4.25, 7.75], "texture": "#1"},
				"down": {"uv": [0, 0, 0.05, 0.25], "texture": "#1"}
			}
		},
		{
			"from": [4.47217, 4.45495, 7.55],
			"to": [4.67217, 4.65495, 8.55],
			"rotation": {"angle": 22.5, "axis": "z", "origin": [4.57217, 4.95495, 8.05]},
			"faces": {
				"north": {"uv": [0, 5.75, 4.25, 7.75], "texture": "#1"},
				"east": {"uv": [0, 5.75, 4.25, 7.75], "texture": "#1"},
				"south": {"uv": [0, 5.75, 4.25, 7.75], "texture": "#1"},
				"west": {"uv": [0, 5.75, 4.25, 7.75], "texture": "#1"},
				"up": {"uv": [0, 5.75, 4.25, 7.75], "texture": "#1"},
				"down": {"uv": [0, 0, 0.25, 0.05], "rotation": 90, "texture": "#1"}
			}
		},
		{
			"from": [5.3, 3.6, 7.75],
			"to": [10.7, 3.8, 8.25],
			"rotation": {"angle": 0, "axis": "y", "origin": [9.7, 3.48333, 8]},
			"faces": {
				"north": {"uv": [0, 9.75, 8.5, 11.5], "texture": "#1"},
				"east": {"uv": [0, 0.05, 0.125, 0.1], "texture": "#1"},
				"south": {"uv": [0, 9.75, 8.5, 11.5], "texture": "#1"},
				"west": {"uv": [0, 0.05, 0.125, 0.1], "texture": "#1"},
				"up": {"uv": [0, 9.75, 8.5, 11.5], "texture": "#1"},
				"down": {"uv": [0, 0.075, 1.35, 0.2], "texture": "#1"}
			}
		},
		{
			"from": [10.7, 2.1, 7.55],
			"to": [11.2, 2.3, 8.45],
			"rotation": {"angle": 0, "axis": "y", "origin": [7, 2.3, 8.1]},
			"faces": {
				"north": {"uv": [5, 0.75, 5.75, 2.25], "texture": "#1"},
				"east": {"uv": [5.75, 0.75, 7.25, 2], "texture": "#1"},
				"south": {"uv": [5, 0.75, 5.75, 2.25], "texture": "#1"},
				"west": {"uv": [5.75, 0.75, 7.25, 2], "texture": "#1"},
				"up": {"uv": [0, 0, 0.125, 0.225], "texture": "#1"},
				"down": {"uv": [5, 0.75, 5.125, 0.975], "texture": "#1"}
			}
		},
		{
			"from": [10.7, 2.3, 7.45],
			"to": [11.2, 3.2, 8.55],
			"rotation": {"angle": 0, "axis": "y", "origin": [7, 2.75, 8.1]},
			"faces": {
				"north": {"uv": [5, 0.75, 5.75, 2.25], "texture": "#1"},
				"east": {"uv": [5.75, 0.75, 7.25, 2], "texture": "#1"},
				"south": {"uv": [5, 0.75, 5.75, 2.25], "texture": "#1"},
				"west": {"uv": [5.75, 0.75, 7.25, 2], "texture": "#1"},
				"up": {"uv": [0, 0, 0.125, 0.275], "texture": "#1"},
				"down": {"uv": [5, 0.75, 5.75, 2.25], "texture": "#1"}
			}
		},
		{
			"from": [10.7, 1.9, 7.65],
			"to": [11.2, 2.1, 8.35],
			"rotation": {"angle": 0, "axis": "y", "origin": [7, 2.3, 8.1]},
			"faces": {
				"north": {"uv": [5, 0.75, 5.75, 2.25], "texture": "#1"},
				"east": {"uv": [5.75, 0.75, 7.25, 2], "texture": "#1"},
				"south": {"uv": [5, 0.75, 5.75, 2.25], "texture": "#1"},
				"west": {"uv": [5.75, 0.75, 7.25, 2], "texture": "#1"},
				"up": {"uv": [0, 0, 0.125, 0.175], "texture": "#1"},
				"down": {"uv": [5, 0.75, 5.125, 0.925], "texture": "#1"}
			}
		},
		{
			"from": [10.7, 3.5, 7.55],
			"to": [11.2, 3.7, 8.45],
			"rotation": {"angle": 0, "axis": "y", "origin": [9.7, 3.48333, 8]},
			"faces": {
				"north": {"uv": [5, 0.75, 5.75, 2.25], "texture": "#1"},
				"east": {"uv": [5.75, 0.75, 7.25, 2], "texture": "#1"},
				"south": {"uv": [5, 0.75, 5.75, 2.25], "texture": "#1"},
				"west": {"uv": [5.75, 0.75, 7.25, 2], "texture": "#1"},
				"up": {"uv": [5, 0.75, 5.125, 0.975], "texture": "#1"},
				"down": {"uv": [0, 0.125, 0.125, 0.35], "texture": "#1"}
			}
		},
		{
			"from": [10.7, 3.2, 7.45],
			"to": [11.2, 3.5, 8.55],
			"rotation": {"angle": 0, "axis": "y", "origin": [9.7, 3.48333, 8]},
			"faces": {
				"north": {"uv": [5, 0.75, 5.75, 2.25], "texture": "#1"},
				"east": {"uv": [5.75, 0.75, 7.25, 2], "texture": "#1"},
				"south": {"uv": [5, 0.75, 5.75, 2.25], "texture": "#1"},
				"west": {"uv": [5.75, 0.75, 7.25, 2], "texture": "#1"},
				"up": {"uv": [5, 0.75, 5.125, 1.025], "texture": "#1"},
				"down": {"uv": [0, 0.175, 0.125, 0.45], "texture": "#1"}
			}
		},
		{
			"from": [10.7, 3.7, 7.65],
			"to": [11.2, 3.9, 8.35],
			"rotation": {"angle": 0, "axis": "y", "origin": [9.7, 3.48333, 8]},
			"faces": {
				"north": {"uv": [5, 0.75, 5.75, 2.25], "texture": "#1"},
				"east": {"uv": [5.75, 0.75, 7.25, 2], "texture": "#1"},
				"south": {"uv": [5, 0.75, 5.125, 0.8], "texture": "#1"},
				"west": {"uv": [5.75, 0.75, 7.25, 2], "texture": "#1"},
				"up": {"uv": [5, 0.75, 5.125, 0.925], "texture": "#1"},
				"down": {"uv": [0, 0.075, 0.125, 0.25], "texture": "#1"}
			}
		},
		{
			"from": [5.2, 3, 7.45],
			"to": [5.7, 3.5, 8.55],
			"rotation": {"angle": 0, "axis": "y", "origin": [9.7, 3.48333, 8]},
			"faces": {
				"north": {"uv": [5, 0.75, 5.75, 2.25], "texture": "#1"},
				"east": {"uv": [5.75, 0.75, 7.25, 2], "texture": "#1"},
				"south": {"uv": [5, 0.75, 5.75, 2.25], "texture": "#1"},
				"west": {"uv": [0, 0.175, 0.275, 0.3], "texture": "#1"},
				"up": {"uv": [5, 0.75, 5.75, 2.25], "texture": "#1"},
				"down": {"uv": [0, 0.175, 0.125, 0.45], "texture": "#1"}
			}
		},
		{
			"from": [5.2, 3.5, 7.55],
			"to": [5.7, 3.7, 8.45],
			"rotation": {"angle": 0, "axis": "y", "origin": [9.7, 3.48333, 8]},
			"faces": {
				"north": {"uv": [5, 0.75, 5.75, 2.25], "texture": "#1"},
				"east": {"uv": [5.75, 0.75, 7.25, 2], "texture": "#1"},
				"south": {"uv": [5, 0.75, 5.75, 2.25], "texture": "#1"},
				"west": {"uv": [0, 0.05, 0.225, 0.1], "texture": "#1"},
				"up": {"uv": [5, 0.75, 5.75, 2.25], "texture": "#1"},
				"down": {"uv": [0, 0.125, 0.125, 0.35], "texture": "#1"}
			}
		},
		{
			"from": [5.2, 1.9, 7.65],
			"to": [5.7, 2.1, 8.35],
			"rotation": {"angle": 0, "axis": "y", "origin": [7, 2.3, 8.1]},
			"faces": {
				"north": {"uv": [5, 0.75, 5.75, 2.25], "texture": "#1"},
				"east": {"uv": [5.75, 0.75, 7.25, 2], "texture": "#1"},
				"south": {"uv": [5, 0.75, 5.75, 2.25], "texture": "#1"},
				"west": {"uv": [0, 0, 0.175, 0.05], "texture": "#1"},
				"up": {"uv": [0, 0, 0.125, 0.175], "texture": "#1"},
				"down": {"uv": [5, 0.75, 5.75, 2.25], "texture": "#1"}
			}
		},
		{
			"from": [5.2, 2.3, 7.45],
			"to": [5.7, 3, 8.55],
			"rotation": {"angle": 0, "axis": "y", "origin": [7, 2.75, 8.1]},
			"faces": {
				"north": {"uv": [5, 0.75, 5.75, 2.25], "texture": "#1"},
				"east": {"uv": [5.75, 0.75, 7.25, 2], "texture": "#1"},
				"south": {"uv": [5, 0.75, 5.75, 2.25], "texture": "#1"},
				"west": {"uv": [0, 0, 0.275, 0.175], "texture": "#1"},
				"up": {"uv": [0, 0, 0.125, 0.275], "texture": "#1"},
				"down": {"uv": [5, 0.75, 5.75, 2.25], "texture": "#1"}
			}
		},
		{
			"from": [5.7, 2.4, 7.45],
			"to": [6.8, 2.6, 7.55],
			"rotation": {"angle": 0, "axis": "y", "origin": [7, 2.75, 8.1]},
			"faces": {
				"north": {"uv": [5, 0.75, 5.75, 2.25], "texture": "#1"},
				"east": {"uv": [0, 0, 0.025, 0.05], "texture": "#1"},
				"south": {"uv": [0, 0, 0.275, 0.05], "texture": "#1"},
				"west": {"uv": [0, 0, 0.025, 0.05], "texture": "#1"},
				"up": {"uv": [5, 0.75, 5.75, 2.25], "texture": "#1"},
				"down": {"uv": [5, 0.75, 5.75, 2.25], "texture": "#1"}
			}
		},
		{
			"from": [5.7, 3.1, 7.45],
			"to": [6.8, 3.3, 7.55],
			"rotation": {"angle": 0, "axis": "y", "origin": [7, 2.75, 8.1]},
			"faces": {
				"north": {"uv": [5, 0.75, 5.75, 2.25], "texture": "#1"},
				"east": {"uv": [0, 0, 0.025, 0.05], "texture": "#1"},
				"south": {"uv": [0, 0, 0.275, 0.05], "texture": "#1"},
				"west": {"uv": [0, 0, 0.025, 0.05], "texture": "#1"},
				"up": {"uv": [5, 0.75, 5.75, 2.25], "texture": "#1"},
				"down": {"uv": [0, 0, 0.275, 0.025], "texture": "#1"}
			}
		},
		{
			"from": [5.2, 2.1, 7.55],
			"to": [5.7, 2.3, 8.45],
			"rotation": {"angle": 0, "axis": "y", "origin": [7, 2.3, 8.1]},
			"faces": {
				"north": {"uv": [5, 0.75, 5.75, 2.25], "texture": "#1"},
				"east": {"uv": [5.75, 0.75, 7.25, 2], "texture": "#1"},
				"south": {"uv": [5, 0.75, 5.75, 2.25], "texture": "#1"},
				"west": {"uv": [0, 0, 0.225, 0.05], "texture": "#1"},
				"up": {"uv": [0, 0, 0.125, 0.225], "texture": "#1"},
				"down": {"uv": [5, 0.75, 5.75, 2.25], "texture": "#1"}
			}
		},
		{
			"from": [5.2, 3.7, 7.65],
			"to": [5.7, 3.9, 8.35],
			"rotation": {"angle": 0, "axis": "y", "origin": [9.7, 3.48333, 8]},
			"faces": {
				"north": {"uv": [5, 0.75, 5.75, 2.25], "texture": "#1"},
				"east": {"uv": [5.75, 0.75, 7.25, 2], "texture": "#1"},
				"south": {"uv": [5, 0.75, 5.75, 2.25], "texture": "#1"},
				"west": {"uv": [0, 0.05, 0.175, 0.1], "texture": "#1"},
				"up": {"uv": [5, 0.75, 5.75, 2.25], "texture": "#1"},
				"down": {"uv": [0, 0.075, 0.125, 0.25], "texture": "#1"}
			}
		},
		{
			"from": [6.8, 3, 7.45],
			"to": [7.3, 3.5, 8.55],
			"rotation": {"angle": 0, "axis": "y", "origin": [9.7, 3.48333, 8]},
			"faces": {
				"north": {"uv": [5, 0.75, 5.75, 2.25], "texture": "#1"},
				"east": {"uv": [5.75, 0.75, 7.25, 2], "texture": "#1"},
				"south": {"uv": [5, 0.75, 5.75, 2.25], "texture": "#1"},
				"west": {"uv": [5.75, 0.75, 7.25, 2], "texture": "#1"},
				"up": {"uv": [5, 0.75, 5.75, 2.25], "texture": "#1"},
				"down": {"uv": [0, 0.175, 0.125, 0.45], "texture": "#1"}
			}
		},
		{
			"from": [6.8, 2.1, 7.55],
			"to": [7.3, 2.3, 8.45],
			"rotation": {"angle": 0, "axis": "y", "origin": [7, 2.3, 8.1]},
			"faces": {
				"north": {"uv": [5, 0.75, 5.75, 2.25], "texture": "#1"},
				"east": {"uv": [5.75, 0.75, 7.25, 2], "texture": "#1"},
				"south": {"uv": [5, 0.75, 5.75, 2.25], "texture": "#1"},
				"west": {"uv": [5.75, 0.75, 7.25, 2], "texture": "#1"},
				"up": {"uv": [0, 0, 0.125, 0.225], "texture": "#1"},
				"down": {"uv": [5, 0.75, 5.75, 2.25], "texture": "#1"}
			}
		},
		{
			"from": [6.8, 2.3, 7.45],
			"to": [7.3, 3, 8.55],
			"rotation": {"angle": 0, "axis": "y", "origin": [7, 2.75, 8.1]},
			"faces": {
				"north": {"uv": [5, 0.75, 5.75, 2.25], "texture": "#1"},
				"east": {"uv": [5.75, 0.75, 7.25, 2], "texture": "#1"},
				"south": {"uv": [5, 0.75, 5.75, 2.25], "texture": "#1"},
				"west": {"uv": [5.75, 0.75, 7.25, 2], "texture": "#1"},
				"up": {"uv": [0, 0, 0.125, 0.275], "texture": "#1"},
				"down": {"uv": [5, 0.75, 5.75, 2.25], "texture": "#1"}
			}
		},
		{
			"from": [6.8, 1.9, 7.65],
			"to": [7.3, 2.1, 8.35],
			"rotation": {"angle": 0, "axis": "y", "origin": [7, 2.3, 8.1]},
			"faces": {
				"north": {"uv": [5, 0.75, 5.75, 2.25], "texture": "#1"},
				"east": {"uv": [5.75, 0.75, 7.25, 2], "texture": "#1"},
				"south": {"uv": [5, 0.75, 5.75, 2.25], "texture": "#1"},
				"west": {"uv": [5.75, 0.75, 7.25, 2], "texture": "#1"},
				"up": {"uv": [0, 0, 0.125, 0.175], "texture": "#1"},
				"down": {"uv": [5, 0.75, 5.125, 0.925], "texture": "#1"}
			}
		},
		{
			"from": [6.8, 3.5, 7.55],
			"to": [7.3, 3.7, 8.45],
			"rotation": {"angle": 0, "axis": "y", "origin": [9.7, 3.48333, 8]},
			"faces": {
				"north": {"uv": [5, 0.75, 5.75, 2.25], "texture": "#1"},
				"east": {"uv": [5.75, 0.75, 7.25, 2], "texture": "#1"},
				"south": {"uv": [5, 0.75, 5.75, 2.25], "texture": "#1"},
				"west": {"uv": [5.75, 0.75, 7.25, 2], "texture": "#1"},
				"up": {"uv": [5, 0.75, 5.125, 0.975], "texture": "#1"},
				"down": {"uv": [0, 0.125, 0.125, 0.35], "texture": "#1"}
			}
		},
		{
			"from": [6.8, 3.7, 7.65],
			"to": [7.3, 3.9, 8.35],
			"rotation": {"angle": 0, "axis": "y", "origin": [9.7, 3.48333, 8]},
			"faces": {
				"north": {"uv": [5, 0.75, 5.75, 2.25], "texture": "#1"},
				"east": {"uv": [5.75, 0.75, 7.25, 2], "texture": "#1"},
				"south": {"uv": [5, 0.75, 5.75, 2.25], "texture": "#1"},
				"west": {"uv": [5.75, 0.75, 7.25, 2], "texture": "#1"},
				"up": {"uv": [5, 0.75, 5.125, 0.925], "texture": "#1"},
				"down": {"uv": [0, 0.075, 0.125, 0.25], "texture": "#1"}
			}
		},
		{
			"from": [5.3, 3.1, 7.55],
			"to": [10.7, 3.4, 8.45],
			"rotation": {"angle": 0, "axis": "y", "origin": [9.7, 3.48333, 8]},
			"faces": {
				"north": {"uv": [0, 9.25, 8.5, 10.25], "texture": "#1"},
				"east": {"uv": [0, 0.175, 0.225, 0.25], "texture": "#1"},
				"south": {"uv": [0, 9.75, 8.5, 11.5], "texture": "#1"},
				"west": {"uv": [0, 0.175, 0.225, 0.25], "texture": "#1"},
				"up": {"uv": [0, 9.75, 8.5, 11.5], "texture": "#1"},
				"down": {"uv": [0, 0.175, 1.35, 0.4], "texture": "#1"}
			}
		},
		{
			"from": [5.3, 3.4, 7.65],
			"to": [10.7, 3.6, 8.35],
			"rotation": {"angle": 0, "axis": "y", "origin": [9.7, 3.48333, 8]},
			"faces": {
				"north": {"uv": [0, 9.75, 8.5, 11.5], "texture": "#1"},
				"east": {"uv": [0, 0.05, 0.175, 0.1], "texture": "#1"},
				"south": {"uv": [0, 9.75, 8.5, 11.5], "texture": "#1"},
				"west": {"uv": [0, 0.05, 0.175, 0.1], "texture": "#1"},
				"up": {"uv": [0, 9.75, 8.5, 11.5], "texture": "#1"},
				"down": {"uv": [0, 0.125, 1.35, 0.3], "texture": "#1"}
			}
		},
		{
			"from": [5.3, 2, 7.75],
			"to": [12.3, 2.2, 8.25],
			"rotation": {"angle": 0, "axis": "y", "origin": [7, 2.3, 8.1]},
			"faces": {
				"north": {"uv": [4.25, 10, 16, 10.75], "texture": "#1"},
				"east": {"uv": [7.25, 10, 10, 12.75], "texture": "#1"},
				"south": {"uv": [4.25, 10, 16, 10.75], "texture": "#1"},
				"west": {"uv": [0, 0, 0.125, 0.05], "texture": "#1"},
				"up": {"uv": [0, 0, 1.75, 0.125], "texture": "#1"},
				"down": {"uv": [4.25, 10, 16, 10.75], "texture": "#1"}
			}
		},
		{
			"from": [5.3, 2.4, 7.55],
			"to": [12.3, 3.1, 8.45],
			"rotation": {"angle": 0, "axis": "y", "origin": [7, 2.75, 8.1]},
			"faces": {
				"north": {"uv": [0, 9.75, 8.5, 11.5], "texture": "#1"},
				"east": {"uv": [7.25, 10, 10, 12.75], "texture": "#1"},
				"south": {"uv": [0, 9.75, 8.5, 11.5], "texture": "#1"},
				"west": {"uv": [0, 0, 0.225, 0.175], "texture": "#1"},
				"up": {"uv": [0, 9.75, 8.5, 11.5], "texture": "#1"},
				"down": {"uv": [0, 9.75, 8.5, 11.5], "texture": "#1"}
			}
		},
		{
			"from": [5.3, 2.2, 7.65],
			"to": [12.3, 2.4, 8.35],
			"rotation": {"angle": 0, "axis": "y", "origin": [7, 2.3, 8.1]},
			"faces": {
				"north": {"uv": [0, 10.75, 5.75, 11.25], "texture": "#1"},
				"east": {"uv": [7.25, 10, 10, 12.75], "texture": "#1"},
				"south": {"uv": [0, 10.75, 5.75, 11.25], "texture": "#1"},
				"west": {"uv": [0, 0, 0.175, 0.05], "texture": "#1"},
				"up": {"uv": [0, 0, 1.75, 0.175], "texture": "#1"},
				"down": {"uv": [0, 10.75, 5.75, 11.25], "texture": "#1"}
			}
		},
		{
			"from": [-6.6, 1.6, 7.55],
			"to": [-4.5, 2.8, 8.45],
			"rotation": {"angle": 0, "axis": "y", "origin": [-3.85, 1.86667, 8]},
			"faces": {
				"north": {"uv": [12.25, 10.5, 13.5, 12.25], "texture": "#1"},
				"east": {"uv": [12.25, 10.5, 13.5, 12.25], "texture": "#1"},
				"south": {"uv": [12.25, 10.5, 13.5, 12.25], "texture": "#1"},
				"west": {"uv": [0, 0, 0.225, 0.3], "texture": "#1"},
				"up": {"uv": [12.25, 10.5, 13.5, 12.25], "texture": "#1"},
				"down": {"uv": [12.25, 10.5, 13.5, 12.25], "texture": "#1"}
			}
		},
		{
			"from": [-6.6, 1.4, 7.65],
			"to": [-4.5, 1.6, 8.35],
			"rotation": {"angle": 0, "axis": "y", "origin": [-3.85, 1.86667, 8]},
			"faces": {
				"north": {"uv": [11.5, 11.5, 14.75, 12], "texture": "#1"},
				"east": {"uv": [0, 0, 0.175, 0.05], "texture": "#1"},
				"south": {"uv": [11.5, 11.5, 14.75, 12], "texture": "#1"},
				"west": {"uv": [0, 0, 0.175, 0.05], "texture": "#1"},
				"up": {"uv": [0, 0, 0.525, 0.175], "texture": "#1"},
				"down": {"uv": [11.5, 11.5, 14.75, 12], "texture": "#1"}
			}
		},
		{
			"from": [-6.6, 1.2, 7.75],
			"to": [-4.5, 1.4, 8.25],
			"rotation": {"angle": 0, "axis": "y", "origin": [-3.85, 1.86667, 8]},
			"faces": {
				"north": {"uv": [7, 12.25, 10, 12.75], "texture": "#1"},
				"east": {"uv": [0, 0, 0.125, 0.05], "texture": "#1"},
				"south": {"uv": [7, 12.25, 10, 12.75], "texture": "#1"},
				"west": {"uv": [0, 0, 0.125, 0.05], "texture": "#1"},
				"up": {"uv": [0, 0, 0.525, 0.125], "texture": "#1"},
				"down": {"uv": [7, 12.25, 10, 12.75], "texture": "#1"}
			}
		},
		{
			"from": [-8.7, 0.9, 7.55],
			"to": [-6.6, 2.8, 8.45],
			"rotation": {"angle": 0, "axis": "y", "origin": [-3.85, 1.86667, 8]},
			"faces": {
				"north": {"uv": [12.25, 10.5, 14.25, 12.25], "texture": "#1"},
				"east": {"uv": [7.25, 10, 10, 12.75], "texture": "#1"},
				"south": {"uv": [12.25, 10.5, 14.25, 12.25], "texture": "#1"},
				"west": {"uv": [0, 0, 0.225, 0.475], "texture": "#1"},
				"up": {"uv": [12.25, 10.5, 14.25, 12.25], "texture": "#1"},
				"down": {"uv": [12.25, 10.5, 14.25, 12.25], "texture": "#1"}
			}
		},
		{
			"from": [-8.7, 0.7, 7.65],
			"to": [-6.6, 1.6, 8.35],
			"rotation": {"angle": 0, "axis": "y", "origin": [-3.85, 1.86667, 8]},
			"faces": {
				"north": {"uv": [11.5, 12, 14.75, 12.5], "texture": "#1"},
				"east": {"uv": [7.25, 10, 10, 12.75], "texture": "#1"},
				"south": {"uv": [11.5, 12, 14.75, 12.5], "texture": "#1"},
				"west": {"uv": [0, 0, 0.175, 0.225], "texture": "#1"},
				"up": {"uv": [0, 0, 0.525, 0.175], "texture": "#1"},
				"down": {"uv": [11.5, 12, 14.75, 12.5], "texture": "#1"}
			}
		},
		{
			"from": [-8.7, 0.5, 7.75],
			"to": [-6.6, 1.4, 8.25],
			"rotation": {"angle": 0, "axis": "y", "origin": [-3.85, 1.86667, 8]},
			"faces": {
				"north": {"uv": [10.25, 12.25, 13.25, 12.75], "texture": "#1"},
				"east": {"uv": [7.25, 10, 10, 12.75], "texture": "#1"},
				"south": {"uv": [10.25, 12.25, 13.25, 12.75], "texture": "#1"},
				"west": {"uv": [0, 0, 0.125, 0.225], "texture": "#1"},
				"up": {"uv": [0, 0, 0.525, 0.125], "texture": "#1"},
				"down": {"uv": [10.25, 12.25, 13.25, 12.75], "texture": "#1"}
			}
		},
		{
			"from": [-11.4, 3, 7.75],
			"to": [-10.9, 3.2, 8.25],
			"rotation": {"angle": 0, "axis": "y", "origin": [-4.85, 3.2, 8]},
			"faces": {
				"north": {"uv": [2.75, 12.75, 4.25, 16], "rotation": 90, "texture": "#1"},
				"east": {"uv": [2.75, 12.75, 4.25, 16], "rotation": 90, "texture": "#1"},
				"south": {"uv": [2.75, 12.75, 4.25, 16], "rotation": 90, "texture": "#1"},
				"west": {"uv": [2.75, 12.75, 4.25, 16], "rotation": 90, "texture": "#1"},
				"up": {"uv": [2.75, 12.75, 4.25, 16], "rotation": 90, "texture": "#1"},
				"down": {"uv": [0, 0.125, 0.125, 0.25], "texture": "#1"}
			}
		},
		{
			"from": [-10.8, 0.6, 7.55],
			"to": [-8.7, 2.8, 8.45],
			"rotation": {"angle": 0, "axis": "y", "origin": [-3.85, 1.86667, 8]},
			"faces": {
				"north": {"uv": [13.25, 10.5, 16, 12.25], "texture": "#1"},
				"east": {"uv": [7.25, 10, 10, 12.75], "texture": "#1"},
				"south": {"uv": [13.25, 10.5, 16, 12.25], "texture": "#1"},
				"west": {"uv": [13.25, 10.5, 16, 12.25], "texture": "#1"},
				"up": {"uv": [13.25, 10.5, 16, 12.25], "texture": "#1"},
				"down": {"uv": [13.25, 10.5, 16, 12.25], "texture": "#1"}
			}
		},
		{
			"from": [-10.8, 0.4, 7.65],
			"to": [-8.7, 1.6, 8.35],
			"rotation": {"angle": 0, "axis": "y", "origin": [-3.85, 1.86667, 8]},
			"faces": {
				"north": {"uv": [12, 12.25, 15.25, 12.75], "texture": "#1"},
				"east": {"uv": [7.25, 10, 10, 12.75], "texture": "#1"},
				"south": {"uv": [12, 12.25, 15.25, 12.75], "texture": "#1"},
				"west": {"uv": [12, 12.25, 15.25, 12.75], "texture": "#1"},
				"up": {"uv": [0, 0, 0.525, 0.175], "texture": "#1"},
				"down": {"uv": [12, 12.25, 15.25, 12.75], "texture": "#1"}
			}
		},
		{
			"from": [-10.8, 0.2, 7.75],
			"to": [-8.7, 1.4, 8.25],
			"rotation": {"angle": 0, "axis": "y", "origin": [-3.85, 1.86667, 8]},
			"faces": {
				"north": {"uv": [13.75, 12.25, 16, 12.75], "texture": "#1"},
				"east": {"uv": [7.25, 10, 10, 12.75], "texture": "#1"},
				"south": {"uv": [13.75, 12.25, 16, 12.75], "texture": "#1"},
				"west": {"uv": [13.75, 12.25, 16, 12.75], "texture": "#1"},
				"up": {"uv": [0, 0, 0.525, 0.125], "texture": "#1"},
				"down": {"uv": [13.75, 12.25, 16, 12.75], "texture": "#1"}
			}
		},
		{
			"from": [-10.8, 2.8, 7.65],
			"to": [-4.5, 3, 8.35],
			"rotation": {"angle": 0, "axis": "y", "origin": [-4.85, 3.2, 8]},
			"faces": {
				"north": {"uv": [11.25, 9.25, 16, 10.25], "texture": "#1"},
				"east": {"uv": [11.25, 9.25, 16, 10.25], "texture": "#1"},
				"south": {"uv": [11.25, 9.25, 16, 10.25], "texture": "#1"},
				"west": {"uv": [11.25, 9.25, 16, 10.25], "texture": "#1"},
				"up": {"uv": [11.25, 9.25, 16, 10.25], "texture": "#1"},
				"down": {"uv": [0, 0.175, 1.575, 0.35], "texture": "#1"}
			}
		},
		{
			"from": [-10.8, 3, 7.75],
			"to": [-4.5, 3.2, 8.25],
			"rotation": {"angle": 0, "axis": "y", "origin": [-4.85, 3.2, 8]},
			"faces": {
				"north": {"uv": [7, 10, 16, 10.75], "texture": "#1"},
				"east": {"uv": [7, 10, 16, 10.75], "texture": "#1"},
				"south": {"uv": [7, 10, 16, 10.75], "texture": "#1"},
				"west": {"uv": [7, 10, 16, 10.75], "texture": "#1"},
				"up": {"uv": [7, 10, 16, 10.75], "texture": "#1"},
				"down": {"uv": [0, 0.125, 1.575, 0.25], "texture": "#1"}
			}
		},
		{
			"from": [-11.4, 2.8, 7.65],
			"to": [-10.9, 3, 8.35],
			"rotation": {"angle": 0, "axis": "y", "origin": [-4.85, 3.2, 8]},
			"faces": {
				"north": {"uv": [1, 12.75, 2.5, 16], "rotation": 90, "texture": "#1"},
				"east": {"uv": [1, 12.75, 2.5, 16], "rotation": 90, "texture": "#1"},
				"south": {"uv": [1, 12.75, 2.5, 16], "rotation": 90, "texture": "#1"},
				"west": {"uv": [1, 12.75, 2.5, 16], "rotation": 90, "texture": "#1"},
				"up": {"uv": [1, 12.75, 2.5, 16], "rotation": 90, "texture": "#1"},
				"down": {"uv": [0, 0.175, 0.125, 0.35], "texture": "#1"}
			}
		},
		{
			"from": [-11.4, 0.2, 7.75],
			"to": [-10.9, 0.4, 8.25],
			"rotation": {"angle": 0, "axis": "y", "origin": [-3.85, 1.86667, 8]},
			"faces": {
				"north": {"uv": [7.5, 12.75, 9, 16], "rotation": 90, "texture": "#1"},
				"east": {"uv": [7.5, 12.75, 9, 16], "rotation": 90, "texture": "#1"},
				"south": {"uv": [7.5, 12.75, 9, 16], "rotation": 90, "texture": "#1"},
				"west": {"uv": [7.5, 12.75, 9, 16], "rotation": 90, "texture": "#1"},
				"up": {"uv": [0, 0, 0.125, 0.125], "texture": "#1"},
				"down": {"uv": [7.5, 12.75, 9, 16], "rotation": 90, "texture": "#1"}
			}
		},
		{
			"from": [-11.4, 0.4, 7.65],
			"to": [-10.9, 0.6, 8.35],
			"rotation": {"angle": 0, "axis": "y", "origin": [-3.85, 1.86667, 8]},
			"faces": {
				"north": {"uv": [7.5, 12.75, 9, 16], "rotation": 90, "texture": "#1"},
				"east": {"uv": [7.5, 12.75, 9, 16], "rotation": 90, "texture": "#1"},
				"south": {"uv": [7.5, 12.75, 9, 16], "rotation": 90, "texture": "#1"},
				"west": {"uv": [7.5, 12.75, 9, 16], "rotation": 90, "texture": "#1"},
				"up": {"uv": [0, 0, 0.125, 0.175], "texture": "#1"},
				"down": {"uv": [7.5, 12.75, 9, 16], "rotation": 90, "texture": "#1"}
			}
		},
		{
			"from": [-11.4, 0.6, 7.55],
			"to": [-10.9, 2.8, 8.45],
			"rotation": {"angle": 0, "axis": "y", "origin": [-3.85, 1.86667, 8]},
			"faces": {
				"north": {"uv": [0, 12.75, 9, 16], "rotation": 90, "texture": "#1"},
				"east": {"uv": [0, 12.75, 9, 16], "rotation": 90, "texture": "#1"},
				"south": {"uv": [0, 12.75, 9, 16], "rotation": 90, "texture": "#1"},
				"west": {"uv": [0, 12.75, 9, 16], "rotation": 90, "texture": "#1"},
				"up": {"uv": [0, 12.75, 9, 16], "rotation": 90, "texture": "#1"},
				"down": {"uv": [0, 12.75, 9, 16], "rotation": 90, "texture": "#1"}
			}
		},
		{
			"from": [-10.9, 0.6, 7.65],
			"to": [-10.8, 2.8, 8.25],
			"rotation": {"angle": 0, "axis": "y", "origin": [-3.85, 1.86667, 8]},
			"faces": {
				"north": {"uv": [0, 0, 0.025, 0.55], "texture": "#1"},
				"east": {"uv": [0, 0, 0.15, 0.55], "texture": "#1"},
				"south": {"uv": [0, 0, 0.025, 0.55], "texture": "#1"},
				"west": {"uv": [0, 0, 0.15, 0.55], "texture": "#1"},
				"up": {"uv": [0, 0, 0.025, 0.15], "texture": "#1"},
				"down": {"uv": [0, 0, 0.025, 0.15], "texture": "#1"}
			}
		},
		{
			"from": [12.3, 2.3, 7.9],
			"to": [14.5, 2.5, 8.1],
			"rotation": {"angle": 0, "axis": "y", "origin": [5.2, 3.4, 8]},
			"faces": {
				"north": {"uv": [0, 7.75, 15.75, 8.75], "texture": "#1"},
				"east": {"uv": [14.25, 7.75, 15.75, 8.75], "texture": "#1"},
				"south": {"uv": [0, 7.75, 15.75, 8.75], "texture": "#1"},
				"west": {"uv": [0, 0, 0.05, 0.05], "texture": "#1"},
				"up": {"uv": [0, 7.75, 15.75, 8.75], "texture": "#1"},
				"down": {"uv": [0, 7.75, 15.75, 8.75], "texture": "#1"}
			}
		},
		{
			"from": [12.3, 2.5, 7.95],
			"to": [13.8, 3.2, 8.05],
			"rotation": {"angle": 0, "axis": "y", "origin": [5.2, 3.4, 8]},
			"faces": {
				"north": {"uv": [0, 0.75, 5, 2.25], "texture": "#1"},
				"east": {"uv": [2.75, 0.75, 3.25, 2.25], "texture": "#1"},
				"south": {"uv": [0, 0.75, 5, 2.25], "texture": "#1"},
				"west": {"uv": [0, 0, 0.025, 0.175], "texture": "#1"},
				"up": {"uv": [0, 0, 0.375, 0.025], "texture": "#1"},
				"down": {"uv": [0, 0, 0.375, 0.025], "texture": "#1"}
			}
		},
		{
			"from": [1.2, 3.3, 7.7],
			"to": [17.7, 3.5, 8.3],
			"rotation": {"angle": 0, "axis": "y", "origin": [5.2, 3.4, 8]},
			"faces": {
				"north": {"uv": [0, 0, 15.75, 0.75], "texture": "#1"},
				"east": {"uv": [8.5, 5.75, 11.25, 6.75], "texture": "#1"},
				"south": {"uv": [0, 0, 15.75, 0.75], "texture": "#1"},
				"west": {"uv": [0, 0, 0.15, 0.05], "texture": "#1"},
				"up": {"uv": [0, 0, 4.125, 0.15], "texture": "#1"},
				"down": {"uv": [0, 0, 15.75, 0.75], "texture": "#1"}
			}
		},
		{
			"from": [1.2, 3.1, 7.9],
			"to": [17.7, 3.7, 8.1],
			"rotation": {"angle": 0, "axis": "y", "origin": [5.2, 3.4, 8]},
			"faces": {
				"north": {"uv": [0, 0, 15.75, 0.75], "texture": "#1"},
				"east": {"uv": [8.5, 5.75, 11.25, 6.75], "texture": "#1"},
				"south": {"uv": [0, 0, 15.75, 0.75], "texture": "#1"},
				"west": {"uv": [0, 0, 0.05, 0.15], "texture": "#1"},
				"up": {"uv": [0, 0, 15.75, 0.75], "texture": "#1"},
				"down": {"uv": [0, 0, 15.75, 0.75], "texture": "#1"}
			}
		},
		{
			"from": [1.2, 3.2, 7.8],
			"to": [17.7, 3.6, 8.2],
			"rotation": {"angle": 0, "axis": "y", "origin": [5.2, 3.4, 8]},
			"faces": {
				"north": {"uv": [0, 0, 15.75, 0.75], "texture": "#1"},
				"east": {"uv": [8.5, 5.75, 11.25, 6.75], "texture": "#1"},
				"south": {"uv": [0, 0, 15.75, 0.75], "texture": "#1"},
				"west": {"uv": [0, 0, 0.1, 0.1], "texture": "#1"},
				"up": {"uv": [0, 0, 15.75, 0.75], "texture": "#1"},
				"down": {"uv": [0, 0, 15.75, 0.75], "texture": "#1"}
			}
		},
		{
			"from": [-4, 3.2, 7.6],
			"to": [-3.5, 3.7, 8.4],
			"shade": false,
			"rotation": {"angle": 0, "axis": "x", "origin": [-1.35, 3.5249, 8]},
			"faces": {
				"north": {"uv": [8.75, 0.75, 8.875, 0.875], "texture": "#1"},
				"east": {"uv": [0, 0, 0.2, 0.125], "texture": "#1"},
				"south": {"uv": [8.75, 0.75, 8.875, 0.875], "texture": "#1"},
				"west": {"uv": [8.75, 0.75, 8.95, 0.875], "texture": "#1"},
				"up": {"uv": [8.75, 0.75, 8.875, 0.95], "texture": "#1"},
				"down": {"uv": [8.75, 0.75, 8.875, 0.95], "texture": "#1"}
			}
		},
		{
			"from": [-3.5, 3.5, 8.1],
			"to": [-3.3, 3.6, 8.6],
			"shade": false,
			"rotation": {"angle": 0, "axis": "x", "origin": [-1.55, 3.5249, 8]},
			"faces": {
				"north": {"uv": [0, 0, 0.05, 0.025], "texture": "#1"},
				"east": {"uv": [0, 2.25, 0.125, 2.275], "texture": "#1"},
				"south": {"uv": [0, 0, 0.05, 0.025], "texture": "#1"},
				"west": {"uv": [0, 2.25, 0.125, 2.275], "texture": "#1"},
				"up": {"uv": [0, 2.25, 0.05, 2.375], "texture": "#1"},
				"down": {"uv": [0, 2.25, 0.05, 2.375], "texture": "#1"}
			}
		},
		{
			"from": [-3.5, 3.70454, 8.54933],
			"to": [-3.3, 3.80454, 9.04933],
			"shade": false,
			"rotation": {"angle": 22.5, "axis": "x", "origin": [-1.55, 3.5249, 8]},
			"faces": {
				"north": {"uv": [0, 0, 0.05, 0.025], "texture": "#1"},
				"east": {"uv": [0, 2.25, 0.125, 2.275], "texture": "#1"},
				"south": {"uv": [0, 0, 0.05, 0.025], "texture": "#1"},
				"west": {"uv": [0, 2.25, 0.125, 2.275], "texture": "#1"},
				"up": {"uv": [0, 2.25, 0.05, 2.375], "texture": "#1"},
				"down": {"uv": [0, 2.25, 0.05, 2.375], "texture": "#1"}
			}
		},
		{
			"from": [-3.5, 4.07413, 8.82424],
			"to": [-3.3, 4.17413, 9.12424],
			"shade": false,
			"rotation": {"angle": 45, "axis": "x", "origin": [-1.35, 3.5249, 8]},
			"faces": {
				"north": {"uv": [0, 0, 0.05, 0.025], "texture": "#1"},
				"east": {"uv": [0, 2.25, 0.075, 2.275], "texture": "#1"},
				"south": {"uv": [0, 0, 0.05, 0.025], "texture": "#1"},
				"west": {"uv": [0, 2.25, 0.075, 2.275], "texture": "#1"},
				"up": {"uv": [0, 2.25, 0.05, 2.325], "texture": "#1"},
				"down": {"uv": [0, 2.25, 0.05, 2.325], "texture": "#1"}
			}
		},
		{
			"from": [-3.8, 3.87413, 9.02424],
			"to": [-3.3, 4.37413, 9.52424],
			"shade": false,
			"rotation": {"angle": 45, "axis": "x", "origin": [-1.55, 3.5249, 8]},
			"faces": {
				"north": {"uv": [0, 2.25, 0.125, 2.375], "texture": "#1"},
				"east": {"uv": [0, 2.25, 0.125, 2.375], "texture": "#1"},
				"south": {"uv": [0, 2.25, 0.125, 2.375], "texture": "#1"},
				"west": {"uv": [0, 2.25, 0.125, 2.375], "texture": "#1"},
				"up": {"uv": [0, 2.25, 0.125, 2.375], "texture": "#1"},
				"down": {"uv": [0, 2.25, 0.125, 2.375], "texture": "#1"}
			}
		},
		{
			"from": [-4, 3.1, 7.7],
			"to": [-3.5, 3.8, 8.3],
			"shade": false,
			"rotation": {"angle": 0, "axis": "x", "origin": [-1.35, 3.5249, 8]},
			"faces": {
				"north": {"uv": [8.75, 0.75, 8.875, 0.925], "texture": "#1"},
				"east": {"uv": [0, 0, 0.15, 0.175], "texture": "#1"},
				"south": {"uv": [8.75, 0.75, 8.875, 0.925], "texture": "#1"},
				"west": {"uv": [8.75, 0.75, 8.9, 0.925], "texture": "#1"},
				"up": {"uv": [8.75, 0.75, 8.875, 0.9], "texture": "#1"},
				"down": {"uv": [0, 2.25, 0.125, 2.4], "texture": "#1"}
			}
		},
		{
			"from": [-4.2, 3.52134, 8.02555],
			"to": [-4, 3.82134, 8.07555],
			"shade": false,
			"rotation": {"angle": 22.5, "axis": "x", "origin": [-1.35, 3.5249, 8]},
			"faces": {
				"north": {"uv": [8.75, 0.75, 8.8, 0.825], "texture": "#1"},
				"east": {"uv": [0, 0, 0.0125, 0.075], "texture": "#1"},
				"south": {"uv": [8.75, 0.75, 8.8, 0.825], "texture": "#1"},
				"west": {"uv": [8.75, 0.75, 8.7625, 0.825], "texture": "#1"},
				"up": {"uv": [0, 0, 0.05, 0.0125], "texture": "#1"},
				"down": {"uv": [0, 0, 0.05, 0.0125], "texture": "#1"}
			}
		},
		{
			"from": [-4.4, 3.86, 7.9],
			"to": [-3.9, 3.91, 8.3],
			"shade": false,
			"rotation": {"angle": 0, "axis": "x", "origin": [-1.35, 3.5249, 8]},
			"faces": {
				"north": {"uv": [0, 0, 0.125, 0.0125], "rotation": 180, "texture": "#1"},
				"east": {"uv": [0, 0, 0.0125, 0.1], "rotation": 270, "texture": "#1"},
				"south": {"uv": [8.75, 0.75, 8.875, 0.7625], "texture": "#1"},
				"west": {"uv": [8.75, 0.75, 8.85, 0.7625], "texture": "#1"},
				"up": {"uv": [8.75, 0.75, 8.875, 0.85], "texture": "#1"},
				"down": {"uv": [8.75, 0.75, 8.875, 0.85], "texture": "#1"}
			}
		},
		{
			"from": [-4.4, 3.86, 7.8],
			"to": [-3.9, 3.96, 7.9],
			"shade": false,
			"rotation": {"angle": 0, "axis": "x", "origin": [-1.35, 3.5249, 8]},
			"faces": {
				"north": {"uv": [8.75, 0.75, 8.875, 0.775], "texture": "#1"},
				"east": {"uv": [0, 0, 0.025, 0.025], "rotation": 270, "texture": "#1"},
				"south": {"uv": [0, 0, 0.125, 0.025], "texture": "#1"},
				"west": {"uv": [8.75, 0.75, 8.775, 0.775], "texture": "#1"},
				"up": {"uv": [8.75, 0.75, 8.875, 0.775], "texture": "#1"},
				"down": {"uv": [0, 0, 0.125, 0.025], "texture": "#1"}
			}
		},
		{
			"from": [-4.4, 3.86, 8.2],
			"to": [-3.9, 3.96, 8.3],
			"shade": false,
			"rotation": {"angle": 0, "axis": "x", "origin": [-1.35, 3.5249, 8]},
			"faces": {
				"north": {"uv": [8.75, 0.75, 8.875, 0.775], "texture": "#1"},
				"east": {"uv": [0, 0, 0.025, 0.025], "rotation": 270, "texture": "#1"},
				"south": {"uv": [8.75, 0.75, 8.875, 0.775], "texture": "#1"},
				"west": {"uv": [8.75, 0.75, 8.775, 0.775], "texture": "#1"},
				"up": {"uv": [8.75, 0.75, 8.875, 0.775], "texture": "#1"},
				"down": {"uv": [0, 0, 0.125, 0.025], "texture": "#1"}
			}
		},
		{
			"from": [-4.2, 3.3, 7.7],
			"to": [-0.3, 3.5, 8.3],
			"shade": false,
			"rotation": {"angle": 0, "axis": "x", "origin": [-1.35, 3.5249, 8]},
			"faces": {
				"north": {"uv": [0, 2.25, 0.975, 2.3], "texture": "#1"},
				"east": {"uv": [0, 0, 0.15, 0.05], "texture": "#1"},
				"south": {"uv": [0, 2.25, 0.975, 2.3], "texture": "#1"},
				"west": {"uv": [0, 2.25, 0.15, 2.3], "texture": "#1"},
				"up": {"uv": [0, 2.25, 0.975, 2.4], "texture": "#1"},
				"down": {"uv": [0, 2.25, 0.975, 2.4], "texture": "#1"}
			}
		},
		{
			"from": [-4.2, 3.1, 7.9],
			"to": [-0.3, 3.7, 8.1],
			"shade": false,
			"rotation": {"angle": 0, "axis": "x", "origin": [-1.35, 3.5249, 8]},
			"faces": {
				"north": {"uv": [0, 2.25, 15.75, 4], "texture": "#1"},
				"east": {"uv": [0, 0, 0.05, 0.15], "texture": "#1"},
				"south": {"uv": [0, 2.25, 15.75, 4], "texture": "#1"},
				"west": {"uv": [0, 2.25, 15.75, 4], "texture": "#1"},
				"up": {"uv": [0, 2.25, 15.75, 4], "texture": "#1"},
				"down": {"uv": [0, 2.25, 15.75, 4], "texture": "#1"}
			}
		},
		{
			"from": [-4.2, 3.2, 7.8],
			"to": [-0.3, 3.6, 8.2],
			"shade": false,
			"rotation": {"angle": 0, "axis": "x", "origin": [-1.35, 3.5249, 8]},
			"faces": {
				"north": {"uv": [0, 2.25, 0.975, 2.35], "texture": "#1"},
				"east": {"uv": [0, 0, 0.1, 0.1], "texture": "#1"},
				"south": {"uv": [0, 2.25, 0.975, 2.35], "texture": "#1"},
				"west": {"uv": [0, 2.25, 0.1, 2.35], "texture": "#1"},
				"up": {"uv": [0, 2.25, 0.975, 2.35], "texture": "#1"},
				"down": {"uv": [0, 2.25, 0.975, 2.35], "texture": "#1"}
			}
		},
		{
			"from": [16.3, 3.1, 7.8],
			"to": [17.4, 3.7, 8.2],
			"rotation": {"angle": 0, "axis": "y", "origin": [5.2, 3.4, 8]},
			"faces": {
				"north": {"uv": [8.5, 6.75, 13.75, 7.5], "texture": "#1"},
				"east": {"uv": [8.5, 6.75, 13.75, 7.5], "texture": "#1"},
				"south": {"uv": [8.5, 6.75, 13.75, 7.5], "texture": "#1"},
				"west": {"uv": [8.5, 6.75, 13.75, 7.5], "texture": "#1"},
				"up": {"uv": [8.5, 6.75, 13.75, 7.5], "texture": "#1"},
				"down": {"uv": [0, 0, 0.275, 0.1], "texture": "#1"}
			}
		},
		{
			"from": [16.3, 3.7, 7.9],
			"to": [17.4, 3.9, 8.1],
			"rotation": {"angle": 0, "axis": "y", "origin": [5.2, 3.4, 8]},
			"faces": {
				"north": {"uv": [0, 5.75, 4.25, 7.75], "texture": "#1"},
				"east": {"uv": [0, 5.75, 4.25, 7.75], "texture": "#1"},
				"south": {"uv": [0, 5.75, 4.25, 7.75], "texture": "#1"},
				"west": {"uv": [0, 5.75, 4.25, 7.75], "texture": "#1"},
				"up": {"uv": [0, 5.75, 4.25, 7.75], "texture": "#1"},
				"down": {"uv": [0, 0, 0.275, 0.05], "texture": "#1"}
			}
		},
		{
			"from": [16.3, 3.8, 7.7],
			"to": [17.4, 3.85, 8.3],
			"rotation": {"angle": 0, "axis": "y", "origin": [5.2, 3.4, 8]},
			"faces": {
				"north": {"uv": [0, 0, 0.275, 0.0125], "texture": "#1"},
				"east": {"uv": [0, 5.75, 4.25, 7.75], "texture": "#1"},
				"south": {"uv": [0, 0, 0.275, 0.0125], "texture": "#1"},
				"west": {"uv": [0, 5.75, 4.25, 7.75], "texture": "#1"},
				"up": {"uv": [0, 5.75, 4.25, 7.75], "texture": "#1"},
				"down": {"uv": [0, 0, 0.275, 0.15], "texture": "#1"}
			}
		},
		{
			"from": [16.3, 4.7, 7.8],
			"to": [17.4, 4.75, 8.2],
			"rotation": {"angle": 0, "axis": "y", "origin": [5.2, 3.4, 8]},
			"faces": {
				"north": {"uv": [0, 5.75, 4.25, 7.75], "texture": "#1"},
				"east": {"uv": [0, 5.75, 4.25, 7.75], "texture": "#1"},
				"south": {"uv": [0, 5.75, 4.25, 7.75], "texture": "#1"},
				"west": {"uv": [0, 5.75, 4.25, 7.75], "texture": "#1"},
				"up": {"uv": [0, 5.75, 4.25, 7.75], "texture": "#1"},
				"down": {"uv": [0, 0, 0.275, 0.1], "texture": "#1"}
			}
		},
		{
			"from": [16.3, 3.8, 7.6],
			"to": [17.4, 4.4, 7.7],
			"rotation": {"angle": 0, "axis": "y", "origin": [5.2, 3.4, 8]},
			"faces": {
				"north": {"uv": [0, 5.75, 4.25, 7.75], "texture": "#1"},
				"east": {"uv": [0, 5.75, 4.25, 7.75], "texture": "#1"},
				"south": {"uv": [0, 5.75, 4.25, 7.75], "texture": "#1"},
				"west": {"uv": [0, 5.75, 4.25, 7.75], "texture": "#1"},
				"up": {"uv": [0, 5.75, 4.25, 7.75], "texture": "#1"},
				"down": {"uv": [0, 0, 0.275, 0.025], "texture": "#1"}
			}
		},
		{
			"from": [16.3, 4.4, 8.2],
			"to": [17.4, 4.8, 8.3],
			"rotation": {"angle": -22.5, "axis": "x", "origin": [16.85, 4.7, 8.35]},
			"faces": {
				"north": {"uv": [0, 5.75, 4.25, 7.75], "texture": "#1"},
				"east": {"uv": [0, 5.75, 4.25, 7.75], "texture": "#1"},
				"south": {"uv": [0, 5.75, 4.25, 7.75], "texture": "#1"},
				"west": {"uv": [0, 5.75, 4.25, 7.75], "texture": "#1"},
				"up": {"uv": [0, 5.75, 4.25, 7.75], "texture": "#1"},
				"down": {"uv": [0, 0, 0.275, 0.025], "texture": "#1"}
			}
		},
		{
			"from": [16.3, 4.4, 7.7],
			"to": [17.4, 4.8, 7.8],
			"rotation": {"angle": 22.5, "axis": "x", "origin": [16.85, 4.7, 7.65]},
			"faces": {
				"north": {"uv": [0, 5.75, 4.25, 7.75], "texture": "#1"},
				"east": {"uv": [0, 5.75, 4.25, 7.75], "texture": "#1"},
				"south": {"uv": [0, 5.75, 4.25, 7.75], "texture": "#1"},
				"west": {"uv": [0, 5.75, 4.25, 7.75], "texture": "#1"},
				"up": {"uv": [0, 5.75, 4.25, 7.75], "texture": "#1"},
				"down": {"uv": [0, 0, 0.275, 0.025], "texture": "#1"}
			}
		},
		{
			"from": [16.3, 3.8, 8.3],
			"to": [17.4, 4.4, 8.4],
			"rotation": {"angle": 0, "axis": "y", "origin": [5.2, 3.4, 8]},
			"faces": {
				"north": {"uv": [0, 5.75, 4.25, 7.75], "texture": "#1"},
				"east": {"uv": [0, 5.75, 4.25, 7.75], "texture": "#1"},
				"south": {"uv": [0, 5.75, 4.25, 7.75], "texture": "#1"},
				"west": {"uv": [0, 5.75, 4.25, 7.75], "texture": "#1"},
				"up": {"uv": [0, 5.75, 4.25, 7.75], "texture": "#1"},
				"down": {"uv": [0, 0, 0.275, 0.025], "texture": "#1"}
			}
		},
		{
			"from": [16.6, 3.9, 7.96],
			"to": [17.4, 4.3, 8.01],
			"rotation": {"angle": 0, "axis": "y", "origin": [17, 4, 8]},
			"faces": {
				"north": {"uv": [0, 5.75, 4.25, 7.75], "texture": "#1"},
				"east": {"uv": [0, 5.75, 4.25, 7.75], "texture": "#1"},
				"south": {"uv": [0, 5.75, 4.25, 7.75], "texture": "#1"},
				"west": {"uv": [0, 5.75, 4.25, 7.75], "texture": "#1"},
				"up": {"uv": [0, 5.75, 4.25, 7.75], "texture": "#1"},
				"down": {"uv": [0, 0, 0.2, 0.0125], "texture": "#1"}
			}
		},
		{
			"from": [16.3, 3.2, 7.7],
			"to": [17.4, 3.6, 8.3],
			"rotation": {"angle": 0, "axis": "y", "origin": [5.2, 3.4, 8]},
			"faces": {
				"north": {"uv": [8.5, 6.75, 13.75, 7.5], "texture": "#1"},
				"east": {"uv": [8.5, 6.75, 13.75, 7.5], "texture": "#1"},
				"south": {"uv": [8.5, 6.75, 13.75, 7.5], "texture": "#1"},
				"west": {"uv": [8.5, 6.75, 13.75, 7.5], "texture": "#1"},
				"up": {"uv": [8.5, 6.75, 13.75, 7.5], "texture": "#1"},
				"down": {"uv": [0, 0, 0.275, 0.15], "texture": "#1"}
			}
		},
		{
			"from": [16.3, 3.3, 7.6],
			"to": [17.4, 3.5, 8.4],
			"rotation": {"angle": 0, "axis": "y", "origin": [5.2, 3.4, 8]},
			"faces": {
				"north": {"uv": [8.5, 6.75, 13.75, 7.5], "texture": "#1"},
				"east": {"uv": [8.5, 6.75, 13.75, 7.5], "texture": "#1"},
				"south": {"uv": [8.5, 6.75, 13.75, 7.5], "texture": "#1"},
				"west": {"uv": [8.5, 6.75, 13.75, 7.5], "texture": "#1"},
				"up": {"uv": [8.5, 6.75, 13.75, 7.5], "texture": "#1"},
				"down": {"uv": [0, 0, 0.275, 0.2], "texture": "#1"}
			}
		}
	],
	"display": {
		"thirdperson_righthand": {
			"rotation": [0, 90, 0],
			"translation": [0, 5, -7.25],
			"scale": [0.8, 0.8, 0.8]
		},
		"thirdperson_lefthand": {
			"translation": [-6.75, 5.75, 0],
			"scale": [0.8, 0.8, 0.8]
		},
		"firstperson_righthand": {
			"rotation": [0, 90, 0],
			"translation": [-8.96, 11.3, -0.25],
			"scale": [0.8, 0.8, 0.8]
		},
		"firstperson_lefthand": {
			"rotation": [4, -12, 4],
			"translation": [-6, 6.25, 2.75],
			"scale": [0.8, 0.8, 0.8]
		},
		"ground": {
			"rotation": [-98, 0, 0],
			"translation": [6.5, 0, 0],
			"scale": [0.8, 0.8, 0.8]
		},
		"gui": {
			"translation": [6.25, 5.25, 0],
			"scale": [0.8, 0.8, 0.8]
		},
		"head": {
			"translation": [0, 14, 0]
		},
		"fixed": {
			"rotation": [0, 0, 39],
			"translation": [0, 5.25, -0.25],
			"scale": [0.8, 0.8, 0.8]
		}
	},
	"groups": [0, 1, 2, 3, 4, 5, 6, 7, 8, 9, 10, 11, 12, 13, 14, 15, 16, 17, 18, 19, 20, 21, 22, 23, 24, 25, 26, 27, 28, 29, 30, 31, 32, 33, 34, 35, 36, 37, 38, 39, 40, 41, 42, 43, 44, 45, 46, 47, 48, 49,
		{
			"name": "3",
			"origin": [-3.85, 1.86667, 8],
			"color": 0,
			"children": [50, 51, 52, 53, 54, 55, 56, 57, 58, 59, 60, 61, 62, 63, 64, 65, 66]
		},
		{
			"name": "1",
			"origin": [5.2, 3.4, 8],
			"color": 0,
			"children": [67, 68, 69, 70, 71]
		},
		{
			"name": "4",
			"origin": [5.2, 3.4, 8],
			"color": 0,
			"children": [72, 73, 74, 75, 76, 77, 78, 79, 80, 81, 82, 83, 84]
		},
		{
			"name": "1.5",
			"origin": [5.2, 3.4, 8],
			"color": 0,
			"children": [85, 86, 87, 88, 89, 90, 91, 92, 93, 94, 95]
		}
	]
}