{
	"credit": "Made with Blockbench",
	"texture_size": [64, 64],
	"textures": {
		"1": "nubx/texture_98k",
		"main": "nubx/kar98-score_reload1",
		"particle": "nubx/texture_98k"
	},
	"elements": [
		{
			"from": [6.75, 4.4631, 7.72579],
			"to": [6.8, 5.2631, 8.44372],
			"rotation": {"angle": 0, "axis": "y", "origin": [-0.925, 4.87234, 8.08476]},
			"faces": {
				"north": {"uv": [4, 0.07031, 4.49609, 0.125], "texture": "#main"},
				"east": {"uv": [4, 0.0625, 4.46875, 0.4375], "texture": "#main"},
				"south": {"uv": [4, 0.00078, 4.03203, 0.00156], "texture": "#main"},
				"west": {"uv": [4, 0.09375, 4.5, 0.4375], "texture": "#main"},
				"up": {"uv": [4, 0.07031, 4.49609, 0.125], "texture": "#main"},
				"down": {"uv": [4, 0.00156, 4.03203, 0.00313], "texture": "#main"}
			}
		},
		{
			"from": [-0.3, 3.7, 7.8],
			"to": [1.2, 3.8, 8.2],
			"rotation": {"angle": 0, "axis": "y", "origin": [-2.55, 3.4, 8]},
			"faces": {
				"north": {"uv": [8.75, 0.75, 15.75, 2], "texture": "#1"},
				"east": {"uv": [8.75, 0.75, 15.75, 2], "texture": "#1"},
				"south": {"uv": [8.75, 0.75, 15.75, 2], "texture": "#1"},
				"west": {"uv": [0, 0, 0.1, 0.025], "texture": "#1"},
				"up": {"uv": [8.75, 0.75, 15.75, 2], "texture": "#1"},
				"down": {"uv": [0, 0, 0.375, 0.1], "texture": "#1"}
			}
		},
		{
			"from": [-3.1, 3.6, 7.7],
			"to": [-2.6, 3.7, 8.3],
			"rotation": {"angle": 0, "axis": "y", "origin": [-2.55, 3.4, 8]},
			"faces": {
				"north": {"uv": [8.75, 0.75, 8.875, 0.775], "texture": "#1"},
				"east": {"uv": [8.75, 0.75, 8.9, 0.775], "texture": "#1"},
				"south": {"uv": [8.75, 0.75, 8.875, 0.775], "texture": "#1"},
				"west": {"uv": [8.75, 0.75, 8.9, 0.775], "texture": "#1"},
				"up": {"uv": [8.75, 0.75, 8.875, 0.9], "texture": "#1"},
				"down": {"uv": [0, 0, 0.125, 0.15], "texture": "#1"}
			}
		},
		{
			"from": [-3.1, 3.4, 7.6],
			"to": [-2.6, 3.6, 8.4],
			"rotation": {"angle": 0, "axis": "y", "origin": [-2.55, 3.4, 8]},
			"faces": {
				"north": {"uv": [8.75, 0.75, 8.875, 0.8], "texture": "#1"},
				"east": {"uv": [8.75, 0.75, 8.95, 0.8], "texture": "#1"},
				"south": {"uv": [8.75, 0.75, 8.875, 0.8], "texture": "#1"},
				"west": {"uv": [8.75, 0.75, 8.95, 0.8], "texture": "#1"},
				"up": {"uv": [8.75, 0.75, 8.875, 0.95], "texture": "#1"},
				"down": {"uv": [0, 0, 0.125, 0.2], "texture": "#1"}
			}
		},
		{
			"from": [-3.1, 3.7, 7.8],
			"to": [-2.6, 3.8, 8.2],
			"rotation": {"angle": 0, "axis": "y", "origin": [-2.55, 3.4, 8]},
			"faces": {
				"north": {"uv": [8.75, 0.75, 8.875, 0.775], "texture": "#1"},
				"east": {"uv": [8.75, 0.75, 8.85, 0.775], "texture": "#1"},
				"south": {"uv": [8.75, 0.75, 8.875, 0.775], "texture": "#1"},
				"west": {"uv": [8.75, 0.75, 8.85, 0.775], "texture": "#1"},
				"up": {"uv": [8.75, 0.75, 8.875, 0.85], "texture": "#1"},
				"down": {"uv": [0, 0, 0.125, 0.1], "texture": "#1"}
			}
		},
		{
			"from": [-0.3, 3.4, 7.6],
			"to": [1.2, 3.6, 8.4],
			"rotation": {"angle": 0, "axis": "y", "origin": [-2.55, 3.4, 8]},
			"faces": {
				"north": {"uv": [8.75, 0.75, 15.75, 2], "texture": "#1"},
				"east": {"uv": [8.75, 0.75, 15.75, 2], "texture": "#1"},
				"south": {"uv": [8.75, 0.75, 15.75, 2], "texture": "#1"},
				"west": {"uv": [8.75, 0.75, 15.75, 2], "texture": "#1"},
				"up": {"uv": [8.75, 0.75, 15.75, 2], "texture": "#1"},
				"down": {"uv": [0, 0, 0.375, 0.2], "texture": "#1"}
			}
		},
		{
			"from": [-0.3, 3.6, 7.7],
			"to": [1.2, 3.7, 8.3],
			"rotation": {"angle": 0, "axis": "y", "origin": [-2.55, 3.4, 8]},
			"faces": {
				"north": {"uv": [8.75, 0.75, 15.75, 2], "texture": "#1"},
				"east": {"uv": [8.75, 0.75, 15.75, 2], "texture": "#1"},
				"south": {"uv": [8.75, 0.75, 15.75, 2], "texture": "#1"},
				"west": {"uv": [0, 0, 0.15, 0.025], "texture": "#1"},
				"up": {"uv": [8.75, 0.75, 15.75, 2], "texture": "#1"},
				"down": {"uv": [0, 0, 0.375, 0.15], "texture": "#1"}
			}
		},
		{
			"from": [-3.5, 1.8, 7.75],
			"to": [5.3, 2, 8.25],
			"rotation": {"angle": 0, "axis": "y", "origin": [1, 2.26667, 8]},
			"faces": {
				"north": {"uv": [4.25, 10.75, 16, 11.5], "texture": "#1"},
				"east": {"uv": [7.25, 10, 10, 12.75], "texture": "#1"},
				"south": {"uv": [4.25, 10.75, 16, 11.5], "texture": "#1"},
				"west": {"uv": [0, 0, 0.125, 0.05], "texture": "#1"},
				"up": {"uv": [0, 0, 2.2, 0.125], "texture": "#1"},
				"down": {"uv": [4.25, 10.75, 16, 11.5], "texture": "#1"}
			}
		},
		{
			"from": [-3.5, 1.1, 7.85],
			"to": [-2, 1.3, 8.15],
			"rotation": {"angle": 0, "axis": "y", "origin": [1, 2.26667, 8]},
			"faces": {
				"north": {"uv": [7.25, 0.75, 8.75, 2], "texture": "#1"},
				"east": {"uv": [7.25, 0.75, 8.75, 2], "texture": "#1"},
				"south": {"uv": [7.25, 0.75, 8.75, 2], "texture": "#1"},
				"west": {"uv": [0, 0, 0.075, 0.05], "texture": "#1"},
				"up": {"uv": [7.25, 0.75, 8.75, 2], "texture": "#1"},
				"down": {"uv": [7.25, 0.75, 8.75, 2], "texture": "#1"}
			}
		},
		{
			"from": [-2.3, 1.3, 7.85],
			"to": [-1.5, 1.5, 8.15],
			"rotation": {"angle": 0, "axis": "y", "origin": [1, 2.26667, 8]},
			"faces": {
				"north": {"uv": [7.25, 0.75, 8.75, 2], "texture": "#1"},
				"east": {"uv": [7.25, 0.75, 8.75, 2], "texture": "#1"},
				"south": {"uv": [7.25, 0.75, 8.75, 2], "texture": "#1"},
				"west": {"uv": [7.25, 0.75, 8.75, 2], "texture": "#1"},
				"up": {"uv": [7.25, 0.75, 8.75, 2], "texture": "#1"},
				"down": {"uv": [7.25, 0.75, 8.75, 2], "texture": "#1"}
			}
		},
		{
			"from": [-2.1, 1.5, 7.85],
			"to": [-1.3, 1.8, 8.15],
			"rotation": {"angle": 0, "axis": "y", "origin": [1, 2.26667, 8]},
			"faces": {
				"north": {"uv": [7.25, 0.75, 8.75, 2], "texture": "#1"},
				"east": {"uv": [7.25, 0.75, 8.75, 2], "texture": "#1"},
				"south": {"uv": [7.25, 0.75, 8.75, 2], "texture": "#1"},
				"west": {"uv": [7.25, 0.75, 8.75, 2], "texture": "#1"},
				"up": {"uv": [0, 0, 0.2, 0.075], "texture": "#1"},
				"down": {"uv": [7.25, 0.75, 8.75, 2], "texture": "#1"}
			}
		},
		{
			"from": [-3.5, 1.3, 7.95],
			"to": [-2.7, 1.8, 8.05],
			"rotation": {"angle": 0, "axis": "y", "origin": [1, 2.26667, 8]},
			"faces": {
				"north": {"uv": [13.75, 5.75, 16, 7.5], "texture": "#1"},
				"east": {"uv": [13.75, 5.75, 16, 7.5], "texture": "#1"},
				"south": {"uv": [13.75, 5.75, 16, 7.5], "texture": "#1"},
				"west": {"uv": [0, 0, 0.025, 0.125], "texture": "#1"},
				"up": {"uv": [0, 0, 0.2, 0.025], "texture": "#1"},
				"down": {"uv": [0, 0, 0.2, 0.025], "texture": "#1"}
			}
		},
		{
			"from": [-4.5, 1.1, 7.75],
			"to": [-3.5, 1.3, 8.25],
			"rotation": {"angle": 0, "axis": "y", "origin": [-3.85, 1.86667, 8]},
			"faces": {
				"north": {"uv": [6, 12.25, 8.25, 12.75], "texture": "#1"},
				"east": {"uv": [7.25, 10, 10, 12.75], "texture": "#1"},
				"south": {"uv": [6, 12.25, 8.25, 12.75], "texture": "#1"},
				"west": {"uv": [7.25, 10, 10, 12.75], "texture": "#1"},
				"up": {"uv": [0, 0, 0.25, 0.125], "texture": "#1"},
				"down": {"uv": [6, 12.25, 8.25, 12.75], "texture": "#1"}
			}
		},
		{
			"from": [-4.5, 1.3, 7.65],
			"to": [-3.5, 1.5, 8.35],
			"rotation": {"angle": 0, "axis": "y", "origin": [-3.85, 1.86667, 8]},
			"faces": {
				"north": {"uv": [11.5, 10.75, 14.75, 11.25], "texture": "#1"},
				"east": {"uv": [7.25, 10, 10, 12.75], "texture": "#1"},
				"south": {"uv": [11.5, 10.75, 14.75, 11.25], "texture": "#1"},
				"west": {"uv": [7.25, 10, 10, 12.75], "texture": "#1"},
				"up": {"uv": [0, 0, 0.25, 0.175], "texture": "#1"},
				"down": {"uv": [11.5, 10.75, 14.75, 11.25], "texture": "#1"}
			}
		},
		{
			"from": [-4.5, 1.5, 7.55],
			"to": [-3.5, 2.7, 8.45],
			"rotation": {"angle": 0, "axis": "y", "origin": [-3.85, 1.86667, 8]},
			"faces": {
				"north": {"uv": [11.5, 9.75, 12.25, 11.5], "texture": "#1"},
				"east": {"uv": [7.25, 10, 10, 12.75], "texture": "#1"},
				"south": {"uv": [11.5, 9.75, 12.25, 11.5], "texture": "#1"},
				"west": {"uv": [7.25, 10, 10, 12.75], "texture": "#1"},
				"up": {"uv": [11.5, 9.75, 12.25, 11.5], "texture": "#1"},
				"down": {"uv": [11.5, 9.75, 12.25, 11.5], "texture": "#1"}
			}
		},
		{
			"from": [-4.5, 2.7, 7.65],
			"to": [-3.5, 2.9, 8.35],
			"rotation": {"angle": 0, "axis": "y", "origin": [-4.85, 3.2, 8]},
			"faces": {
				"north": {"uv": [9.5, 9.25, 11.5, 10.25], "texture": "#1"},
				"east": {"uv": [0, 0.05, 0.175, 0.1], "texture": "#1"},
				"south": {"uv": [9.5, 9.25, 11.5, 10.25], "texture": "#1"},
				"west": {"uv": [0, 0.05, 0.175, 0.1], "texture": "#1"},
				"up": {"uv": [9.5, 9.25, 11.5, 10.25], "texture": "#1"},
				"down": {"uv": [0, 0.175, 0.25, 0.35], "texture": "#1"}
			}
		},
		{
			"from": [-4.5, 2.9, 7.75],
			"to": [-3.5, 3.1, 8.25],
			"rotation": {"angle": 0, "axis": "y", "origin": [-4.85, 3.2, 8]},
			"faces": {
				"north": {"uv": [7, 9.5, 10.25, 10], "texture": "#1"},
				"east": {"uv": [0, 0.05, 0.125, 0.1], "texture": "#1"},
				"south": {"uv": [7, 9.5, 10.25, 10], "texture": "#1"},
				"west": {"uv": [0, 0.05, 0.125, 0.1], "texture": "#1"},
				"up": {"uv": [7, 9.5, 10.25, 10], "texture": "#1"},
				"down": {"uv": [0, 0.125, 0.25, 0.25], "texture": "#1"}
			}
		},
		{
			"from": [-3.5, 2, 7.65],
			"to": [5.3, 2.2, 8.35],
			"rotation": {"angle": 0, "axis": "y", "origin": [1, 2.26667, 8]},
			"faces": {
				"north": {"uv": [5.5, 10.75, 12.75, 11.25], "texture": "#1"},
				"east": {"uv": [0, 0, 0.175, 0.05], "texture": "#1"},
				"south": {"uv": [5.5, 10.75, 12.75, 11.25], "texture": "#1"},
				"west": {"uv": [0, 0, 0.175, 0.05], "texture": "#1"},
				"up": {"uv": [0, 0, 2.2, 0.175], "texture": "#1"},
				"down": {"uv": [5.5, 10.75, 12.75, 11.25], "texture": "#1"}
			}
		},
		{
			"from": [-3.5, 2.2, 7.55],
			"to": [5.3, 3.4, 8.45],
			"rotation": {"angle": 0, "axis": "y", "origin": [1, 2.26667, 8]},
			"faces": {
				"north": {"uv": [3.25, 9.75, 11.75, 11.5], "texture": "#1"},
				"east": {"uv": [0, 0, 0.225, 0.3], "texture": "#1"},
				"south": {"uv": [3.25, 9.75, 11.75, 11.5], "texture": "#1"},
				"west": {"uv": [0, 0, 0.225, 0.3], "texture": "#1"},
				"up": {"uv": [0, 4, 16, 5.75], "texture": "#1"},
				"down": {"uv": [3.25, 9.75, 11.75, 11.5], "texture": "#1"}
			}
		},
		{
			"from": [3.2, 3.4, 7.6],
			"to": [5.2, 3.7, 8.4],
			"rotation": {"angle": 0, "axis": "y", "origin": [1, 2.26667, 8]},
			"faces": {
				"north": {"uv": [8.75, 0.75, 15.75, 2], "texture": "#1"},
				"east": {"uv": [0, 0, 0.2, 0.075], "texture": "#1"},
				"south": {"uv": [8.75, 0.75, 15.75, 2], "texture": "#1"},
				"west": {"uv": [0, 0, 0.2, 0.075], "texture": "#1"},
				"up": {"uv": [8.75, 0.75, 15.75, 2], "texture": "#1"},
				"down": {"uv": [0, 0, 0.5, 0.2], "texture": "#1"}
			}
		},
		{
			"from": [3.2, 3.7, 7.65],
			"to": [5.2, 3.8, 8.35],
			"rotation": {"angle": 0, "axis": "y", "origin": [1, 2.26667, 8]},
			"faces": {
				"north": {"uv": [8.75, 0.75, 15.75, 2], "texture": "#1"},
				"east": {"uv": [0, 0, 0.175, 0.025], "texture": "#1"},
				"south": {"uv": [8.75, 0.75, 15.75, 2], "texture": "#1"},
				"west": {"uv": [8.75, 0.75, 15.75, 2], "texture": "#1"},
				"up": {"uv": [8.75, 0.75, 15.75, 2], "texture": "#1"},
				"down": {"uv": [0, 0, 0.5, 0.175], "texture": "#1"}
			}
		},
		{
			"from": [5.3, 3.6, 7.75],
			"to": [10.7, 3.8, 8.25],
			"rotation": {"angle": 0, "axis": "y", "origin": [9.7, 3.48333, 8]},
			"faces": {
				"north": {"uv": [0, 9.75, 8.5, 11.5], "texture": "#1"},
				"east": {"uv": [0, 0.05, 0.125, 0.1], "texture": "#1"},
				"south": {"uv": [0, 9.75, 8.5, 11.5], "texture": "#1"},
				"west": {"uv": [0, 0.05, 0.125, 0.1], "texture": "#1"},
				"up": {"uv": [0, 9.75, 8.5, 11.5], "texture": "#1"},
				"down": {"uv": [0, 0.075, 1.35, 0.2], "texture": "#1"}
			}
		},
		{
			"from": [10.7, 2.1, 7.55],
			"to": [11.2, 2.3, 8.45],
			"rotation": {"angle": 0, "axis": "y", "origin": [7, 2.3, 8.1]},
			"faces": {
				"north": {"uv": [5, 0.75, 5.75, 2.25], "texture": "#1"},
				"east": {"uv": [5.75, 0.75, 7.25, 2], "texture": "#1"},
				"south": {"uv": [5, 0.75, 5.75, 2.25], "texture": "#1"},
				"west": {"uv": [5.75, 0.75, 7.25, 2], "texture": "#1"},
				"up": {"uv": [0, 0, 0.125, 0.225], "texture": "#1"},
				"down": {"uv": [5, 0.75, 5.125, 0.975], "texture": "#1"}
			}
		},
		{
			"from": [10.7, 2.3, 7.45],
			"to": [11.2, 3.2, 8.55],
			"rotation": {"angle": 0, "axis": "y", "origin": [7, 2.75, 8.1]},
			"faces": {
				"north": {"uv": [5, 0.75, 5.75, 2.25], "texture": "#1"},
				"east": {"uv": [5.75, 0.75, 7.25, 2], "texture": "#1"},
				"south": {"uv": [5, 0.75, 5.75, 2.25], "texture": "#1"},
				"west": {"uv": [5.75, 0.75, 7.25, 2], "texture": "#1"},
				"up": {"uv": [0, 0, 0.125, 0.275], "texture": "#1"},
				"down": {"uv": [5, 0.75, 5.75, 2.25], "texture": "#1"}
			}
		},
		{
			"from": [10.7, 1.9, 7.65],
			"to": [11.2, 2.1, 8.35],
			"rotation": {"angle": 0, "axis": "y", "origin": [7, 2.3, 8.1]},
			"faces": {
				"north": {"uv": [5, 0.75, 5.75, 2.25], "texture": "#1"},
				"east": {"uv": [5.75, 0.75, 7.25, 2], "texture": "#1"},
				"south": {"uv": [5, 0.75, 5.75, 2.25], "texture": "#1"},
				"west": {"uv": [5.75, 0.75, 7.25, 2], "texture": "#1"},
				"up": {"uv": [0, 0, 0.125, 0.175], "texture": "#1"},
				"down": {"uv": [5, 0.75, 5.125, 0.925], "texture": "#1"}
			}
		},
		{
			"from": [10.7, 3.5, 7.55],
			"to": [11.2, 3.7, 8.45],
			"rotation": {"angle": 0, "axis": "y", "origin": [9.7, 3.48333, 8]},
			"faces": {
				"north": {"uv": [5, 0.75, 5.75, 2.25], "texture": "#1"},
				"east": {"uv": [5.75, 0.75, 7.25, 2], "texture": "#1"},
				"south": {"uv": [5, 0.75, 5.75, 2.25], "texture": "#1"},
				"west": {"uv": [5.75, 0.75, 7.25, 2], "texture": "#1"},
				"up": {"uv": [5, 0.75, 5.125, 0.975], "texture": "#1"},
				"down": {"uv": [0, 0.125, 0.125, 0.35], "texture": "#1"}
			}
		},
		{
			"from": [10.7, 3.2, 7.45],
			"to": [11.2, 3.5, 8.55],
			"rotation": {"angle": 0, "axis": "y", "origin": [9.7, 3.48333, 8]},
			"faces": {
				"north": {"uv": [5, 0.75, 5.75, 2.25], "texture": "#1"},
				"east": {"uv": [5.75, 0.75, 7.25, 2], "texture": "#1"},
				"south": {"uv": [5, 0.75, 5.75, 2.25], "texture": "#1"},
				"west": {"uv": [5.75, 0.75, 7.25, 2], "texture": "#1"},
				"up": {"uv": [5, 0.75, 5.125, 1.025], "texture": "#1"},
				"down": {"uv": [0, 0.175, 0.125, 0.45], "texture": "#1"}
			}
		},
		{
			"from": [10.7, 3.7, 7.65],
			"to": [11.2, 3.9, 8.35],
			"rotation": {"angle": 0, "axis": "y", "origin": [9.7, 3.48333, 8]},
			"faces": {
				"north": {"uv": [5, 0.75, 5.75, 2.25], "texture": "#1"},
				"east": {"uv": [5.75, 0.75, 7.25, 2], "texture": "#1"},
				"south": {"uv": [5, 0.75, 5.125, 0.8], "texture": "#1"},
				"west": {"uv": [5.75, 0.75, 7.25, 2], "texture": "#1"},
				"up": {"uv": [5, 0.75, 5.125, 0.925], "texture": "#1"},
				"down": {"uv": [0, 0.075, 0.125, 0.25], "texture": "#1"}
			}
		},
		{
			"from": [5.2, 3, 7.45],
			"to": [5.7, 3.5, 8.55],
			"rotation": {"angle": 0, "axis": "y", "origin": [9.7, 3.48333, 8]},
			"faces": {
				"north": {"uv": [5, 0.75, 5.75, 2.25], "texture": "#1"},
				"east": {"uv": [5.75, 0.75, 7.25, 2], "texture": "#1"},
				"south": {"uv": [5, 0.75, 5.75, 2.25], "texture": "#1"},
				"west": {"uv": [0, 0.175, 0.275, 0.3], "texture": "#1"},
				"up": {"uv": [5, 0.75, 5.75, 2.25], "texture": "#1"},
				"down": {"uv": [0, 0.175, 0.125, 0.45], "texture": "#1"}
			}
		},
		{
			"from": [5.2, 3.5, 7.55],
			"to": [5.7, 3.7, 8.45],
			"rotation": {"angle": 0, "axis": "y", "origin": [9.7, 3.48333, 8]},
			"faces": {
				"north": {"uv": [5, 0.75, 5.75, 2.25], "texture": "#1"},
				"east": {"uv": [5.75, 0.75, 7.25, 2], "texture": "#1"},
				"south": {"uv": [5, 0.75, 5.75, 2.25], "texture": "#1"},
				"west": {"uv": [0, 0.05, 0.225, 0.1], "texture": "#1"},
				"up": {"uv": [5, 0.75, 5.75, 2.25], "texture": "#1"},
				"down": {"uv": [0, 0.125, 0.125, 0.35], "texture": "#1"}
			}
		},
		{
			"from": [5.2, 1.9, 7.65],
			"to": [5.7, 2.1, 8.35],
			"rotation": {"angle": 0, "axis": "y", "origin": [7, 2.3, 8.1]},
			"faces": {
				"north": {"uv": [5, 0.75, 5.75, 2.25], "texture": "#1"},
				"east": {"uv": [5.75, 0.75, 7.25, 2], "texture": "#1"},
				"south": {"uv": [5, 0.75, 5.75, 2.25], "texture": "#1"},
				"west": {"uv": [0, 0, 0.175, 0.05], "texture": "#1"},
				"up": {"uv": [0, 0, 0.125, 0.175], "texture": "#1"},
				"down": {"uv": [5, 0.75, 5.75, 2.25], "texture": "#1"}
			}
		},
		{
			"from": [5.2, 2.3, 7.45],
			"to": [5.7, 3, 8.55],
			"rotation": {"angle": 0, "axis": "y", "origin": [7, 2.75, 8.1]},
			"faces": {
				"north": {"uv": [5, 0.75, 5.75, 2.25], "texture": "#1"},
				"east": {"uv": [5.75, 0.75, 7.25, 2], "texture": "#1"},
				"south": {"uv": [5, 0.75, 5.75, 2.25], "texture": "#1"},
				"west": {"uv": [0, 0, 0.275, 0.175], "texture": "#1"},
				"up": {"uv": [0, 0, 0.125, 0.275], "texture": "#1"},
				"down": {"uv": [5, 0.75, 5.75, 2.25], "texture": "#1"}
			}
		},
		{
			"from": [5.7, 2.4, 7.45],
			"to": [6.8, 2.6, 7.55],
			"rotation": {"angle": 0, "axis": "y", "origin": [7, 2.75, 8.1]},
			"faces": {
				"north": {"uv": [5, 0.75, 5.75, 2.25], "texture": "#1"},
				"east": {"uv": [0, 0, 0.025, 0.05], "texture": "#1"},
				"south": {"uv": [0, 0, 0.275, 0.05], "texture": "#1"},
				"west": {"uv": [0, 0, 0.025, 0.05], "texture": "#1"},
				"up": {"uv": [5, 0.75, 5.75, 2.25], "texture": "#1"},
				"down": {"uv": [5, 0.75, 5.75, 2.25], "texture": "#1"}
			}
		},
		{
			"from": [5.7, 3.1, 7.45],
			"to": [6.8, 3.3, 7.55],
			"rotation": {"angle": 0, "axis": "y", "origin": [7, 2.75, 8.1]},
			"faces": {
				"north": {"uv": [5, 0.75, 5.75, 2.25], "texture": "#1"},
				"east": {"uv": [0, 0, 0.025, 0.05], "texture": "#1"},
				"south": {"uv": [0, 0, 0.275, 0.05], "texture": "#1"},
				"west": {"uv": [0, 0, 0.025, 0.05], "texture": "#1"},
				"up": {"uv": [5, 0.75, 5.75, 2.25], "texture": "#1"},
				"down": {"uv": [0, 0, 0.275, 0.025], "texture": "#1"}
			}
		},
		{
			"from": [5.2, 2.1, 7.55],
			"to": [5.7, 2.3, 8.45],
			"rotation": {"angle": 0, "axis": "y", "origin": [7, 2.3, 8.1]},
			"faces": {
				"north": {"uv": [5, 0.75, 5.75, 2.25], "texture": "#1"},
				"east": {"uv": [5.75, 0.75, 7.25, 2], "texture": "#1"},
				"south": {"uv": [5, 0.75, 5.75, 2.25], "texture": "#1"},
				"west": {"uv": [0, 0, 0.225, 0.05], "texture": "#1"},
				"up": {"uv": [0, 0, 0.125, 0.225], "texture": "#1"},
				"down": {"uv": [5, 0.75, 5.75, 2.25], "texture": "#1"}
			}
		},
		{
			"from": [5.2, 3.7, 7.65],
			"to": [5.7, 3.9, 8.35],
			"rotation": {"angle": 0, "axis": "y", "origin": [9.7, 3.48333, 8]},
			"faces": {
				"north": {"uv": [5, 0.75, 5.75, 2.25], "texture": "#1"},
				"east": {"uv": [5.75, 0.75, 7.25, 2], "texture": "#1"},
				"south": {"uv": [5, 0.75, 5.75, 2.25], "texture": "#1"},
				"west": {"uv": [0, 0.05, 0.175, 0.1], "texture": "#1"},
				"up": {"uv": [5, 0.75, 5.75, 2.25], "texture": "#1"},
				"down": {"uv": [0, 0.075, 0.125, 0.25], "texture": "#1"}
			}
		},
		{
			"from": [6.8, 3, 7.45],
			"to": [7.3, 3.5, 8.55],
			"rotation": {"angle": 0, "axis": "y", "origin": [9.7, 3.48333, 8]},
			"faces": {
				"north": {"uv": [5, 0.75, 5.75, 2.25], "texture": "#1"},
				"east": {"uv": [5.75, 0.75, 7.25, 2], "texture": "#1"},
				"south": {"uv": [5, 0.75, 5.75, 2.25], "texture": "#1"},
				"west": {"uv": [5.75, 0.75, 7.25, 2], "texture": "#1"},
				"up": {"uv": [5, 0.75, 5.75, 2.25], "texture": "#1"},
				"down": {"uv": [0, 0.175, 0.125, 0.45], "texture": "#1"}
			}
		},
		{
			"from": [6.8, 2.1, 7.55],
			"to": [7.3, 2.3, 8.45],
			"rotation": {"angle": 0, "axis": "y", "origin": [7, 2.3, 8.1]},
			"faces": {
				"north": {"uv": [5, 0.75, 5.75, 2.25], "texture": "#1"},
				"east": {"uv": [5.75, 0.75, 7.25, 2], "texture": "#1"},
				"south": {"uv": [5, 0.75, 5.75, 2.25], "texture": "#1"},
				"west": {"uv": [5.75, 0.75, 7.25, 2], "texture": "#1"},
				"up": {"uv": [0, 0, 0.125, 0.225], "texture": "#1"},
				"down": {"uv": [5, 0.75, 5.75, 2.25], "texture": "#1"}
			}
		},
		{
			"from": [6.8, 2.3, 7.45],
			"to": [7.3, 3, 8.55],
			"rotation": {"angle": 0, "axis": "y", "origin": [7, 2.75, 8.1]},
			"faces": {
				"north": {"uv": [5, 0.75, 5.75, 2.25], "texture": "#1"},
				"east": {"uv": [5.75, 0.75, 7.25, 2], "texture": "#1"},
				"south": {"uv": [5, 0.75, 5.75, 2.25], "texture": "#1"},
				"west": {"uv": [5.75, 0.75, 7.25, 2], "texture": "#1"},
				"up": {"uv": [0, 0, 0.125, 0.275], "texture": "#1"},
				"down": {"uv": [5, 0.75, 5.75, 2.25], "texture": "#1"}
			}
		},
		{
			"from": [6.8, 1.9, 7.65],
			"to": [7.3, 2.1, 8.35],
			"rotation": {"angle": 0, "axis": "y", "origin": [7, 2.3, 8.1]},
			"faces": {
				"north": {"uv": [5, 0.75, 5.75, 2.25], "texture": "#1"},
				"east": {"uv": [5.75, 0.75, 7.25, 2], "texture": "#1"},
				"south": {"uv": [5, 0.75, 5.75, 2.25], "texture": "#1"},
				"west": {"uv": [5.75, 0.75, 7.25, 2], "texture": "#1"},
				"up": {"uv": [0, 0, 0.125, 0.175], "texture": "#1"},
				"down": {"uv": [5, 0.75, 5.125, 0.925], "texture": "#1"}
			}
		},
		{
			"from": [6.8, 3.5, 7.55],
			"to": [7.3, 3.7, 8.45],
			"rotation": {"angle": 0, "axis": "y", "origin": [9.7, 3.48333, 8]},
			"faces": {
				"north": {"uv": [5, 0.75, 5.75, 2.25], "texture": "#1"},
				"east": {"uv": [5.75, 0.75, 7.25, 2], "texture": "#1"},
				"south": {"uv": [5, 0.75, 5.75, 2.25], "texture": "#1"},
				"west": {"uv": [5.75, 0.75, 7.25, 2], "texture": "#1"},
				"up": {"uv": [5, 0.75, 5.125, 0.975], "texture": "#1"},
				"down": {"uv": [0, 0.125, 0.125, 0.35], "texture": "#1"}
			}
		},
		{
			"from": [6.8, 3.7, 7.65],
			"to": [7.3, 3.9, 8.35],
			"rotation": {"angle": 0, "axis": "y", "origin": [9.7, 3.48333, 8]},
			"faces": {
				"north": {"uv": [5, 0.75, 5.75, 2.25], "texture": "#1"},
				"east": {"uv": [5.75, 0.75, 7.25, 2], "texture": "#1"},
				"south": {"uv": [5, 0.75, 5.75, 2.25], "texture": "#1"},
				"west": {"uv": [5.75, 0.75, 7.25, 2], "texture": "#1"},
				"up": {"uv": [5, 0.75, 5.125, 0.925], "texture": "#1"},
				"down": {"uv": [0, 0.075, 0.125, 0.25], "texture": "#1"}
			}
		},
		{
			"from": [5.3, 3.1, 7.55],
			"to": [10.7, 3.4, 8.45],
			"rotation": {"angle": 0, "axis": "y", "origin": [9.7, 3.48333, 8]},
			"faces": {
				"north": {"uv": [0, 9.25, 8.5, 10.25], "texture": "#1"},
				"east": {"uv": [0, 0.175, 0.225, 0.25], "texture": "#1"},
				"south": {"uv": [0, 9.75, 8.5, 11.5], "texture": "#1"},
				"west": {"uv": [0, 0.175, 0.225, 0.25], "texture": "#1"},
				"up": {"uv": [0, 9.75, 8.5, 11.5], "texture": "#1"},
				"down": {"uv": [0, 0.175, 1.35, 0.4], "texture": "#1"}
			}
		},
		{
			"from": [5.3, 3.4, 7.65],
			"to": [10.7, 3.6, 8.35],
			"rotation": {"angle": 0, "axis": "y", "origin": [9.7, 3.48333, 8]},
			"faces": {
				"north": {"uv": [0, 9.75, 8.5, 11.5], "texture": "#1"},
				"east": {"uv": [0, 0.05, 0.175, 0.1], "texture": "#1"},
				"south": {"uv": [0, 9.75, 8.5, 11.5], "texture": "#1"},
				"west": {"uv": [0, 0.05, 0.175, 0.1], "texture": "#1"},
				"up": {"uv": [0, 9.75, 8.5, 11.5], "texture": "#1"},
				"down": {"uv": [0, 0.125, 1.35, 0.3], "texture": "#1"}
			}
		},
		{
			"from": [5.3, 2, 7.75],
			"to": [12.3, 2.2, 8.25],
			"rotation": {"angle": 0, "axis": "y", "origin": [7, 2.3, 8.1]},
			"faces": {
				"north": {"uv": [4.25, 10, 16, 10.75], "texture": "#1"},
				"east": {"uv": [7.25, 10, 10, 12.75], "texture": "#1"},
				"south": {"uv": [4.25, 10, 16, 10.75], "texture": "#1"},
				"west": {"uv": [0, 0, 0.125, 0.05], "texture": "#1"},
				"up": {"uv": [0, 0, 1.75, 0.125], "texture": "#1"},
				"down": {"uv": [4.25, 10, 16, 10.75], "texture": "#1"}
			}
		},
		{
			"from": [5.3, 2.4, 7.55],
			"to": [12.3, 3.1, 8.45],
			"rotation": {"angle": 0, "axis": "y", "origin": [7, 2.75, 8.1]},
			"faces": {
				"north": {"uv": [0, 9.75, 8.5, 11.5], "texture": "#1"},
				"east": {"uv": [7.25, 10, 10, 12.75], "texture": "#1"},
				"south": {"uv": [0, 9.75, 8.5, 11.5], "texture": "#1"},
				"west": {"uv": [0, 0, 0.225, 0.175], "texture": "#1"},
				"up": {"uv": [0, 9.75, 8.5, 11.5], "texture": "#1"},
				"down": {"uv": [0, 9.75, 8.5, 11.5], "texture": "#1"}
			}
		},
		{
			"from": [5.3, 2.2, 7.65],
			"to": [12.3, 2.4, 8.35],
			"rotation": {"angle": 0, "axis": "y", "origin": [7, 2.3, 8.1]},
			"faces": {
				"north": {"uv": [0, 10.75, 5.75, 11.25], "texture": "#1"},
				"east": {"uv": [7.25, 10, 10, 12.75], "texture": "#1"},
				"south": {"uv": [0, 10.75, 5.75, 11.25], "texture": "#1"},
				"west": {"uv": [0, 0, 0.175, 0.05], "texture": "#1"},
				"up": {"uv": [0, 0, 1.75, 0.175], "texture": "#1"},
				"down": {"uv": [0, 10.75, 5.75, 11.25], "texture": "#1"}
			}
		},
		{
			"from": [-6.6, 1.6, 7.55],
			"to": [-4.5, 2.8, 8.45],
			"rotation": {"angle": 0, "axis": "y", "origin": [-3.85, 1.86667, 8]},
			"faces": {
				"north": {"uv": [12.25, 10.5, 13.5, 12.25], "texture": "#1"},
				"east": {"uv": [12.25, 10.5, 13.5, 12.25], "texture": "#1"},
				"south": {"uv": [12.25, 10.5, 13.5, 12.25], "texture": "#1"},
				"west": {"uv": [0, 0, 0.225, 0.3], "texture": "#1"},
				"up": {"uv": [12.25, 10.5, 13.5, 12.25], "texture": "#1"},
				"down": {"uv": [12.25, 10.5, 13.5, 12.25], "texture": "#1"}
			}
		},
		{
			"from": [-6.6, 1.4, 7.65],
			"to": [-4.5, 1.6, 8.35],
			"rotation": {"angle": 0, "axis": "y", "origin": [-3.85, 1.86667, 8]},
			"faces": {
				"north": {"uv": [11.5, 11.5, 14.75, 12], "texture": "#1"},
				"east": {"uv": [0, 0, 0.175, 0.05], "texture": "#1"},
				"south": {"uv": [11.5, 11.5, 14.75, 12], "texture": "#1"},
				"west": {"uv": [0, 0, 0.175, 0.05], "texture": "#1"},
				"up": {"uv": [0, 0, 0.525, 0.175], "texture": "#1"},
				"down": {"uv": [11.5, 11.5, 14.75, 12], "texture": "#1"}
			}
		},
		{
			"from": [-6.6, 1.2, 7.75],
			"to": [-4.5, 1.4, 8.25],
			"rotation": {"angle": 0, "axis": "y", "origin": [-3.85, 1.86667, 8]},
			"faces": {
				"north": {"uv": [7, 12.25, 10, 12.75], "texture": "#1"},
				"east": {"uv": [0, 0, 0.125, 0.05], "texture": "#1"},
				"south": {"uv": [7, 12.25, 10, 12.75], "texture": "#1"},
				"west": {"uv": [0, 0, 0.125, 0.05], "texture": "#1"},
				"up": {"uv": [0, 0, 0.525, 0.125], "texture": "#1"},
				"down": {"uv": [7, 12.25, 10, 12.75], "texture": "#1"}
			}
		},
		{
			"from": [-8.7, 0.9, 7.55],
			"to": [-6.6, 2.8, 8.45],
			"rotation": {"angle": 0, "axis": "y", "origin": [-3.85, 1.86667, 8]},
			"faces": {
				"north": {"uv": [12.25, 10.5, 14.25, 12.25], "texture": "#1"},
				"east": {"uv": [7.25, 10, 10, 12.75], "texture": "#1"},
				"south": {"uv": [12.25, 10.5, 14.25, 12.25], "texture": "#1"},
				"west": {"uv": [0, 0, 0.225, 0.475], "texture": "#1"},
				"up": {"uv": [12.25, 10.5, 14.25, 12.25], "texture": "#1"},
				"down": {"uv": [12.25, 10.5, 14.25, 12.25], "texture": "#1"}
			}
		},
		{
			"from": [-8.7, 0.7, 7.65],
			"to": [-6.6, 1.6, 8.35],
			"rotation": {"angle": 0, "axis": "y", "origin": [-3.85, 1.86667, 8]},
			"faces": {
				"north": {"uv": [11.5, 12, 14.75, 12.5], "texture": "#1"},
				"east": {"uv": [7.25, 10, 10, 12.75], "texture": "#1"},
				"south": {"uv": [11.5, 12, 14.75, 12.5], "texture": "#1"},
				"west": {"uv": [0, 0, 0.175, 0.225], "texture": "#1"},
				"up": {"uv": [0, 0, 0.525, 0.175], "texture": "#1"},
				"down": {"uv": [11.5, 12, 14.75, 12.5], "texture": "#1"}
			}
		},
		{
			"from": [-8.7, 0.5, 7.75],
			"to": [-6.6, 1.4, 8.25],
			"rotation": {"angle": 0, "axis": "y", "origin": [-3.85, 1.86667, 8]},
			"faces": {
				"north": {"uv": [10.25, 12.25, 13.25, 12.75], "texture": "#1"},
				"east": {"uv": [7.25, 10, 10, 12.75], "texture": "#1"},
				"south": {"uv": [10.25, 12.25, 13.25, 12.75], "texture": "#1"},
				"west": {"uv": [0, 0, 0.125, 0.225], "texture": "#1"},
				"up": {"uv": [0, 0, 0.525, 0.125], "texture": "#1"},
				"down": {"uv": [10.25, 12.25, 13.25, 12.75], "texture": "#1"}
			}
		},
		{
			"from": [-11.4, 3, 7.75],
			"to": [-10.9, 3.2, 8.25],
			"rotation": {"angle": 0, "axis": "y", "origin": [-4.85, 3.2, 8]},
			"faces": {
				"north": {"uv": [2.75, 12.75, 4.25, 16], "rotation": 90, "texture": "#1"},
				"east": {"uv": [2.75, 12.75, 4.25, 16], "rotation": 90, "texture": "#1"},
				"south": {"uv": [2.75, 12.75, 4.25, 16], "rotation": 90, "texture": "#1"},
				"west": {"uv": [2.75, 12.75, 4.25, 16], "rotation": 90, "texture": "#1"},
				"up": {"uv": [2.75, 12.75, 4.25, 16], "rotation": 90, "texture": "#1"},
				"down": {"uv": [0, 0.125, 0.125, 0.25], "texture": "#1"}
			}
		},
		{
			"from": [-10.8, 0.6, 7.55],
			"to": [-8.7, 2.8, 8.45],
			"rotation": {"angle": 0, "axis": "y", "origin": [-3.85, 1.86667, 8]},
			"faces": {
				"north": {"uv": [13.25, 10.5, 16, 12.25], "texture": "#1"},
				"east": {"uv": [7.25, 10, 10, 12.75], "texture": "#1"},
				"south": {"uv": [13.25, 10.5, 16, 12.25], "texture": "#1"},
				"west": {"uv": [13.25, 10.5, 16, 12.25], "texture": "#1"},
				"up": {"uv": [13.25, 10.5, 16, 12.25], "texture": "#1"},
				"down": {"uv": [13.25, 10.5, 16, 12.25], "texture": "#1"}
			}
		},
		{
			"from": [-10.8, 0.4, 7.65],
			"to": [-8.7, 1.6, 8.35],
			"rotation": {"angle": 0, "axis": "y", "origin": [-3.85, 1.86667, 8]},
			"faces": {
				"north": {"uv": [12, 12.25, 15.25, 12.75], "texture": "#1"},
				"east": {"uv": [7.25, 10, 10, 12.75], "texture": "#1"},
				"south": {"uv": [12, 12.25, 15.25, 12.75], "texture": "#1"},
				"west": {"uv": [12, 12.25, 15.25, 12.75], "texture": "#1"},
				"up": {"uv": [0, 0, 0.525, 0.175], "texture": "#1"},
				"down": {"uv": [12, 12.25, 15.25, 12.75], "texture": "#1"}
			}
		},
		{
			"from": [-10.8, 0.2, 7.75],
			"to": [-8.7, 1.4, 8.25],
			"rotation": {"angle": 0, "axis": "y", "origin": [-3.85, 1.86667, 8]},
			"faces": {
				"north": {"uv": [13.75, 12.25, 16, 12.75], "texture": "#1"},
				"east": {"uv": [7.25, 10, 10, 12.75], "texture": "#1"},
				"south": {"uv": [13.75, 12.25, 16, 12.75], "texture": "#1"},
				"west": {"uv": [13.75, 12.25, 16, 12.75], "texture": "#1"},
				"up": {"uv": [0, 0, 0.525, 0.125], "texture": "#1"},
				"down": {"uv": [13.75, 12.25, 16, 12.75], "texture": "#1"}
			}
		},
		{
			"from": [-10.8, 2.8, 7.65],
			"to": [-4.5, 3, 8.35],
			"rotation": {"angle": 0, "axis": "y", "origin": [-4.85, 3.2, 8]},
			"faces": {
				"north": {"uv": [11.25, 9.25, 16, 10.25], "texture": "#1"},
				"east": {"uv": [11.25, 9.25, 16, 10.25], "texture": "#1"},
				"south": {"uv": [11.25, 9.25, 16, 10.25], "texture": "#1"},
				"west": {"uv": [11.25, 9.25, 16, 10.25], "texture": "#1"},
				"up": {"uv": [11.25, 9.25, 16, 10.25], "texture": "#1"},
				"down": {"uv": [0, 0.175, 1.575, 0.35], "texture": "#1"}
			}
		},
		{
			"from": [-10.8, 3, 7.75],
			"to": [-4.5, 3.2, 8.25],
			"rotation": {"angle": 0, "axis": "y", "origin": [-4.85, 3.2, 8]},
			"faces": {
				"north": {"uv": [7, 10, 16, 10.75], "texture": "#1"},
				"east": {"uv": [7, 10, 16, 10.75], "texture": "#1"},
				"south": {"uv": [7, 10, 16, 10.75], "texture": "#1"},
				"west": {"uv": [7, 10, 16, 10.75], "texture": "#1"},
				"up": {"uv": [7, 10, 16, 10.75], "texture": "#1"},
				"down": {"uv": [0, 0.125, 1.575, 0.25], "texture": "#1"}
			}
		},
		{
			"from": [-11.4, 2.8, 7.65],
			"to": [-10.9, 3, 8.35],
			"rotation": {"angle": 0, "axis": "y", "origin": [-4.85, 3.2, 8]},
			"faces": {
				"north": {"uv": [1, 12.75, 2.5, 16], "rotation": 90, "texture": "#1"},
				"east": {"uv": [1, 12.75, 2.5, 16], "rotation": 90, "texture": "#1"},
				"south": {"uv": [1, 12.75, 2.5, 16], "rotation": 90, "texture": "#1"},
				"west": {"uv": [1, 12.75, 2.5, 16], "rotation": 90, "texture": "#1"},
				"up": {"uv": [1, 12.75, 2.5, 16], "rotation": 90, "texture": "#1"},
				"down": {"uv": [0, 0.175, 0.125, 0.35], "texture": "#1"}
			}
		},
		{
			"from": [-11.4, 0.2, 7.75],
			"to": [-10.9, 0.4, 8.25],
			"rotation": {"angle": 0, "axis": "y", "origin": [-3.85, 1.86667, 8]},
			"faces": {
				"north": {"uv": [7.5, 12.75, 9, 16], "rotation": 90, "texture": "#1"},
				"east": {"uv": [7.5, 12.75, 9, 16], "rotation": 90, "texture": "#1"},
				"south": {"uv": [7.5, 12.75, 9, 16], "rotation": 90, "texture": "#1"},
				"west": {"uv": [7.5, 12.75, 9, 16], "rotation": 90, "texture": "#1"},
				"up": {"uv": [0, 0, 0.125, 0.125], "texture": "#1"},
				"down": {"uv": [7.5, 12.75, 9, 16], "rotation": 90, "texture": "#1"}
			}
		},
		{
			"from": [-11.4, 0.4, 7.65],
			"to": [-10.9, 0.6, 8.35],
			"rotation": {"angle": 0, "axis": "y", "origin": [-3.85, 1.86667, 8]},
			"faces": {
				"north": {"uv": [7.5, 12.75, 9, 16], "rotation": 90, "texture": "#1"},
				"east": {"uv": [7.5, 12.75, 9, 16], "rotation": 90, "texture": "#1"},
				"south": {"uv": [7.5, 12.75, 9, 16], "rotation": 90, "texture": "#1"},
				"west": {"uv": [7.5, 12.75, 9, 16], "rotation": 90, "texture": "#1"},
				"up": {"uv": [0, 0, 0.125, 0.175], "texture": "#1"},
				"down": {"uv": [7.5, 12.75, 9, 16], "rotation": 90, "texture": "#1"}
			}
		},
		{
			"from": [-11.4, 0.6, 7.55],
			"to": [-10.9, 2.8, 8.45],
			"rotation": {"angle": 0, "axis": "y", "origin": [-3.85, 1.86667, 8]},
			"faces": {
				"north": {"uv": [0, 12.75, 9, 16], "rotation": 90, "texture": "#1"},
				"east": {"uv": [0, 12.75, 9, 16], "rotation": 90, "texture": "#1"},
				"south": {"uv": [0, 12.75, 9, 16], "rotation": 90, "texture": "#1"},
				"west": {"uv": [0, 12.75, 9, 16], "rotation": 90, "texture": "#1"},
				"up": {"uv": [0, 12.75, 9, 16], "rotation": 90, "texture": "#1"},
				"down": {"uv": [0, 12.75, 9, 16], "rotation": 90, "texture": "#1"}
			}
		},
		{
			"from": [-10.9, 0.6, 7.65],
			"to": [-10.8, 2.8, 8.25],
			"rotation": {"angle": 0, "axis": "y", "origin": [-3.85, 1.86667, 8]},
			"faces": {
				"north": {"uv": [0, 0, 0.025, 0.55], "texture": "#1"},
				"east": {"uv": [0, 0, 0.15, 0.55], "texture": "#1"},
				"south": {"uv": [0, 0, 0.025, 0.55], "texture": "#1"},
				"west": {"uv": [0, 0, 0.15, 0.55], "texture": "#1"},
				"up": {"uv": [0, 0, 0.025, 0.15], "texture": "#1"},
				"down": {"uv": [0, 0, 0.025, 0.15], "texture": "#1"}
			}
		},
		{
			"from": [12.3, 2.3, 7.9],
			"to": [16, 2.5, 8.1],
			"rotation": {"angle": 0, "axis": "y", "origin": [5.2, 3.4, 8]},
			"faces": {
				"north": {"uv": [0, 7.75, 15.75, 8.75], "texture": "#1"},
				"east": {"uv": [14.25, 7.75, 15.75, 8.75], "texture": "#1"},
				"south": {"uv": [0, 7.75, 15.75, 8.75], "texture": "#1"},
				"west": {"uv": [0, 0, 0.05, 0.05], "texture": "#1"},
				"up": {"uv": [0, 7.75, 15.75, 8.75], "texture": "#1"},
				"down": {"uv": [0, 7.75, 15.75, 8.75], "texture": "#1"}
			}
		},
		{
			"from": [12.3, 2.5, 7.95],
			"to": [13.8, 3.2, 8.05],
			"rotation": {"angle": 0, "axis": "y", "origin": [5.2, 3.4, 8]},
			"faces": {
				"north": {"uv": [0, 0.75, 5, 2.25], "texture": "#1"},
				"east": {"uv": [2.75, 0.75, 3.25, 2.25], "texture": "#1"},
				"south": {"uv": [0, 0.75, 5, 2.25], "texture": "#1"},
				"west": {"uv": [0, 0, 0.025, 0.175], "texture": "#1"},
				"up": {"uv": [0, 0, 0.375, 0.025], "texture": "#1"},
				"down": {"uv": [0, 0, 0.375, 0.025], "texture": "#1"}
			}
		},
		{
			"from": [1.2, 3.3, 7.7],
			"to": [17.7, 3.5, 8.3],
			"rotation": {"angle": 0, "axis": "y", "origin": [5.2, 3.4, 8]},
			"faces": {
				"north": {"uv": [0, 0, 15.75, 0.75], "texture": "#1"},
				"east": {"uv": [8.5, 5.75, 11.25, 6.75], "texture": "#1"},
				"south": {"uv": [0, 0, 15.75, 0.75], "texture": "#1"},
				"west": {"uv": [0, 0, 0.15, 0.05], "texture": "#1"},
				"up": {"uv": [0, 0, 4.125, 0.15], "texture": "#1"},
				"down": {"uv": [0, 0, 15.75, 0.75], "texture": "#1"}
			}
		},
		{
			"from": [1.2, 3.1, 7.9],
			"to": [17.7, 3.7, 8.1],
			"rotation": {"angle": 0, "axis": "y", "origin": [5.2, 3.4, 8]},
			"faces": {
				"north": {"uv": [0, 0, 15.75, 0.75], "texture": "#1"},
				"east": {"uv": [8.5, 5.75, 11.25, 6.75], "texture": "#1"},
				"south": {"uv": [0, 0, 15.75, 0.75], "texture": "#1"},
				"west": {"uv": [0, 0, 0.05, 0.15], "texture": "#1"},
				"up": {"uv": [0, 0, 15.75, 0.75], "texture": "#1"},
				"down": {"uv": [0, 0, 15.75, 0.75], "texture": "#1"}
			}
		},
		{
			"from": [1.2, 3.2, 7.8],
			"to": [17.7, 3.6, 8.2],
			"rotation": {"angle": 0, "axis": "y", "origin": [5.2, 3.4, 8]},
			"faces": {
				"north": {"uv": [0, 0, 15.75, 0.75], "texture": "#1"},
				"east": {"uv": [8.5, 5.75, 11.25, 6.75], "texture": "#1"},
				"south": {"uv": [0, 0, 15.75, 0.75], "texture": "#1"},
				"west": {"uv": [0, 0, 0.1, 0.1], "texture": "#1"},
				"up": {"uv": [0, 0, 15.75, 0.75], "texture": "#1"},
				"down": {"uv": [0, 0, 15.75, 0.75], "texture": "#1"}
			}
		},
		{
			"from": [-4, 3.2, 7.6],
			"to": [-3.5, 3.7, 8.4],
			"shade": false,
			"rotation": {"angle": 0, "axis": "x", "origin": [-1.35, 3.5249, 8]},
			"faces": {
				"north": {"uv": [8.75, 0.75, 8.875, 0.875], "texture": "#1"},
				"east": {"uv": [0, 0, 0.2, 0.125], "texture": "#1"},
				"south": {"uv": [8.75, 0.75, 8.875, 0.875], "texture": "#1"},
				"west": {"uv": [8.75, 0.75, 8.95, 0.875], "texture": "#1"},
				"up": {"uv": [8.75, 0.75, 8.875, 0.95], "texture": "#1"},
				"down": {"uv": [8.75, 0.75, 8.875, 0.95], "texture": "#1"}
			}
		},
		{
			"from": [-3.5, 3.50454, 8.04933],
			"to": [-3.3, 3.60454, 9.04933],
			"shade": false,
			"rotation": {"angle": 0, "axis": "x", "origin": [-1.55, 3.5249, 8]},
			"faces": {
				"north": {"uv": [0, 0, 0.05, 0.025], "texture": "#1"},
				"east": {"uv": [0, 2.25, 0.25, 2.275], "texture": "#1"},
				"south": {"uv": [0, 0, 0.05, 0.025], "texture": "#1"},
				"west": {"uv": [0, 2.25, 0.25, 2.275], "texture": "#1"},
				"up": {"uv": [0, 2.25, 0.05, 2.5], "texture": "#1"},
				"down": {"uv": [0, 2.25, 0.05, 2.5], "texture": "#1"}
			}
		},
		{
			"from": [-3.6, 3.27413, 9.02424],
			"to": [-3.1, 3.77413, 9.52424],
			"shade": false,
			"rotation": {"angle": 0, "axis": "x", "origin": [-1.55, 3.5249, 8]},
			"faces": {
				"north": {"uv": [0, 2.25, 0.125, 2.375], "texture": "#1"},
				"east": {"uv": [0, 2.25, 0.125, 2.375], "texture": "#1"},
				"south": {"uv": [0, 2.25, 0.125, 2.375], "texture": "#1"},
				"west": {"uv": [0, 2.25, 0.125, 2.375], "texture": "#1"},
				"up": {"uv": [0, 2.25, 0.125, 2.375], "texture": "#1"},
				"down": {"uv": [0, 2.25, 0.125, 2.375], "texture": "#1"}
			}
		},
		{
			"from": [-4, 3.1, 7.7],
			"to": [-3.5, 3.8, 8.3],
			"shade": false,
			"rotation": {"angle": 0, "axis": "x", "origin": [-1.35, 3.5249, 8]},
			"faces": {
				"north": {"uv": [8.75, 0.75, 8.875, 0.925], "texture": "#1"},
				"east": {"uv": [0, 0, 0.15, 0.175], "texture": "#1"},
				"south": {"uv": [8.75, 0.75, 8.875, 0.925], "texture": "#1"},
				"west": {"uv": [8.75, 0.75, 8.9, 0.925], "texture": "#1"},
				"up": {"uv": [8.75, 0.75, 8.875, 0.9], "texture": "#1"},
				"down": {"uv": [0, 2.25, 0.125, 2.4], "texture": "#1"}
			}
		},
		{
			"from": [-4.2, 3.62134, 8.02555],
			"to": [-4, 3.92134, 8.07555],
			"shade": false,
			"rotation": {"angle": 0, "axis": "x", "origin": [-1.35, 3.5249, 8]},
			"faces": {
				"north": {"uv": [8.75, 0.75, 8.8, 0.825], "texture": "#1"},
				"east": {"uv": [0, 0, 0.0125, 0.075], "texture": "#1"},
				"south": {"uv": [8.75, 0.75, 8.8, 0.825], "texture": "#1"},
				"west": {"uv": [8.75, 0.75, 8.7625, 0.825], "texture": "#1"},
				"up": {"uv": [0, 0, 0.05, 0.0125], "texture": "#1"},
				"down": {"uv": [0, 0, 0.05, 0.0125], "texture": "#1"}
			}
		},
		{
			"from": [-4.4, 3.86, 7.9],
			"to": [-3.9, 3.91, 8.3],
			"shade": false,
			"rotation": {"angle": 0, "axis": "x", "origin": [-1.35, 3.5249, 8]},
			"faces": {
				"north": {"uv": [0, 0, 0.125, 0.0125], "rotation": 180, "texture": "#1"},
				"east": {"uv": [0, 0, 0.0125, 0.1], "rotation": 270, "texture": "#1"},
				"south": {"uv": [8.75, 0.75, 8.875, 0.7625], "texture": "#1"},
				"west": {"uv": [8.75, 0.75, 8.85, 0.7625], "texture": "#1"},
				"up": {"uv": [8.75, 0.75, 8.875, 0.85], "texture": "#1"},
				"down": {"uv": [8.75, 0.75, 8.875, 0.85], "texture": "#1"}
			}
		},
		{
			"from": [-4.4, 3.86, 7.8],
			"to": [-3.9, 3.96, 7.9],
			"shade": false,
			"rotation": {"angle": 0, "axis": "x", "origin": [-1.35, 3.5249, 8]},
			"faces": {
				"north": {"uv": [8.75, 0.75, 8.875, 0.775], "texture": "#1"},
				"east": {"uv": [0, 0, 0.025, 0.025], "rotation": 270, "texture": "#1"},
				"south": {"uv": [0, 0, 0.125, 0.025], "texture": "#1"},
				"west": {"uv": [8.75, 0.75, 8.775, 0.775], "texture": "#1"},
				"up": {"uv": [8.75, 0.75, 8.875, 0.775], "texture": "#1"},
				"down": {"uv": [0, 0, 0.125, 0.025], "texture": "#1"}
			}
		},
		{
			"from": [-4.4, 3.86, 8.2],
			"to": [-3.9, 3.96, 8.3],
			"shade": false,
			"rotation": {"angle": 0, "axis": "x", "origin": [-1.35, 3.5249, 8]},
			"faces": {
				"north": {"uv": [8.75, 0.75, 8.875, 0.775], "texture": "#1"},
				"east": {"uv": [0, 0, 0.025, 0.025], "rotation": 270, "texture": "#1"},
				"south": {"uv": [8.75, 0.75, 8.875, 0.775], "texture": "#1"},
				"west": {"uv": [8.75, 0.75, 8.775, 0.775], "texture": "#1"},
				"up": {"uv": [8.75, 0.75, 8.875, 0.775], "texture": "#1"},
				"down": {"uv": [0, 0, 0.125, 0.025], "texture": "#1"}
			}
		},
		{
			"from": [-4.2, 3.3, 7.7],
			"to": [-0.3, 3.5, 8.3],
			"shade": false,
			"rotation": {"angle": 0, "axis": "x", "origin": [-1.35, 3.5249, 8]},
			"faces": {
				"north": {"uv": [0, 2.25, 0.975, 2.3], "texture": "#1"},
				"east": {"uv": [0, 0, 0.15, 0.05], "texture": "#1"},
				"south": {"uv": [0, 2.25, 0.975, 2.3], "texture": "#1"},
				"west": {"uv": [0, 2.25, 0.15, 2.3], "texture": "#1"},
				"up": {"uv": [0, 2.25, 0.975, 2.4], "texture": "#1"},
				"down": {"uv": [0, 2.25, 0.975, 2.4], "texture": "#1"}
			}
		},
		{
			"from": [-4.2, 3.1, 7.9],
			"to": [-0.3, 3.7, 8.1],
			"shade": false,
			"rotation": {"angle": 0, "axis": "x", "origin": [-1.35, 3.5249, 8]},
			"faces": {
				"north": {"uv": [0, 2.25, 15.75, 4], "texture": "#1"},
				"east": {"uv": [0, 0, 0.05, 0.15], "texture": "#1"},
				"south": {"uv": [0, 2.25, 15.75, 4], "texture": "#1"},
				"west": {"uv": [0, 2.25, 15.75, 4], "texture": "#1"},
				"up": {"uv": [0, 2.25, 15.75, 4], "texture": "#1"},
				"down": {"uv": [0, 2.25, 15.75, 4], "texture": "#1"}
			}
		},
		{
			"from": [-4.2, 3.2, 7.8],
			"to": [-0.3, 3.6, 8.2],
			"shade": false,
			"rotation": {"angle": 0, "axis": "x", "origin": [-1.35, 3.5249, 8]},
			"faces": {
				"north": {"uv": [0, 2.25, 0.975, 2.35], "texture": "#1"},
				"east": {"uv": [0, 0, 0.1, 0.1], "texture": "#1"},
				"south": {"uv": [0, 2.25, 0.975, 2.35], "texture": "#1"},
				"west": {"uv": [0, 2.25, 0.1, 2.35], "texture": "#1"},
				"up": {"uv": [0, 2.25, 0.975, 2.35], "texture": "#1"},
				"down": {"uv": [0, 2.25, 0.975, 2.35], "texture": "#1"}
			}
		},
		{
			"from": [16.3, 3.1, 7.8],
			"to": [17.4, 3.7, 8.2],
			"rotation": {"angle": 0, "axis": "y", "origin": [5.2, 3.4, 8]},
			"faces": {
				"north": {"uv": [8.5, 6.75, 13.75, 7.5], "texture": "#1"},
				"east": {"uv": [8.5, 6.75, 13.75, 7.5], "texture": "#1"},
				"south": {"uv": [8.5, 6.75, 13.75, 7.5], "texture": "#1"},
				"west": {"uv": [8.5, 6.75, 13.75, 7.5], "texture": "#1"},
				"up": {"uv": [8.5, 6.75, 13.75, 7.5], "texture": "#1"},
				"down": {"uv": [0, 0, 0.275, 0.1], "texture": "#1"}
			}
		},
		{
			"from": [16.3, 3.7, 7.9],
			"to": [17.4, 3.9, 8.1],
			"rotation": {"angle": 0, "axis": "y", "origin": [5.2, 3.4, 8]},
			"faces": {
				"north": {"uv": [0, 5.75, 4.25, 7.75], "texture": "#1"},
				"east": {"uv": [0, 5.75, 4.25, 7.75], "texture": "#1"},
				"south": {"uv": [0, 5.75, 4.25, 7.75], "texture": "#1"},
				"west": {"uv": [0, 5.75, 4.25, 7.75], "texture": "#1"},
				"up": {"uv": [0, 5.75, 4.25, 7.75], "texture": "#1"},
				"down": {"uv": [0, 0, 0.275, 0.05], "texture": "#1"}
			}
		},
		{
			"from": [16.3, 3.8, 7.7],
			"to": [17.4, 3.85, 8.3],
			"rotation": {"angle": 0, "axis": "y", "origin": [5.2, 3.4, 8]},
			"faces": {
				"north": {"uv": [0, 0, 0.275, 0.0125], "texture": "#1"},
				"east": {"uv": [0, 5.75, 4.25, 7.75], "texture": "#1"},
				"south": {"uv": [0, 0, 0.275, 0.0125], "texture": "#1"},
				"west": {"uv": [0, 5.75, 4.25, 7.75], "texture": "#1"},
				"up": {"uv": [0, 5.75, 4.25, 7.75], "texture": "#1"},
				"down": {"uv": [0, 0, 0.275, 0.15], "texture": "#1"}
			}
		},
		{
			"from": [16.6, 3.9, 7.96],
			"to": [17.4, 4.3, 8.01],
			"rotation": {"angle": 0, "axis": "y", "origin": [17, 4, 8]},
			"faces": {
				"north": {"uv": [0, 5.75, 4.25, 7.75], "texture": "#1"},
				"east": {"uv": [0, 5.75, 4.25, 7.75], "texture": "#1"},
				"south": {"uv": [0, 5.75, 4.25, 7.75], "texture": "#1"},
				"west": {"uv": [0, 5.75, 4.25, 7.75], "texture": "#1"},
				"up": {"uv": [0, 5.75, 4.25, 7.75], "texture": "#1"},
				"down": {"uv": [0, 0, 0.2, 0.0125], "texture": "#1"}
			}
		},
		{
			"from": [16.3, 3.2, 7.7],
			"to": [17.4, 3.6, 8.3],
			"rotation": {"angle": 0, "axis": "y", "origin": [5.2, 3.4, 8]},
			"faces": {
				"north": {"uv": [8.5, 6.75, 13.75, 7.5], "texture": "#1"},
				"east": {"uv": [8.5, 6.75, 13.75, 7.5], "texture": "#1"},
				"south": {"uv": [8.5, 6.75, 13.75, 7.5], "texture": "#1"},
				"west": {"uv": [8.5, 6.75, 13.75, 7.5], "texture": "#1"},
				"up": {"uv": [8.5, 6.75, 13.75, 7.5], "texture": "#1"},
				"down": {"uv": [0, 0, 0.275, 0.15], "texture": "#1"}
			}
		},
		{
			"from": [16.3, 3.3, 7.6],
			"to": [17.4, 3.5, 8.4],
			"rotation": {"angle": 0, "axis": "y", "origin": [5.2, 3.4, 8]},
			"faces": {
				"north": {"uv": [8.5, 6.75, 13.75, 7.5], "texture": "#1"},
				"east": {"uv": [8.5, 6.75, 13.75, 7.5], "texture": "#1"},
				"south": {"uv": [8.5, 6.75, 13.75, 7.5], "texture": "#1"},
				"west": {"uv": [8.5, 6.75, 13.75, 7.5], "texture": "#1"},
				"up": {"uv": [8.5, 6.75, 13.75, 7.5], "texture": "#1"},
				"down": {"uv": [0, 0, 0.275, 0.2], "texture": "#1"}
			}
		},
		{
			"from": [3.6, 3.8, 7.65],
			"to": [5.2, 3.9, 7.85],
			"rotation": {"angle": 0, "axis": "z", "origin": [5, 3.85, 8]},
			"faces": {
				"north": {"uv": [0, 5.75, 4.25, 7.75], "rotation": 90, "texture": "#1"},
				"east": {"uv": [0, 0, 0.05, 0.025], "texture": "#1"},
				"south": {"uv": [0, 5.75, 4.25, 7.75], "rotation": 270, "texture": "#1"},
				"west": {"uv": [0, 5.75, 4.25, 7.75], "rotation": 270, "texture": "#1"},
				"up": {"uv": [0, 5.75, 4.25, 7.75], "rotation": 270, "texture": "#1"},
				"down": {"uv": [4, 5.75, 8.5, 7.375], "texture": "#1"}
			}
		},
		{
			"from": [3.6, 3.8, 8.15],
			"to": [5.2, 3.9, 8.35],
			"rotation": {"angle": 0, "axis": "z", "origin": [5, 3.85, 8]},
			"faces": {
				"north": {"uv": [0, 5.75, 4.25, 7.75], "rotation": 90, "texture": "#1"},
				"east": {"uv": [0, 0, 0.05, 0.025], "texture": "#1"},
				"south": {"uv": [0, 5.75, 4.25, 7.75], "rotation": 270, "texture": "#1"},
				"west": {"uv": [0, 5.75, 4.25, 7.75], "rotation": 270, "texture": "#1"},
				"up": {"uv": [0, 5.75, 4.25, 7.75], "rotation": 270, "texture": "#1"},
				"down": {"uv": [4, 5.75, 8.5, 7.375], "rotation": 180, "texture": "#1"}
			}
		},
		{
			"from": [3.81412, 3.84897, 7.45],
			"to": [4.01412, 4.04897, 8.45],
			"rotation": {"angle": 0, "axis": "z", "origin": [3.91412, 3.94897, 7.95]},
			"faces": {
				"north": {"uv": [0, 5.75, 0.05, 5.8], "rotation": 90, "texture": "#1"},
				"east": {"uv": [0, 12.875, 9, 16], "texture": "#1"},
				"south": {"uv": [0, 5.75, 0.05, 5.8], "rotation": 270, "texture": "#1"},
				"west": {"uv": [0, 5.75, 0.05, 6], "rotation": 270, "texture": "#1"},
				"up": {"uv": [0, 5.75, 0.25, 5.8], "rotation": 270, "texture": "#1"},
				"down": {"uv": [0, 5.75, 0.25, 5.8], "rotation": 270, "texture": "#1"}
			}
		},
		{
			"from": [4.87217, 3.75495, 7.55],
			"to": [5.07217, 3.95495, 8.55],
			"rotation": {"angle": 0, "axis": "z", "origin": [4.57217, 4.95495, 8.05]},
			"faces": {
				"north": {"uv": [0, 5.75, 0.05, 5.8], "rotation": 90, "texture": "#1"},
				"east": {"uv": [0, 0, 0.25, 0.05], "texture": "#1"},
				"south": {"uv": [0, 5.75, 0.05, 5.8], "rotation": 270, "texture": "#1"},
				"west": {"uv": [0, 5.75, 0.05, 6], "rotation": 270, "texture": "#1"},
				"up": {"uv": [0, 5.75, 0.25, 5.8], "rotation": 270, "texture": "#1"},
				"down": {"uv": [0, 5.75, 0.25, 5.8], "rotation": 270, "texture": "#1"}
			}
		},
		{
			"from": [-0.05, 4.4, 7.991],
			"to": [5.85, 4.5, 8.195],
			"rotation": {"angle": 0, "axis": "y", "origin": [9.2, 10.85, 4.838]},
			"faces": {
				"north": {"uv": [0, 12.875, 9, 16], "texture": "#1"},
				"east": {"uv": [0, 0.025, 0.05, 0.05], "texture": "#1"},
				"south": {"uv": [0, 12.875, 9, 16], "texture": "#1"},
				"west": {"uv": [0, 2.25, 15.875, 4], "texture": "#1"},
				"up": {"uv": [0, 2.25, 15.875, 4], "texture": "#1"},
				"down": {"uv": [0, 12.875, 9, 16], "texture": "#1"}
			}
		},
		{
			"from": [0.05, 3.8, 7.991],
			"to": [0.95, 4.4, 8.195],
			"rotation": {"angle": 0, "axis": "y", "origin": [9.2, 10.85, 4.838]},
			"faces": {
				"north": {"uv": [0, 12.875, 9, 16], "texture": "#1"},
				"east": {"uv": [0, 12.875, 9, 16], "texture": "#1"},
				"south": {"uv": [0, 12.875, 9, 16], "texture": "#1"},
				"west": {"uv": [0, 12.875, 9, 16], "texture": "#1"},
				"up": {"uv": [0, 0.05, 1.025, 0.1], "texture": "#1"},
				"down": {"uv": [0, 0.05, 1.025, 0.1], "texture": "#1"}
			}
		},
		{
			"from": [-0.05, 4.5, 8.195],
			"to": [5.85, 4.6, 8.399],
			"rotation": {"angle": 0, "axis": "y", "origin": [9.2, 10.85, 4.838]},
			"faces": {
				"north": {"uv": [0, 2.25, 15.875, 4], "texture": "#1"},
				"east": {"uv": [0, 0.025, 0.05, 0.05], "texture": "#1"},
				"south": {"uv": [0, 12.875, 9, 16], "texture": "#1"},
				"west": {"uv": [0, 2.25, 15.875, 4], "texture": "#1"},
				"up": {"uv": [0, 2.25, 15.875, 4], "texture": "#1"},
				"down": {"uv": [0, 0.05, 1.025, 0.1], "texture": "#1"}
			}
		},
		{
			"from": [-0.05, 4.5, 7.787],
			"to": [5.85, 4.6, 7.991],
			"rotation": {"angle": 0, "axis": "y", "origin": [9.2, 10.85, 4.838]},
			"faces": {
				"north": {"uv": [0, 12.875, 9, 16], "texture": "#1"},
				"east": {"uv": [0, 0.025, 0.05, 0.05], "texture": "#1"},
				"south": {"uv": [0, 2.25, 15.875, 4], "texture": "#1"},
				"west": {"uv": [0, 2.25, 15.875, 4], "texture": "#1"},
				"up": {"uv": [0, 2.25, 15.875, 4], "texture": "#1"},
				"down": {"uv": [0, 0.05, 1.025, 0.1], "texture": "#1"}
			}
		},
		{
			"from": [-0.05, 4.6, 8.297],
			"to": [5.85, 4.7, 8.501],
			"rotation": {"angle": 0, "axis": "y", "origin": [9.2, 10.85, 4.838]},
			"faces": {
				"north": {"uv": [0, 2.25, 15.875, 4], "texture": "#1"},
				"east": {"uv": [0, 0.025, 0.05, 0.05], "texture": "#1"},
				"south": {"uv": [0, 12.875, 9, 16], "texture": "#1"},
				"west": {"uv": [0, 2.25, 15.875, 4], "texture": "#1"},
				"up": {"uv": [0, 2.25, 15.875, 4], "texture": "#1"},
				"down": {"uv": [0, 0.05, 1.025, 0.1], "texture": "#1"}
			}
		},
		{
			"from": [-0.05, 4.6, 7.685],
			"to": [5.85, 4.7, 7.889],
			"rotation": {"angle": 0, "axis": "y", "origin": [9.2, 10.85, 4.838]},
			"faces": {
				"north": {"uv": [0, 12.875, 9, 16], "texture": "#1"},
				"east": {"uv": [0, 0.025, 0.05, 0.05], "texture": "#1"},
				"south": {"uv": [0, 2.25, 15.875, 4], "texture": "#1"},
				"west": {"uv": [0, 2.25, 15.875, 4], "texture": "#1"},
				"up": {"uv": [0, 2.25, 15.875, 4], "texture": "#1"},
				"down": {"uv": [0, 0.05, 1.025, 0.1], "texture": "#1"}
			}
		},
		{
			"from": [-0.05, 5, 8.297],
			"to": [5.85, 5.1, 8.501],
			"rotation": {"angle": 0, "axis": "y", "origin": [9.2, 5.15, 4.838]},
			"faces": {
				"north": {"uv": [0, 2.25, 15.875, 4], "texture": "#1"},
				"east": {"uv": [0, 0, 0.05, 0.025], "texture": "#1"},
				"south": {"uv": [0, 12.875, 9, 16], "texture": "#1"},
				"west": {"uv": [0, 2.25, 15.875, 4], "texture": "#1"},
				"up": {"uv": [0, 12.875, 9, 16], "texture": "#1"},
				"down": {"uv": [0, 2.25, 15.875, 4], "texture": "#1"}
			}
		},
		{
			"from": [-0.05, 5.1, 7.787],
			"to": [5.85, 5.2, 7.991],
			"rotation": {"angle": 0, "axis": "y", "origin": [9.2, 5.15, 4.838]},
			"faces": {
				"north": {"uv": [0, 12.875, 9, 16], "texture": "#1"},
				"east": {"uv": [0, 0, 0.05, 0.025], "texture": "#1"},
				"south": {"uv": [0, 2.25, 15.875, 4], "texture": "#1"},
				"west": {"uv": [0, 2.25, 15.875, 4], "texture": "#1"},
				"up": {"uv": [0, 12.875, 9, 16], "texture": "#1"},
				"down": {"uv": [0, 2.25, 15.875, 4], "texture": "#1"}
			}
		},
		{
			"from": [-0.05, 5.1, 8.195],
			"to": [5.85, 5.2, 8.399],
			"rotation": {"angle": 0, "axis": "y", "origin": [9.2, 5.15, 4.838]},
			"faces": {
				"north": {"uv": [0, 2.25, 15.875, 4], "texture": "#1"},
				"east": {"uv": [0, 0, 0.05, 0.025], "texture": "#1"},
				"south": {"uv": [0, 12.875, 9, 16], "texture": "#1"},
				"west": {"uv": [0, 2.25, 15.875, 4], "texture": "#1"},
				"up": {"uv": [0, 12.875, 9, 16], "texture": "#1"},
				"down": {"uv": [0, 2.25, 15.875, 4], "texture": "#1"}
			}
		},
		{
			"from": [-0.05, 5.2, 7.991],
			"to": [5.85, 5.3, 8.195],
			"rotation": {"angle": 0, "axis": "y", "origin": [9.2, 5.15, 4.838]},
			"faces": {
				"north": {"uv": [0, 12.875, 9, 16], "texture": "#1"},
				"east": {"uv": [0, 0, 0.05, 0.025], "texture": "#1"},
				"south": {"uv": [0, 12.875, 9, 16], "texture": "#1"},
				"west": {"uv": [0, 2.25, 15.875, 4], "texture": "#1"},
				"up": {"uv": [0, 12.875, 9, 16], "texture": "#1"},
				"down": {"uv": [0, 2.25, 15.875, 4], "texture": "#1"}
			}
		},
		{
			"from": [-0.05, 4.7, 8.399],
			"to": [5.85, 5, 8.501],
			"rotation": {"angle": 0, "axis": "y", "origin": [9.2, 5.15, 4.838]},
			"faces": {
				"north": {"uv": [0, 2.25, 15.875, 4], "texture": "#1"},
				"east": {"uv": [0, 0, 0.025, 0.075], "texture": "#1"},
				"south": {"uv": [0, 12.875, 9, 16], "texture": "#1"},
				"west": {"uv": [0, 2.25, 15.875, 4], "texture": "#1"},
				"up": {"uv": [0, 0, 1.025, 0.025], "texture": "#1"},
				"down": {"uv": [0, 0, 1.025, 0.025], "texture": "#1"}
			}
		},
		{
			"from": [-0.05, 4.7, 7.685],
			"to": [5.85, 5, 7.787],
			"rotation": {"angle": 0, "axis": "y", "origin": [9.2, 5.15, 4.838]},
			"faces": {
				"north": {"uv": [0, 12.875, 9, 16], "rotation": 180, "texture": "#1"},
				"east": {"uv": [0, 0, 0.025, 0.075], "texture": "#1"},
				"south": {"uv": [0, 2.25, 15.875, 4], "texture": "#1"},
				"west": {"uv": [0, 2.25, 15.875, 4], "texture": "#1"},
				"up": {"uv": [0, 0, 1.025, 0.025], "texture": "#1"},
				"down": {"uv": [0, 0, 1.025, 0.025], "texture": "#1"}
			}
		},
		{
			"from": [-0.05, 5, 7.685],
			"to": [5.85, 5.1, 7.889],
			"rotation": {"angle": 0, "axis": "y", "origin": [9.2, 5.15, 4.838]},
			"faces": {
				"north": {"uv": [0, 12.875, 9, 16], "texture": "#1"},
				"east": {"uv": [0, 0, 0.05, 0.025], "texture": "#1"},
				"south": {"uv": [0, 2.25, 15.875, 4], "texture": "#1"},
				"west": {"uv": [0, 2.25, 15.875, 4], "texture": "#1"},
				"up": {"uv": [0, 12.875, 9, 16], "texture": "#1"},
				"down": {"uv": [0, 2.25, 15.875, 4], "texture": "#1"}
			}
		},
		{
			"from": [-1.05, 4.68156, 7.672],
			"to": [0.05, 5.03688, 7.78097],
			"rotation": {"angle": 0, "axis": "y", "origin": [6.6, 5.05922, 5.40786]},
			"faces": {
				"north": {"uv": [0, 12.875, 9, 16], "texture": "#1"},
				"east": {"uv": [0, 0, 0.025, 0.075], "texture": "#1"},
				"south": {"uv": [0, 2.25, 15.875, 4], "texture": "#1"},
				"west": {"uv": [0, 12.875, 9, 16], "texture": "#1"},
				"up": {"uv": [0, 0, 1.025, 0.025], "texture": "#1"},
				"down": {"uv": [0, 0, 1.025, 0.025], "texture": "#1"}
			}
		},
		{
			"from": [5.75, 5.03688, 7.672],
			"to": [6.85, 5.15532, 7.88993],
			"rotation": {"angle": 0, "axis": "y", "origin": [6.6, 5.05922, 5.40786]},
			"faces": {
				"north": {"uv": [0, 12.875, 9, 16], "texture": "#1"},
				"east": {"uv": [0, 12.875, 9, 16], "texture": "#1"},
				"south": {"uv": [0, 12.875, 9, 16], "texture": "#1"},
				"west": {"uv": [0, 0, 0.05, 0.025], "texture": "#1"},
				"up": {"uv": [0, 0, 1.025, 0.05], "texture": "#1"},
				"down": {"uv": [0, 0, 1.025, 0.05], "texture": "#1"}
			}
		},
		{
			"from": [5.75, 4.32624, 7.9989],
			"to": [6.85, 4.44468, 8.21683],
			"rotation": {"angle": 0, "axis": "y", "origin": [6.6, 5.05922, 5.40786]},
			"faces": {
				"north": {"uv": [0, 12.875, 9, 16], "texture": "#1"},
				"east": {"uv": [0, 12.875, 9, 16], "texture": "#1"},
				"south": {"uv": [0, 0.025, 1.025, 0.05], "texture": "#1"},
				"west": {"uv": [0, 12.875, 9, 16], "texture": "#1"},
				"up": {"uv": [0, 12.875, 9, 16], "texture": "#1"},
				"down": {"uv": [0, 0.05, 1.025, 0.1], "texture": "#1"}
			}
		},
		{
			"from": [3.95, 3.92624, 8.01683],
			"to": [4.95, 4.34468, 8.11683],
			"rotation": {"angle": 0, "axis": "y", "origin": [6.6, 5.05922, 5.40786]},
			"faces": {
				"north": {"uv": [0, 12.875, 9, 16], "texture": "#1"},
				"east": {"uv": [0, 0.025, 0.05, 0.05], "texture": "#1"},
				"south": {"uv": [0, 12.875, 9, 16], "texture": "#1"},
				"west": {"uv": [0, 12.875, 9, 16], "texture": "#1"},
				"up": {"uv": [0, 0.05, 1.025, 0.1], "texture": "#1"},
				"down": {"uv": [0, 0.05, 1.025, 0.1], "texture": "#1"}
			}
		},
		{
			"from": [6.05, 4.42624, 8.10025],
			"to": [6.15, 4.74468, 8.11025],
			"rotation": {"angle": 0, "axis": "y", "origin": [6.6, 5.05922, 5.40786]},
			"faces": {
				"north": {"uv": [0, 0.025, 0.05, 0.05], "texture": "#1"},
				"east": {"uv": [0, 0.025, 0.05, 0.05], "texture": "#1"},
				"south": {"uv": [0, 0.025, 1.025, 0.05], "texture": "#1"},
				"west": {"uv": [0, 0.025, 0.05, 0.05], "texture": "#1"},
				"up": {"uv": [0, 0.05, 1.025, 0.1], "texture": "#1"},
				"down": {"uv": [0, 0.05, 1.025, 0.1], "texture": "#1"}
			}
		},
		{
			"from": [5.95, 4.8084, 7.73],
			"to": [6.15, 4.8184, 8.09],
			"rotation": {"angle": 0, "axis": "y", "origin": [4.55, 4.81344, 8.32097]},
			"faces": {
				"north": {"uv": [0, 0.075, 1.025, 0], "texture": "#1"},
				"east": {"uv": [0, 0.075, 0.025, 0], "texture": "#1"},
				"south": {"uv": [0, 0.075, 1.025, 0], "texture": "#1"},
				"west": {"uv": [0, 0.025, 0.05, 0.05], "texture": "#1"},
				"up": {"uv": [0, 0.025, 0.05, 0.05], "texture": "#1"},
				"down": {"uv": [0, 0.025, 1.025, 0], "rotation": 180, "texture": "#1"}
			}
		},
		{
			"from": [5.95, 4.80844, 8.125],
			"to": [6.15, 4.81844, 8.505],
			"rotation": {"angle": 0, "axis": "y", "origin": [4.55, 4.81344, 8.32097]},
			"faces": {
				"north": {"uv": [0, 0.075, 1.025, 0], "texture": "#1"},
				"east": {"uv": [0, 0.075, 0.025, 0], "texture": "#1"},
				"south": {"uv": [0, 0.075, 1.025, 0], "texture": "#1"},
				"west": {"uv": [0, 0.025, 0.05, 0.05], "texture": "#1"},
				"up": {"uv": [0, 0.025, 1.025, 0], "rotation": 180, "texture": "#1"},
				"down": {"uv": [0, 0.025, 1.025, 0], "rotation": 180, "texture": "#1"}
			}
		},
		{
			"from": [5.75, 4.44468, 8.21683],
			"to": [6.85, 4.56312, 8.43476],
			"rotation": {"angle": 0, "axis": "y", "origin": [6.6, 5.05922, 5.40786]},
			"faces": {
				"north": {"uv": [0, 0.025, 1.025, 0.05], "texture": "#1"},
				"east": {"uv": [0, 12.875, 9, 16], "texture": "#1"},
				"south": {"uv": [0, 12.875, 9, 16], "texture": "#1"},
				"west": {"uv": [0, 0.025, 0.05, 0.05], "texture": "#1"},
				"up": {"uv": [0, 12.875, 9, 16], "texture": "#1"},
				"down": {"uv": [0, 0.05, 1.025, 0.1], "texture": "#1"}
			}
		},
		{
			"from": [5.75, 4.44468, 7.78097],
			"to": [6.85, 4.56312, 7.9989],
			"rotation": {"angle": 0, "axis": "y", "origin": [6.6, 5.05922, 5.40786]},
			"faces": {
				"north": {"uv": [0, 12.875, 9, 16], "texture": "#1"},
				"east": {"uv": [0, 12.875, 9, 16], "texture": "#1"},
				"south": {"uv": [0, 0.025, 1.025, 0.05], "texture": "#1"},
				"west": {"uv": [0, 0.025, 0.05, 0.05], "texture": "#1"},
				"up": {"uv": [0, 12.875, 9, 16], "texture": "#1"},
				"down": {"uv": [0, 0.05, 1.025, 0.1], "texture": "#1"}
			}
		},
		{
			"from": [5.75, 4.56312, 8.32579],
			"to": [6.85, 4.68156, 8.54372],
			"rotation": {"angle": 0, "axis": "y", "origin": [6.6, 5.05922, 5.40786]},
			"faces": {
				"north": {"uv": [0, 0.025, 1.025, 0.05], "texture": "#1"},
				"east": {"uv": [0, 12.875, 9, 16], "texture": "#1"},
				"south": {"uv": [0, 12.875, 9, 16], "texture": "#1"},
				"west": {"uv": [0, 0.025, 0.05, 0.05], "texture": "#1"},
				"up": {"uv": [0, 12.875, 9, 16], "texture": "#1"},
				"down": {"uv": [0, 0.05, 1.025, 0.1], "texture": "#1"}
			}
		},
		{
			"from": [5.75, 4.56312, 7.672],
			"to": [6.85, 4.68156, 7.88993],
			"rotation": {"angle": 0, "axis": "y", "origin": [6.6, 5.05922, 5.40786]},
			"faces": {
				"north": {"uv": [0, 12.875, 9, 16], "texture": "#1"},
				"east": {"uv": [0, 12.875, 9, 16], "texture": "#1"},
				"south": {"uv": [0, 0.025, 1.025, 0.05], "texture": "#1"},
				"west": {"uv": [0, 0.025, 0.05, 0.05], "texture": "#1"},
				"up": {"uv": [0, 12.875, 9, 16], "texture": "#1"},
				"down": {"uv": [0, 0.05, 1.025, 0.1], "texture": "#1"}
			}
		},
		{
			"from": [5.75, 5.03688, 8.32579],
			"to": [6.85, 5.15532, 8.54372],
			"rotation": {"angle": 0, "axis": "y", "origin": [6.6, 5.05922, 5.40786]},
			"faces": {
				"north": {"uv": [0, 12.875, 9, 16], "texture": "#1"},
				"east": {"uv": [0, 12.875, 9, 16], "texture": "#1"},
				"south": {"uv": [0, 12.875, 9, 16], "texture": "#1"},
				"west": {"uv": [0, 12.875, 9, 16], "texture": "#1"},
				"up": {"uv": [0, 0, 1.025, 0.05], "texture": "#1"},
				"down": {"uv": [0, 12.875, 9, 16], "texture": "#1"}
			}
		},
		{
			"from": [5.75, 5.15532, 7.78097],
			"to": [6.85, 5.27376, 7.9989],
			"rotation": {"angle": 0, "axis": "y", "origin": [6.6, 5.05922, 5.40786]},
			"faces": {
				"north": {"uv": [0, 12.875, 9, 16], "texture": "#1"},
				"east": {"uv": [0, 12.875, 9, 16], "texture": "#1"},
				"south": {"uv": [0, 12.875, 9, 16], "texture": "#1"},
				"west": {"uv": [0, 0, 0.05, 0.025], "texture": "#1"},
				"up": {"uv": [0, 0, 1.025, 0.05], "texture": "#1"},
				"down": {"uv": [0, 12.875, 9, 16], "texture": "#1"}
			}
		},
		{
			"from": [5.75, 5.15532, 8.21683],
			"to": [6.85, 5.27376, 8.43476],
			"rotation": {"angle": 0, "axis": "y", "origin": [6.6, 5.05922, 5.40786]},
			"faces": {
				"north": {"uv": [0, 0, 1.025, 0.025], "texture": "#1"},
				"east": {"uv": [0, 12.875, 9, 16], "texture": "#1"},
				"south": {"uv": [0, 12.875, 9, 16], "texture": "#1"},
				"west": {"uv": [0, 12.875, 9, 16], "texture": "#1"},
				"up": {"uv": [0, 12.875, 9, 16], "texture": "#1"},
				"down": {"uv": [0, 12.875, 9, 16], "texture": "#1"}
			}
		},
		{
			"from": [5.75, 5.27376, 7.9989],
			"to": [6.85, 5.3922, 8.21683],
			"rotation": {"angle": 0, "axis": "y", "origin": [6.6, 5.05922, 5.40786]},
			"faces": {
				"north": {"uv": [0, 12.875, 9, 16], "texture": "#1"},
				"east": {"uv": [0, 12.875, 9, 16], "texture": "#1"},
				"south": {"uv": [0, 12.875, 9, 16], "texture": "#1"},
				"west": {"uv": [0, 12.875, 9, 16], "texture": "#1"},
				"up": {"uv": [0, 0, 1.025, 0.05], "texture": "#1"},
				"down": {"uv": [0, 12.875, 9, 16], "texture": "#1"}
			}
		},
		{
			"from": [5.75, 4.68156, 8.43476],
			"to": [6.85, 5.03688, 8.54372],
			"rotation": {"angle": 0, "axis": "y", "origin": [6.6, 5.05922, 5.40786]},
			"faces": {
				"north": {"uv": [0, 12.875, 9, 16], "texture": "#1"},
				"east": {"uv": [0, 12.875, 9, 16], "texture": "#1"},
				"south": {"uv": [0, 12.875, 9, 16], "texture": "#1"},
				"west": {"uv": [0, 0, 0.025, 0.075], "texture": "#1"},
				"up": {"uv": [0, 0, 1.025, 0.025], "texture": "#1"},
				"down": {"uv": [0, 0, 1.025, 0.025], "texture": "#1"}
			}
		},
		{
			"from": [5.75, 4.68156, 7.672],
			"to": [6.85, 5.03688, 7.78097],
			"rotation": {"angle": 0, "axis": "y", "origin": [6.6, 5.05922, 5.40786]},
			"faces": {
				"north": {"uv": [0, 12.875, 9, 16], "texture": "#1"},
				"east": {"uv": [0, 12.875, 9, 16], "texture": "#1"},
				"south": {"uv": [0, 12.875, 9, 16], "texture": "#1"},
				"west": {"uv": [0, 0, 0.025, 0.075], "texture": "#1"},
				"up": {"uv": [0, 0, 1.025, 0.025], "texture": "#1"},
				"down": {"uv": [0, 0, 1.025, 0.025], "texture": "#1"}
			}
		},
		{
			"from": [-1.05, 4.68156, 8.43476],
			"to": [0.05, 5.03688, 8.54372],
			"rotation": {"angle": 0, "axis": "y", "origin": [6.6, 5.05922, 5.40786]},
			"faces": {
				"north": {"uv": [0, 2.25, 15.875, 4], "texture": "#1"},
				"east": {"uv": [0, 0, 0.025, 0.075], "texture": "#1"},
				"south": {"uv": [0, 12.875, 9, 16], "texture": "#1"},
				"west": {"uv": [0, 12.875, 9, 16], "texture": "#1"},
				"up": {"uv": [0, 2.25, 15.875, 4], "texture": "#1"},
				"down": {"uv": [0, 0, 1.025, 0.025], "texture": "#1"}
			}
		},
		{
			"from": [-1.05, 5.27376, 7.9989],
			"to": [0.05, 5.3922, 8.21683],
			"rotation": {"angle": 0, "axis": "y", "origin": [6.6, 5.05922, 5.40786]},
			"faces": {
				"north": {"uv": [0, 12.875, 9, 16], "texture": "#1"},
				"east": {"uv": [0, 0, 0.05, 0.025], "texture": "#1"},
				"south": {"uv": [0, 12.875, 9, 16], "texture": "#1"},
				"west": {"uv": [0, 12.875, 9, 16], "texture": "#1"},
				"up": {"uv": [0, 12.875, 9, 16], "texture": "#1"},
				"down": {"uv": [0, 2.25, 15.875, 4], "texture": "#1"}
			}
		},
		{
			"from": [-1.05, 5.15532, 8.21683],
			"to": [0.05, 5.27376, 8.43476],
			"rotation": {"angle": 0, "axis": "y", "origin": [6.6, 5.05922, 5.40786]},
			"faces": {
				"north": {"uv": [0, 2.25, 15.875, 4], "texture": "#1"},
				"east": {"uv": [0, 0, 0.05, 0.025], "texture": "#1"},
				"south": {"uv": [0, 12.875, 9, 16], "texture": "#1"},
				"west": {"uv": [0, 12.875, 9, 16], "texture": "#1"},
				"up": {"uv": [0, 12.875, 9, 16], "texture": "#1"},
				"down": {"uv": [0, 2.25, 15.875, 4], "texture": "#1"}
			}
		},
		{
			"from": [-1.05, 5.15532, 7.78097],
			"to": [0.05, 5.27376, 7.9989],
			"rotation": {"angle": 0, "axis": "y", "origin": [6.6, 5.05922, 5.40786]},
			"faces": {
				"north": {"uv": [0, 12.875, 9, 16], "texture": "#1"},
				"east": {"uv": [0, 0, 0.05, 0.025], "texture": "#1"},
				"south": {"uv": [0, 2.25, 15.875, 4], "texture": "#1"},
				"west": {"uv": [0, 12.875, 9, 16], "texture": "#1"},
				"up": {"uv": [0, 12.875, 9, 16], "texture": "#1"},
				"down": {"uv": [0, 2.25, 15.875, 4], "texture": "#1"}
			}
		},
		{
			"from": [-1.05, 5.03688, 8.32579],
			"to": [0.05, 5.15532, 8.54372],
			"rotation": {"angle": 0, "axis": "y", "origin": [6.6, 5.05922, 5.40786]},
			"faces": {
				"north": {"uv": [0, 2.25, 15.875, 4], "texture": "#1"},
				"east": {"uv": [0, 0, 0.05, 0.025], "texture": "#1"},
				"south": {"uv": [0, 12.875, 9, 16], "texture": "#1"},
				"west": {"uv": [0, 12.875, 9, 16], "texture": "#1"},
				"up": {"uv": [0, 12.875, 9, 16], "texture": "#1"},
				"down": {"uv": [0, 2.25, 15.875, 4], "texture": "#1"}
			}
		},
		{
			"from": [-1.05, 4.56312, 7.672],
			"to": [0.05, 4.68156, 7.88993],
			"rotation": {"angle": 0, "axis": "y", "origin": [6.6, 5.05922, 5.40786]},
			"faces": {
				"north": {"uv": [0, 12.875, 9, 16], "texture": "#1"},
				"east": {"uv": [0, 0.025, 0.05, 0.05], "texture": "#1"},
				"south": {"uv": [0, 2.25, 15.875, 4], "texture": "#1"},
				"west": {"uv": [0, 12.875, 9, 16], "texture": "#1"},
				"up": {"uv": [0, 2.25, 15.875, 4], "texture": "#1"},
				"down": {"uv": [0, 0.05, 1.025, 0.1], "texture": "#1"}
			}
		},
		{
			"from": [-1.05, 4.56312, 8.32579],
			"to": [0.05, 4.68156, 8.54372],
			"rotation": {"angle": 0, "axis": "y", "origin": [6.6, 5.05922, 5.40786]},
			"faces": {
				"north": {"uv": [0, 2.25, 15.875, 4], "texture": "#1"},
				"east": {"uv": [0, 0.025, 0.05, 0.05], "texture": "#1"},
				"south": {"uv": [0, 0.025, 1.025, 0.05], "texture": "#1"},
				"west": {"uv": [0, 12.875, 9, 16], "texture": "#1"},
				"up": {"uv": [0, 2.25, 15.875, 4], "texture": "#1"},
				"down": {"uv": [0, 0.05, 1.025, 0.1], "texture": "#1"}
			}
		},
		{
			"from": [-1.05, 4.44468, 7.78097],
			"to": [0.05, 4.56312, 7.9989],
			"rotation": {"angle": 0, "axis": "y", "origin": [6.6, 5.05922, 5.40786]},
			"faces": {
				"north": {"uv": [0, 12.875, 9, 16], "texture": "#1"},
				"east": {"uv": [0, 0.025, 0.05, 0.05], "texture": "#1"},
				"south": {"uv": [0, 2.25, 15.875, 4], "texture": "#1"},
				"west": {"uv": [0, 12.875, 9, 16], "texture": "#1"},
				"up": {"uv": [0, 2.25, 15.875, 4], "texture": "#1"},
				"down": {"uv": [0, 12.875, 9, 16], "texture": "#1"}
			}
		},
		{
			"from": [-1.05, 4.44468, 8.21683],
			"to": [0.05, 4.56312, 8.43476],
			"rotation": {"angle": 0, "axis": "y", "origin": [6.6, 5.05922, 5.40786]},
			"faces": {
				"north": {"uv": [0, 2.25, 15.875, 4], "texture": "#1"},
				"east": {"uv": [0, 0.025, 0.05, 0.05], "texture": "#1"},
				"south": {"uv": [0, 12.875, 9, 16], "texture": "#1"},
				"west": {"uv": [0, 12.875, 9, 16], "texture": "#1"},
				"up": {"uv": [0, 2.25, 15.875, 4], "texture": "#1"},
				"down": {"uv": [0, 0.05, 1.025, 0.1], "texture": "#1"}
			}
		},
		{
			"from": [-1.05, 4.32624, 7.9989],
			"to": [0.05, 4.44468, 8.21683],
			"rotation": {"angle": 0, "axis": "y", "origin": [6.6, 5.05922, 5.40786]},
			"faces": {
				"north": {"uv": [0, 12.875, 9, 16], "texture": "#1"},
				"east": {"uv": [0, 0.025, 0.05, 0.05], "texture": "#1"},
				"south": {"uv": [0, 12.875, 9, 16], "texture": "#1"},
				"west": {"uv": [0, 12.875, 9, 16], "texture": "#1"},
				"up": {"uv": [0, 2.25, 15.875, 4], "texture": "#1"},
				"down": {"uv": [0, 12.875, 9, 16], "texture": "#1"}
			}
		},
		{
			"from": [-1.05, 5.03688, 7.672],
			"to": [0.05, 5.15532, 7.88993],
			"rotation": {"angle": 0, "axis": "y", "origin": [6.6, 5.05922, 5.40786]},
			"faces": {
				"north": {"uv": [0, 12.875, 9, 16], "texture": "#1"},
				"east": {"uv": [0, 0, 0.05, 0.025], "texture": "#1"},
				"south": {"uv": [0, 2.25, 15.875, 4], "texture": "#1"},
				"west": {"uv": [0, 12.875, 9, 16], "texture": "#1"},
				"up": {"uv": [0, 12.875, 9, 16], "texture": "#1"},
				"down": {"uv": [0, 2.25, 15.875, 4], "texture": "#1"}
			}
		}
	],
	"display": {
		"thirdperson_righthand": {
			"rotation": [0, 88, 0],
			"translation": [0, 5, -5.75],
			"scale": [0.8, 0.8, 0.8]
		},
		"thirdperson_lefthand": {
			"translation": [-3, 4, 0],
			"scale": [0.8, 0.8, 0.8]
		},
		"firstperson_righthand": {
			"rotation": [0, 90, 0],
			"translation": [-9.4, 21.08, 10.597],
			"scale": [0, 4, 4]
		},
		"firstperson_lefthand": {
			"rotation": [5, -10, 9],
			"translation": [-4.5, 5.5, 0]
		},
		"ground": {
			"rotation": [-1, -1, -1],
			"translation": [4.5, 2, 0],
			"scale": [0.8, 0.8, 0.8]
		},
		"gui": {
			"translation": [5.5, 3, 0],
			"scale": [0.8, 0.8, 0.8]
		},
		"head": {
			"translation": [4, 12.75, 0]
		},
		"fixed": {
			"rotation": [0, 0, 38],
			"translation": [0.75, 5.5, 0],
			"scale": [0.8, 0.8, 0.8]
		}
	},
	"groups": [0,
		{
			"name": "kar98j",
			"origin": [8, 8, 8],
			"color": 0,
			"children": [1, 2, 3, 4, 5, 6, 7, 8, 9, 10, 11, 12, 13, 14, 15, 16, 17, 18, 19, 20, 21, 22, 23, 24, 25, 26, 27, 28, 29, 30, 31, 32, 33, 34, 35, 36, 37, 38, 39, 40, 41, 42, 43, 44, 45, 46,
				{
					"name": "3",
					"origin": [-3.85, 1.86667, 8],
					"color": 0,
					"children": [47, 48, 49, 50, 51, 52, 53, 54, 55, 56, 57, 58, 59, 60, 61, 62, 63]
				},
				{
					"name": "1",
					"origin": [5.2, 3.4, 8],
					"color": 0,
					"children": [64, 65, 66, 67, 68]
				},
				{
					"name": "4",
					"origin": [5.2, 3.4, 8],
					"color": 0,
					"children": [69, 70, 71, 72, 73, 74, 75, 76, 77, 78, 79]
				},
				{
					"name": "1.5",
					"origin": [5.2, 3.4, 8],
					"color": 0,
					"children": [80, 81, 82, 83, 84, 85]
				},
				{
					"name": "group",
					"origin": [4.57217, 4.95495, 8.05],
					"color": 0,
					"children": [86, 87, 88, 89,
						{
							"name": "group",
							"origin": [1.05, 5.15, 4.9],
							"color": 0,
							"children": [90, 91, 92, 93, 94, 95, 96, 97, 98, 99, 100, 101, 102, 103, 104, 105, 106, 107, 108, 109, 110, 111, 112, 113, 114, 115, 116, 117, 118, 119,
								{
									"name": "group",
									"origin": [6.6, 5.05922, 5.40786],
									"color": 0,
									"children": []
								}, 120, 121, 122, 123, 124, 125, 126, 127, 128, 129, 130]
						}
					]
				},
				{
					"name": "group",
					"origin": [8, 8, 8],
					"color": 0,
					"children": []
				}
			]
		}
	]
}