{
	"credit": "Made with Blockbench",
	"texture_size": [128, 128],
	"textures": {
		"0": "nubx/m1911"
	},
	"elements": [
		{
			"from": [7.02124, 9.14762, 2.10735],
			"to": [7.34785, 10.45409, 8.63971],
			"rotation": {"angle": 0, "axis": "y", "origin": [7.34785, 9.80085, 7.00662]},
			"faces": {
				"north": {"uv": [11.875, 7.5, 12.75, 10], "texture": "#0"},
				"east": {"uv": [0, 0, 2.5, 0.5], "texture": "#0"},
				"south": {"uv": [0, 0, 0.125, 0.5], "texture": "#0"},
				"west": {"uv": [0, 1.25, 8.75, 2.5], "texture": "#0"},
				"up": {"uv": [0, 0, 8.75, 1.25], "rotation": 270, "texture": "#0"},
				"down": {"uv": [0, 0, 2.5, 0.125], "rotation": 90, "texture": "#0"}
			}
		},
		{
			"from": [6.92325, 9.55589, 2.10735],
			"to": [7.34785, 10.37243, 8.63971],
			"rotation": {"angle": 0, "axis": "y", "origin": [7.34785, 8.72301, 7.98647]},
			"faces": {
				"north": {"uv": [12.75, 7.5, 13.75, 10], "texture": "#0"},
				"east": {"uv": [0, 0, 2.5, 0.3125], "texture": "#0"},
				"south": {"uv": [0, 0, 0.1625, 0.3125], "texture": "#0"},
				"west": {"uv": [0, 3.75, 8.75, 5], "texture": "#0"},
				"up": {"uv": [0, 2.5, 8.75, 3.75], "rotation": 270, "texture": "#0"},
				"down": {"uv": [0, 0, 2.5, 0.1625], "rotation": 90, "texture": "#0"}
			}
		},
		{
			"from": [6.89059, 9.47423, 2.10735],
			"to": [7.34785, 10.29078, 8.63971],
			"rotation": {"angle": 0, "axis": "y", "origin": [7.34785, 8.72301, 7.98647]},
			"faces": {
				"north": {"uv": [13.75, 7.5, 14.875, 11], "texture": "#0"},
				"east": {"uv": [0, 0, 2.5, 0.3125], "texture": "#0"},
				"south": {"uv": [0, 0, 0.175, 0.3125], "texture": "#0"},
				"west": {"uv": [0, 6.25, 8.75, 7.5], "texture": "#0"},
				"up": {"uv": [0, 5, 8.75, 6.25], "rotation": 270, "texture": "#0"},
				"down": {"uv": [0, 0, 2.5, 0.175], "rotation": 90, "texture": "#0"}
			}
		},
		{
			"from": [6.85793, 9.5069, 2.10735],
			"to": [7.34785, 10.16013, 8.63971],
			"rotation": {"angle": 0, "axis": "y", "origin": [7.31519, 9.7192, 7.00662]},
			"faces": {
				"north": {"uv": [14.875, 7.5, 16, 11], "texture": "#0"},
				"east": {"uv": [0, 0, 2.5, 0.25], "texture": "#0"},
				"south": {"uv": [0, 0, 0.1875, 0.25], "texture": "#0"},
				"west": {"uv": [0, 8.5625, 8.875, 10.0625], "texture": "#0"},
				"up": {"uv": [0, 7.5, 8.75, 8.75], "rotation": 270, "texture": "#0"},
				"down": {"uv": [0, 0, 2.5, 0.1875], "rotation": 90, "texture": "#0"}
			}
		},
		{
			"from": [6.85793, 9.34359, 2.10735],
			"to": [7.83778, 9.5069, 8.63971],
			"rotation": {"angle": 0, "axis": "y", "origin": [7.31519, 9.7192, 7.00662]},
			"faces": {
				"north": {"uv": [0, 0, 0.375, 0.0625], "texture": "#0"},
				"east": {"uv": [0, 10, 8.75, 10.25], "texture": "#0"},
				"south": {"uv": [0, 0, 0.375, 0.0625], "texture": "#0"},
				"west": {"uv": [0, 10, 8.75, 10.25], "texture": "#0"},
				"up": {"uv": [0, 0, 2.875, 1.125], "rotation": 270, "texture": "#0"},
				"down": {"uv": [11.25, 0, 16, 1.25], "rotation": 90, "texture": "#0"}
			}
		},
		{
			"from": [6.85793, 9.27826, 3.41382],
			"to": [7.83778, 9.34359, 8.63971],
			"rotation": {"angle": 0, "axis": "y", "origin": [7.31519, 9.7192, 7.00662]},
			"faces": {
				"north": {"uv": [1.25, 10.25, 6.25, 10.5], "texture": "#0"},
				"east": {"uv": [0, 10.25, 4, 10.5], "texture": "#0"},
				"south": {"uv": [0, 0, 0.375, 0.025], "texture": "#0"},
				"west": {"uv": [0, 10.25, 7.5, 10.5], "texture": "#0"},
				"up": {"uv": [0, 0, 2, 0.375], "rotation": 270, "texture": "#0"},
				"down": {"uv": [11.25, 1.25, 16, 2.5], "rotation": 90, "texture": "#0"}
			}
		},
		{
			"from": [6.85793, 9.21294, 3.74044],
			"to": [7.83778, 9.27826, 8.63971],
			"rotation": {"angle": 0, "axis": "y", "origin": [7.31519, 9.7192, 7.00662]},
			"faces": {
				"north": {"uv": [11.25, 2.5, 16, 3.75], "texture": "#0"},
				"east": {"uv": [0, 10.5, 6.75, 10.75], "texture": "#0"},
				"south": {"uv": [0, 0, 0.375, 0.025], "texture": "#0"},
				"west": {"uv": [0, 10.5, 6.75, 10.75], "texture": "#0"},
				"up": {"uv": [0, 0, 1.875, 0.375], "rotation": 270, "texture": "#0"},
				"down": {"uv": [11.25, 5, 16, 6.25], "rotation": 90, "texture": "#0"}
			}
		},
		{
			"from": [6.85793, 9.14762, 3.90375],
			"to": [7.83778, 9.21294, 8.63971],
			"rotation": {"angle": 0, "axis": "y", "origin": [7.31519, 9.7192, 7.00662]},
			"faces": {
				"north": {"uv": [11.25, 3.75, 16, 5], "texture": "#0"},
				"east": {"uv": [0, 10.75, 6.25, 11], "texture": "#0"},
				"south": {"uv": [0, 0, 0.375, 0.0375], "texture": "#0"},
				"west": {"uv": [0, 10.75, 6.25, 11], "texture": "#0"},
				"up": {"uv": [0, 0, 1.8125, 0.375], "rotation": 270, "texture": "#0"},
				"down": {"uv": [0, 0, 1.8125, 0.375], "rotation": 90, "texture": "#0"}
			}
		},
		{
			"from": [7.02124, 9.14762, 8.63971],
			"to": [7.67447, 10.45409, 11.25265],
			"rotation": {"angle": 0, "axis": "y", "origin": [7.34785, 9.80085, 7.00662]},
			"faces": {
				"north": {"uv": [0, 0, 0.25, 0.5], "texture": "#0"},
				"east": {"uv": [10.625, 1.25, 6.25, 2.5], "texture": "#0"},
				"south": {"uv": [0, 0, 3.75, 1.125], "texture": "#0"},
				"west": {"uv": [6.25, 1.25, 10.625, 2.5], "texture": "#0"},
				"up": {"uv": [10.625, 0, 6.25, 1.25], "rotation": 270, "texture": "#0"},
				"down": {"uv": [0, 0, 1, 0.25], "rotation": 90, "texture": "#0"}
			}
		},
		{
			"from": [6.92325, 9.55589, 8.63971],
			"to": [7.0539, 10.37243, 11.31797],
			"rotation": {"angle": 0, "axis": "y", "origin": [7.34785, 9.96416, 9.97884]},
			"faces": {
				"north": {"uv": [0, 0, 0.05, 0.3125], "texture": "#0"},
				"east": {"uv": [0, 0, 1.025, 0.3125], "texture": "#0"},
				"south": {"uv": [0, 0, 2, 0.625], "texture": "#0"},
				"west": {"uv": [6.25, 3.75, 10.625, 5], "texture": "#0"},
				"up": {"uv": [10.375, 2.5, 6.625, 3.75], "rotation": 270, "texture": "#0"},
				"down": {"uv": [0, 0, 1.025, 0.05], "rotation": 90, "texture": "#0"}
			}
		},
		{
			"from": [6.89059, 9.14762, 8.63971],
			"to": [7.0539, 10.29078, 11.38329],
			"rotation": {"angle": 0, "axis": "y", "origin": [7.34785, 9.7192, 10.07682]},
			"faces": {
				"north": {"uv": [0, 0, 0.0625, 0.4375], "texture": "#0"},
				"east": {"uv": [0, 0, 1.05, 0.4375], "texture": "#0"},
				"south": {"uv": [0, 0, 1.875, 0.5], "texture": "#0"},
				"west": {"uv": [6.25, 6.25, 10.625, 7.5], "texture": "#0"},
				"up": {"uv": [10.625, 5, 6.25, 6.25], "rotation": 270, "texture": "#0"},
				"down": {"uv": [0, 0, 1.05, 0.0625], "rotation": 90, "texture": "#0"}
			}
		},
		{
			"from": [6.85793, 9.14762, 8.70503],
			"to": [7.83778, 10.29078, 8.77035],
			"rotation": {"angle": 0, "axis": "y", "origin": [7.31519, 9.7192, 7.00662]},
			"faces": {
				"north": {"uv": [0, 0, 0.375, 0.4375], "texture": "#0"},
				"east": {"uv": [0, 7.84375, 2.5, 8.71875], "texture": "#0"},
				"south": {"uv": [0, 0, 0.375, 0.4375], "texture": "#0"},
				"west": {"uv": [1.4375, 7.4375, 3.6875, 8.5625], "texture": "#0"},
				"up": {"uv": [0, 0, 0.025, 0.375], "rotation": 270, "texture": "#0"},
				"down": {"uv": [0, 0, 0.025, 0.375], "rotation": 90, "texture": "#0"}
			}
		},
		{
			"from": [6.85793, 9.14762, 8.86834],
			"to": [7.83778, 10.29078, 8.93366],
			"rotation": {"angle": 0, "axis": "y", "origin": [7.31519, 9.7192, 7.00662]},
			"faces": {
				"north": {"uv": [0, 0, 0.375, 0.4375], "texture": "#0"},
				"east": {"uv": [0, 7.84375, 2.5, 8.71875], "texture": "#0"},
				"south": {"uv": [0, 0, 0.375, 0.4375], "texture": "#0"},
				"west": {"uv": [1.4375, 7.4375, 3.6875, 8.5625], "texture": "#0"},
				"up": {"uv": [0, 0, 0.025, 0.375], "rotation": 270, "texture": "#0"},
				"down": {"uv": [0, 0, 0.025, 0.375], "rotation": 90, "texture": "#0"}
			}
		},
		{
			"from": [6.85793, 9.14762, 9.03165],
			"to": [7.83778, 10.29078, 9.09697],
			"rotation": {"angle": 0, "axis": "y", "origin": [7.31519, 9.7192, 7.00662]},
			"faces": {
				"north": {"uv": [0, 0, 0.375, 0.4375], "texture": "#0"},
				"east": {"uv": [0, 7.84375, 2.5, 8.71875], "texture": "#0"},
				"south": {"uv": [0, 0, 0.375, 0.4375], "texture": "#0"},
				"west": {"uv": [1.4375, 7.4375, 3.6875, 8.5625], "texture": "#0"},
				"up": {"uv": [0, 0, 0.025, 0.375], "rotation": 270, "texture": "#0"},
				"down": {"uv": [0, 0, 0.025, 0.375], "rotation": 90, "texture": "#0"}
			}
		},
		{
			"from": [6.85793, 9.14762, 9.19496],
			"to": [7.83778, 10.29078, 9.26028],
			"rotation": {"angle": 0, "axis": "y", "origin": [7.31519, 9.7192, 7.00662]},
			"faces": {
				"north": {"uv": [0, 0, 0.375, 0.4375], "texture": "#0"},
				"east": {"uv": [0, 7.84375, 2.5, 8.71875], "texture": "#0"},
				"south": {"uv": [0, 0, 0.375, 0.4375], "texture": "#0"},
				"west": {"uv": [1.4375, 7.4375, 3.6875, 8.5625], "texture": "#0"},
				"up": {"uv": [0, 0, 0.025, 0.375], "rotation": 270, "texture": "#0"},
				"down": {"uv": [0, 0, 0.025, 0.375], "rotation": 90, "texture": "#0"}
			}
		},
		{
			"from": [6.85793, 9.14762, 9.35826],
			"to": [7.83778, 10.29078, 9.42359],
			"rotation": {"angle": 0, "axis": "y", "origin": [7.31519, 9.7192, 7.00662]},
			"faces": {
				"north": {"uv": [0, 0, 0.375, 0.4375], "texture": "#0"},
				"east": {"uv": [0, 7.84375, 2.5, 8.71875], "texture": "#0"},
				"south": {"uv": [0, 0, 0.375, 0.4375], "texture": "#0"},
				"west": {"uv": [1.4375, 7.4375, 3.6875, 8.5625], "texture": "#0"},
				"up": {"uv": [0, 0, 0.025, 0.375], "rotation": 270, "texture": "#0"},
				"down": {"uv": [0, 0, 0.025, 0.375], "rotation": 90, "texture": "#0"}
			}
		},
		{
			"from": [6.85793, 9.14762, 9.52157],
			"to": [7.83778, 10.29078, 9.5869],
			"rotation": {"angle": 0, "axis": "y", "origin": [7.31519, 9.7192, 7.00662]},
			"faces": {
				"north": {"uv": [0, 0, 0.375, 0.4375], "texture": "#0"},
				"east": {"uv": [0, 7.84375, 2.5, 8.71875], "texture": "#0"},
				"south": {"uv": [0, 0, 0.375, 0.4375], "texture": "#0"},
				"west": {"uv": [1.4375, 7.4375, 3.6875, 8.5625], "texture": "#0"},
				"up": {"uv": [0, 0, 0.025, 0.375], "rotation": 270, "texture": "#0"},
				"down": {"uv": [0, 0, 0.025, 0.375], "rotation": 90, "texture": "#0"}
			}
		},
		{
			"from": [6.85793, 9.14762, 9.68488],
			"to": [7.83778, 10.29078, 9.75021],
			"rotation": {"angle": 0, "axis": "y", "origin": [7.31519, 9.7192, 7.00662]},
			"faces": {
				"north": {"uv": [0, 0, 0.375, 0.4375], "texture": "#0"},
				"east": {"uv": [0, 7.84375, 2.5, 8.71875], "texture": "#0"},
				"south": {"uv": [0, 0, 0.375, 0.4375], "texture": "#0"},
				"west": {"uv": [1.4375, 7.4375, 3.6875, 8.5625], "texture": "#0"},
				"up": {"uv": [0, 0, 0.025, 0.375], "rotation": 270, "texture": "#0"},
				"down": {"uv": [0, 0, 0.025, 0.375], "rotation": 90, "texture": "#0"}
			}
		},
		{
			"from": [6.85793, 9.14762, 9.84819],
			"to": [7.83778, 10.29078, 9.91351],
			"rotation": {"angle": 0, "axis": "y", "origin": [7.31519, 9.7192, 7.00662]},
			"faces": {
				"north": {"uv": [0, 0, 0.375, 0.4375], "texture": "#0"},
				"east": {"uv": [0, 7.84375, 2.5, 8.71875], "texture": "#0"},
				"south": {"uv": [0, 0, 0.375, 0.4375], "texture": "#0"},
				"west": {"uv": [1.4375, 7.4375, 3.6875, 8.5625], "texture": "#0"},
				"up": {"uv": [0, 0, 0.025, 0.375], "rotation": 270, "texture": "#0"},
				"down": {"uv": [0, 0, 0.025, 0.375], "rotation": 90, "texture": "#0"}
			}
		},
		{
			"from": [6.85793, 9.14762, 10.0115],
			"to": [7.83778, 10.29078, 10.07682],
			"rotation": {"angle": 0, "axis": "y", "origin": [7.31519, 9.7192, 7.00662]},
			"faces": {
				"north": {"uv": [0, 0, 0.375, 0.4375], "texture": "#0"},
				"east": {"uv": [0, 7.84375, 2.5, 8.71875], "texture": "#0"},
				"south": {"uv": [0, 0, 0.375, 0.4375], "texture": "#0"},
				"west": {"uv": [1.4375, 7.4375, 3.6875, 8.5625], "texture": "#0"},
				"up": {"uv": [0, 0, 0.025, 0.375], "rotation": 270, "texture": "#0"},
				"down": {"uv": [0, 0, 0.025, 0.375], "rotation": 90, "texture": "#0"}
			}
		},
		{
			"from": [6.85793, 9.14762, 10.14215],
			"to": [7.83778, 10.29078, 10.20747],
			"rotation": {"angle": 0, "axis": "y", "origin": [7.31519, 9.7192, 7.00662]},
			"faces": {
				"north": {"uv": [0, 0, 0.375, 0.4375], "texture": "#0"},
				"east": {"uv": [0, 7.84375, 2.5, 8.71875], "texture": "#0"},
				"south": {"uv": [0, 0, 0.375, 0.4375], "texture": "#0"},
				"west": {"uv": [1.4375, 7.4375, 3.6875, 8.5625], "texture": "#0"},
				"up": {"uv": [0, 0, 0.025, 0.375], "rotation": 270, "texture": "#0"},
				"down": {"uv": [0, 0, 0.025, 0.375], "rotation": 90, "texture": "#0"}
			}
		},
		{
			"from": [7.34785, 9.5069, 2.10735],
			"to": [7.83778, 10.16013, 6.35338],
			"rotation": {"angle": 0, "axis": "y", "origin": [6.72728, 9.7192, 7.00662]},
			"faces": {
				"north": {"uv": [16, 7.5, 14.875, 11], "texture": "#0"},
				"east": {"uv": [0, 7.6875, 8.75, 8.9375], "texture": "#0"},
				"south": {"uv": [0.1875, 0, 0.375, 0.25], "texture": "#0"},
				"west": {"uv": [1.625, 0, 3.25, 0.25], "texture": "#0"},
				"up": {"uv": [0, 7.5, 8.75, 8.75], "rotation": 270, "texture": "#0"},
				"down": {"uv": [0, 0.1875, 1.625, 0.375], "rotation": 90, "texture": "#0"}
			}
		},
		{
			"from": [7.34785, 9.47423, 2.10735],
			"to": [7.80512, 10.29078, 6.35338],
			"rotation": {"angle": 0, "axis": "y", "origin": [6.69462, 8.72301, 7.98647]},
			"faces": {
				"north": {"uv": [13.75, 7.5, 14.75, 10.875], "texture": "#0"},
				"east": {"uv": [0, 6.25, 8.75, 7.5], "texture": "#0"},
				"south": {"uv": [0.175, 0, 0.35, 0.3125], "texture": "#0"},
				"west": {"uv": [1.625, 0, 3.25, 0.3125], "texture": "#0"},
				"up": {"uv": [0, 5, 8.75, 6.25], "rotation": 270, "texture": "#0"},
				"down": {"uv": [0, 0.175, 1.625, 0.35], "rotation": 90, "texture": "#0"}
			}
		},
		{
			"from": [7.34785, 9.14762, 2.10735],
			"to": [7.67447, 10.45409, 6.35338],
			"rotation": {"angle": 0, "axis": "y", "origin": [6.69462, 9.80085, 7.00662]},
			"faces": {
				"north": {"uv": [12.75, 7.5, 11.875, 10], "texture": "#0"},
				"east": {"uv": [0, 1.25, 8.75, 2.5], "texture": "#0"},
				"south": {"uv": [0.125, 0, 0.25, 0.5], "texture": "#0"},
				"west": {"uv": [1.625, 0, 3.25, 0.5], "texture": "#0"},
				"up": {"uv": [0, 0, 8.75, 1.25], "rotation": 270, "texture": "#0"},
				"down": {"uv": [0, 0.125, 1.625, 0.25], "rotation": 90, "texture": "#0"}
			}
		},
		{
			"from": [7.34785, 9.55589, 8.01913],
			"to": [7.77246, 10.37243, 8.67237],
			"rotation": {"angle": 0, "axis": "y", "origin": [6.69462, 8.72301, 7.98647]},
			"faces": {
				"north": {"uv": [0.1625, 0, 0.325, 0.3125], "texture": "#0"},
				"east": {"uv": [0, 3.75, 4.375, 5], "texture": "#0"},
				"south": {"uv": [0.1625, 0, 0.325, 0.3125], "texture": "#0"},
				"west": {"uv": [1.625, 0, 1.875, 0.3125], "texture": "#0"},
				"up": {"uv": [0, 2.5, 4.375, 3.75], "rotation": 270, "texture": "#0"},
				"down": {"uv": [0, 0.1625, 0.25, 0.325], "rotation": 90, "texture": "#0"}
			}
		},
		{
			"from": [7.34785, 9.47423, 8.01913],
			"to": [7.80512, 10.29078, 8.67237],
			"rotation": {"angle": 0, "axis": "y", "origin": [6.69462, 8.72301, 7.98647]},
			"faces": {
				"north": {"uv": [0.175, 0, 0.35, 0.3125], "texture": "#0"},
				"east": {"uv": [0, 6.25, 4.375, 7.5], "texture": "#0"},
				"south": {"uv": [0.175, 0, 0.35, 0.3125], "texture": "#0"},
				"west": {"uv": [1.625, 0, 1.875, 0.3125], "texture": "#0"},
				"up": {"uv": [0, 6.25, 4.375, 7.5], "rotation": 270, "texture": "#0"},
				"down": {"uv": [0, 0.175, 0.25, 0.35], "rotation": 90, "texture": "#0"}
			}
		},
		{
			"from": [7.34785, 9.5069, 7.98647],
			"to": [7.83778, 10.16013, 8.63971],
			"rotation": {"angle": 0, "axis": "y", "origin": [6.72728, 9.7192, 7.00662]},
			"faces": {
				"north": {"uv": [0.1875, 0, 0.375, 0.25], "texture": "#0"},
				"east": {"uv": [3.4375, 7.4375, 7.8125, 8.6875], "texture": "#0"},
				"south": {"uv": [0.1875, 0, 0.375, 0.25], "texture": "#0"},
				"west": {"uv": [1.625, 0, 1.875, 0.25], "texture": "#0"},
				"up": {"uv": [0, 7.5, 4.375, 8.75], "rotation": 270, "texture": "#0"},
				"down": {"uv": [0, 0.1875, 0.25, 0.375], "rotation": 90, "texture": "#0"}
			}
		},
		{
			"from": [7.34785, 9.14762, 8.01913],
			"to": [7.67447, 10.45409, 8.67237],
			"rotation": {"angle": 0, "axis": "y", "origin": [6.69462, 9.80085, 7.00662]},
			"faces": {
				"north": {"uv": [0.125, 0, 0.25, 0.5], "texture": "#0"},
				"east": {"uv": [0, 1.25, 4.375, 2.5], "texture": "#0"},
				"south": {"uv": [0.125, 0, 0.25, 0.5], "texture": "#0"},
				"west": {"uv": [1.625, 0, 1.875, 0.5], "texture": "#0"},
				"up": {"uv": [0, 0, 4.375, 1.25], "rotation": 270, "texture": "#0"},
				"down": {"uv": [0, 0.125, 0.25, 0.25], "rotation": 90, "texture": "#0"}
			}
		},
		{
			"from": [6.85793, 9.14762, 10.27279],
			"to": [7.0539, 10.20912, 11.41596],
			"rotation": {"angle": 0, "axis": "y", "origin": [7.38051, 9.68654, 10.92603]},
			"faces": {
				"north": {"uv": [0.1875, 0, 0.2625, 0.40625], "texture": "#0"},
				"east": {"uv": [1.625, 0, 2.0625, 0.40625], "texture": "#0"},
				"south": {"uv": [0.125, 0, 5.125, 1], "texture": "#0"},
				"west": {"uv": [8.0625, 8.75, 10.625, 10], "texture": "#0"},
				"up": {"uv": [10.625, 7.5, 6.25, 8.75], "rotation": 270, "texture": "#0"},
				"down": {"uv": [0, 0.1875, 0.4375, 0.2625], "rotation": 90, "texture": "#0"}
			}
		},
		{
			"from": [7.31519, 10.45409, 2.17268],
			"to": [7.41318, 10.55207, 3.15253],
			"rotation": {"angle": 0, "axis": "y", "origin": [7.33152, 10.50308, 2.6626]},
			"faces": {
				"north": {"uv": [13.5, 4.25, 15.375, 4.875], "texture": "#0"},
				"east": {"uv": [12.5, 0.125, 15, 1], "texture": "#0"},
				"south": {"uv": [12.375, 1.625, 15.375, 2.25], "texture": "#0"},
				"west": {"uv": [13.125, 3.875, 15.75, 5], "texture": "#0"},
				"up": {"uv": [12.125, 2.5, 14.875, 3.375], "rotation": 270, "texture": "#0"},
				"down": {"uv": [0, 0.125, 0.375, 0.1625], "rotation": 90, "texture": "#0"}
			}
		},
		{
			"from": [7.31519, 10.55207, 2.20534],
			"to": [7.41318, 10.65006, 3.02188],
			"rotation": {"angle": 0, "axis": "y", "origin": [7.33152, 10.50308, 2.6626]},
			"faces": {
				"north": {"uv": [13.5, 4.25, 15.375, 4.875], "texture": "#0"},
				"east": {"uv": [12.5, 0.125, 15, 1], "texture": "#0"},
				"south": {"uv": [12.375, 1.625, 15.375, 2.25], "texture": "#0"},
				"west": {"uv": [13.125, 3.875, 15.75, 5], "texture": "#0"},
				"up": {"uv": [12.125, 2.5, 14.875, 3.375], "rotation": 270, "texture": "#0"},
				"down": {"uv": [0, 0.125, 0.3125, 0.1625], "rotation": 90, "texture": "#0"}
			}
		},
		{
			"from": [7.31519, 10.65006, 2.20534],
			"to": [7.41318, 10.74804, 2.79325],
			"rotation": {"angle": 0, "axis": "y", "origin": [7.33152, 10.50308, 2.6626]},
			"faces": {
				"north": {"uv": [13.5, 4.25, 15.375, 4.875], "texture": "#0"},
				"east": {"uv": [12.5, 0.125, 15, 1], "texture": "#0"},
				"south": {"uv": [12.375, 1.625, 15.375, 2.25], "texture": "#0"},
				"west": {"uv": [13.125, 3.875, 15.75, 5], "texture": "#0"},
				"up": {"uv": [12.125, 2.5, 14.875, 3.375], "rotation": 270, "texture": "#0"},
				"down": {"uv": [0, 0.125, 0.225, 0.1625], "rotation": 90, "texture": "#0"}
			}
		},
		{
			"from": [7.35439, 9.15938, 6.32072],
			"to": [7.68754, 10.49198, 6.4873],
			"rotation": {"angle": 0, "axis": "y", "origin": [6.68809, 9.85834, 6.98702]},
			"faces": {
				"north": {"uv": [3.875, 13.75, 5.625, 15], "texture": "#0"},
				"east": {"uv": [2.625, 13.75, 5.125, 15], "texture": "#0"},
				"south": {"uv": [3.75, 13.75, 7.375, 15], "texture": "#0"},
				"west": {"uv": [1.625, 0, 1.6875, 0.5], "texture": "#0"},
				"up": {"uv": [4.875, 13.75, 7.375, 15], "rotation": 270, "texture": "#0"},
				"down": {"uv": [0, 0.125, 0.0625, 0.25], "rotation": 90, "texture": "#0"}
			}
		},
		{
			"from": [7.35439, 9.57581, 6.32072],
			"to": [7.78748, 10.40869, 6.4873],
			"rotation": {"angle": 0, "axis": "y", "origin": [6.68809, 8.75894, 7.98647]},
			"faces": {
				"north": {"uv": [3.875, 13.75, 5.625, 15], "texture": "#0"},
				"east": {"uv": [2.625, 13.75, 5.125, 15], "texture": "#0"},
				"south": {"uv": [3.75, 13.75, 7.375, 15], "texture": "#0"},
				"west": {"uv": [1.625, 0, 1.6875, 0.3125], "texture": "#0"},
				"up": {"uv": [4.875, 13.75, 7.375, 15], "rotation": 270, "texture": "#0"},
				"down": {"uv": [0, 0.1625, 0.0625, 0.325], "rotation": 90, "texture": "#0"}
			}
		},
		{
			"from": [7.35439, 9.52584, 6.32072],
			"to": [7.85411, 10.19214, 6.4873],
			"rotation": {"angle": 0, "axis": "y", "origin": [6.7214, 9.77505, 6.98702]},
			"faces": {
				"north": {"uv": [3.875, 13.75, 5.625, 15], "texture": "#0"},
				"east": {"uv": [2.5, 13.75, 3.125, 15], "texture": "#0"},
				"south": {"uv": [3.75, 13.75, 7.375, 15], "texture": "#0"},
				"west": {"uv": [1.625, 0, 1.6875, 0.25], "texture": "#0"},
				"up": {"uv": [4.875, 13.75, 7.375, 15], "rotation": 270, "texture": "#0"},
				"down": {"uv": [0, 0.1875, 0.0625, 0.375], "rotation": 90, "texture": "#0"}
			}
		},
		{
			"from": [7.35439, 9.49253, 6.32072],
			"to": [7.8208, 10.3254, 6.4873],
			"rotation": {"angle": 0, "axis": "y", "origin": [6.68809, 8.75894, 7.98647]},
			"faces": {
				"north": {"uv": [3.875, 13.75, 5.625, 15], "texture": "#0"},
				"east": {"uv": [2.5, 13.75, 3.625, 14.875], "texture": "#0"},
				"south": {"uv": [3.75, 13.75, 7.375, 15], "texture": "#0"},
				"west": {"uv": [1.625, 0, 1.6875, 0.3125], "texture": "#0"},
				"up": {"uv": [4.875, 13.75, 7.375, 15], "rotation": 270, "texture": "#0"},
				"down": {"uv": [0, 0.175, 0.0625, 0.35], "rotation": 90, "texture": "#0"}
			}
		},
		{
			"from": [7.35439, 9.52584, 7.85582],
			"to": [7.85411, 10.19214, 8.0224],
			"rotation": {"angle": 0, "axis": "y", "origin": [6.7214, 9.77505, 6.98702]},
			"faces": {
				"north": {"uv": [3.875, 13.75, 5.625, 15], "texture": "#0"},
				"east": {"uv": [2.5, 13.75, 5, 15], "texture": "#0"},
				"south": {"uv": [3.75, 13.75, 7.375, 15], "texture": "#0"},
				"west": {"uv": [1.625, 0, 1.6875, 0.25], "texture": "#0"},
				"up": {"uv": [4.875, 13.75, 7.375, 15], "rotation": 270, "texture": "#0"},
				"down": {"uv": [0, 0.1875, 0.0625, 0.375], "rotation": 90, "texture": "#0"}
			}
		},
		{
			"from": [7.35439, 9.57581, 7.85582],
			"to": [7.78748, 10.40869, 8.0224],
			"rotation": {"angle": 0, "axis": "y", "origin": [6.68809, 8.75894, 7.98647]},
			"faces": {
				"north": {"uv": [3.875, 13.75, 5.625, 15], "texture": "#0"},
				"east": {"uv": [2.625, 13.75, 5.125, 15], "texture": "#0"},
				"south": {"uv": [3.75, 13.75, 7.375, 15], "texture": "#0"},
				"west": {"uv": [1.625, 0, 1.6875, 0.3125], "texture": "#0"},
				"up": {"uv": [4.875, 13.75, 7.375, 15], "rotation": 270, "texture": "#0"},
				"down": {"uv": [0, 0.1625, 0.0625, 0.325], "rotation": 90, "texture": "#0"}
			}
		},
		{
			"from": [7.35439, 9.49253, 7.85582],
			"to": [7.8208, 10.3254, 8.0224],
			"rotation": {"angle": 0, "axis": "y", "origin": [6.68809, 8.75894, 7.98647]},
			"faces": {
				"north": {"uv": [3.875, 13.75, 5.625, 15], "texture": "#0"},
				"east": {"uv": [2.5, 13.75, 3.625, 14.875], "texture": "#0"},
				"south": {"uv": [3.75, 13.75, 7.375, 15], "texture": "#0"},
				"west": {"uv": [1.625, 0, 1.6875, 0.3125], "texture": "#0"},
				"up": {"uv": [4.875, 13.75, 7.375, 15], "rotation": 270, "texture": "#0"},
				"down": {"uv": [0, 0.175, 0.0625, 0.35], "rotation": 90, "texture": "#0"}
			}
		},
		{
			"from": [7.35439, 9.15938, 7.85582],
			"to": [7.68754, 10.49198, 8.0224],
			"rotation": {"angle": 0, "axis": "y", "origin": [6.68809, 9.85834, 6.98702]},
			"faces": {
				"north": {"uv": [3.875, 13.75, 5.625, 15], "texture": "#0"},
				"east": {"uv": [2.625, 13.75, 5.125, 15], "texture": "#0"},
				"south": {"uv": [3.75, 13.75, 7.375, 15], "texture": "#0"},
				"west": {"uv": [1.625, 0, 1.6875, 0.5], "texture": "#0"},
				"up": {"uv": [4.875, 13.75, 7.375, 15], "rotation": 270, "texture": "#0"},
				"down": {"uv": [0, 0.125, 0.0625, 0.25], "rotation": 90, "texture": "#0"}
			}
		},
		{
			"from": [7.0539, 10.45409, 10.6974],
			"to": [7.64181, 10.51941, 11.02401],
			"rotation": {"angle": 0, "axis": "y", "origin": [7.34785, 9.80085, 7.00662]},
			"faces": {
				"north": {"uv": [0, 0, 0.225, 0.025], "texture": "#0"},
				"east": {"uv": [3.75, 0.25, 6, 1], "texture": "#0"},
				"south": {"uv": [0, 0, 0.225, 0.025], "texture": "#0"},
				"west": {"uv": [0, 0, 0.125, 0.025], "texture": "#0"},
				"up": {"uv": [0, 0, 0.125, 0.225], "rotation": 270, "texture": "#0"},
				"down": {"uv": [0, 0, 0.125, 0.225], "rotation": 90, "texture": "#0"}
			}
		},
		{
			"from": [7.0539, 10.51941, 10.6974],
			"to": [7.31519, 10.55207, 11.02401],
			"rotation": {"angle": 0, "axis": "y", "origin": [7.34785, 9.80085, 7.00662]},
			"faces": {
				"north": {"uv": [0, 0, 0.1, 0.0125], "texture": "#0"},
				"east": {"uv": [0, 0, 0.125, 0.0125], "texture": "#0"},
				"south": {"uv": [0, 0, 0.1, 0.0125], "texture": "#0"},
				"west": {"uv": [0, 0, 0.125, 0.0125], "texture": "#0"},
				"up": {"uv": [0, 0, 0.125, 0.1], "rotation": 270, "texture": "#0"},
				"down": {"uv": [0, 0, 0.125, 0.1], "rotation": 90, "texture": "#0"}
			}
		},
		{
			"from": [7.0539, 10.55207, 10.6974],
			"to": [7.24987, 10.58473, 11.02401],
			"rotation": {"angle": 0, "axis": "y", "origin": [7.34785, 9.80085, 7.00662]},
			"faces": {
				"north": {"uv": [0, 0, 0.075, 0.0125], "texture": "#0"},
				"east": {"uv": [0, 0, 0.125, 0.0125], "texture": "#0"},
				"south": {"uv": [0, 0, 0.075, 0.0125], "texture": "#0"},
				"west": {"uv": [0, 0, 0.125, 0.0125], "texture": "#0"},
				"up": {"uv": [0, 0, 0.125, 0.075], "rotation": 270, "texture": "#0"},
				"down": {"uv": [0, 0, 0.125, 0.075], "rotation": 90, "texture": "#0"}
			}
		},
		{
			"from": [7.0539, 10.58473, 10.6974],
			"to": [7.21721, 10.6174, 11.02401],
			"rotation": {"angle": 0, "axis": "y", "origin": [7.34785, 9.80085, 7.00662]},
			"faces": {
				"north": {"uv": [0, 0, 0.0625, 0.0125], "texture": "#0"},
				"east": {"uv": [0, 0, 0.125, 0.0125], "texture": "#0"},
				"south": {"uv": [0, 0, 0.0625, 0.0125], "texture": "#0"},
				"west": {"uv": [0, 0, 0.125, 0.0125], "texture": "#0"},
				"up": {"uv": [0, 0, 0.125, 0.0625], "rotation": 270, "texture": "#0"},
				"down": {"uv": [0, 0, 0.125, 0.0625], "rotation": 90, "texture": "#0"}
			}
		},
		{
			"from": [7.44584, 10.55207, 10.6974],
			"to": [7.64181, 10.58473, 11.02401],
			"rotation": {"angle": 0, "axis": "y", "origin": [6.69462, 9.80085, 7.00662]},
			"faces": {
				"north": {"uv": [0.075, 0, 0.15, 0.0125], "texture": "#0"},
				"east": {"uv": [0.125, 0, 0.25, 0.0125], "texture": "#0"},
				"south": {"uv": [0.075, 0, 0.15, 0.0125], "texture": "#0"},
				"west": {"uv": [0.125, 0, 0.25, 0.0125], "texture": "#0"},
				"up": {"uv": [0, 0.075, 0.125, 0.15], "rotation": 270, "texture": "#0"},
				"down": {"uv": [0, 0.075, 0.125, 0.15], "rotation": 90, "texture": "#0"}
			}
		},
		{
			"from": [7.4785, 10.58473, 10.6974],
			"to": [7.64181, 10.6174, 11.02401],
			"rotation": {"angle": 0, "axis": "y", "origin": [6.69462, 9.80085, 7.00662]},
			"faces": {
				"north": {"uv": [0.0625, 0, 0.125, 0.0125], "texture": "#0"},
				"east": {"uv": [0.125, 0, 0.25, 0.0125], "texture": "#0"},
				"south": {"uv": [0.0625, 0, 0.125, 0.0125], "texture": "#0"},
				"west": {"uv": [0.125, 0, 0.25, 0.0125], "texture": "#0"},
				"up": {"uv": [0, 0.0625, 0.125, 0.125], "rotation": 270, "texture": "#0"},
				"down": {"uv": [0, 0.0625, 0.125, 0.125], "rotation": 90, "texture": "#0"}
			}
		},
		{
			"from": [7.38051, 10.51941, 10.6974],
			"to": [7.64181, 10.55207, 11.02401],
			"rotation": {"angle": 0, "axis": "y", "origin": [6.69462, 9.80085, 7.00662]},
			"faces": {
				"north": {"uv": [0.1, 0, 0.2, 0.0125], "texture": "#0"},
				"east": {"uv": [0.125, 0, 2.75, 0.875], "texture": "#0"},
				"south": {"uv": [0.1, 0, 0.2, 0.0125], "texture": "#0"},
				"west": {"uv": [0.125, 0, 0.25, 0.0125], "texture": "#0"},
				"up": {"uv": [0, 0.1, 0.125, 0.2], "rotation": 270, "texture": "#0"},
				"down": {"uv": [0, 0.1, 0.125, 0.2], "rotation": 90, "texture": "#0"}
			}
		},
		{
			"from": [7.02124, 8.62503, 2.10735],
			"to": [7.67447, 9.21294, 11.51394],
			"rotation": {"angle": 0, "axis": "y", "origin": [7.34785, 8.90265, 6.76165]},
			"faces": {
				"north": {"uv": [0, 13.75, 2.5, 15], "texture": "#0"},
				"east": {"uv": [0, 12.5, 8.75, 13.75], "texture": "#0"},
				"south": {"uv": [0.125, 0, 0.375, 0.225], "texture": "#0"},
				"west": {"uv": [0, 12.5, 8.75, 13.75], "texture": "#0"},
				"up": {"uv": [0, 0.125, 3.6, 0.375], "rotation": 270, "texture": "#0"},
				"down": {"uv": [0, 12.5, 8.75, 13.75], "rotation": 90, "texture": "#0"}
			}
		},
		{
			"from": [6.85793, 8.65769, 3.90375],
			"to": [7.83778, 9.14762, 11.41596],
			"rotation": {"angle": 0, "axis": "y", "origin": [7.34785, 8.90265, 7.65985]},
			"faces": {
				"north": {"uv": [0, 13.75, 2.5, 15], "texture": "#0"},
				"east": {"uv": [0, 11, 8.125, 12.25], "texture": "#0"},
				"south": {"uv": [0.125, 0, 0.5, 0.1875], "texture": "#0"},
				"west": {"uv": [0, 11, 8.125, 12.25], "texture": "#0"},
				"up": {"uv": [0, 0.125, 2.875, 0.5], "rotation": 270, "texture": "#0"},
				"down": {"uv": [0, 11, 8.125, 12.25], "rotation": 90, "texture": "#0"}
			}
		},
		{
			"from": [6.85793, 9.57222, 11.41596],
			"to": [7.0539, 10.06215, 11.48128],
			"rotation": {"angle": 0, "axis": "y", "origin": [7.38051, 9.68654, 10.92603]},
			"faces": {
				"north": {"uv": [0.1875, 0, 0.2625, 0.1875], "texture": "#0"},
				"east": {"uv": [1.625, 0, 1.65, 0.1875], "texture": "#0"},
				"south": {"uv": [0.125, 0, 4.625, 1.125], "texture": "#0"},
				"west": {"uv": [14.125, 6.25, 16, 6.875], "texture": "#0"},
				"up": {"uv": [0, 0.125, 2.75, 1.125], "rotation": 270, "texture": "#0"},
				"down": {"uv": [0, 0.1875, 0.025, 0.2625], "rotation": 90, "texture": "#0"}
			}
		},
		{
			"from": [7.54382, 10.6174, 10.6974],
			"to": [7.57649, 10.78071, 11.02401],
			"rotation": {"angle": 0, "axis": "y", "origin": [6.69462, 9.80085, 7.00662]},
			"faces": {
				"north": {"uv": [0.0625, 0, 0.075, 0.0625], "texture": "#0"},
				"east": {"uv": [0.125, 0, 0.25, 0.0625], "texture": "#0"},
				"south": {"uv": [10.625, 0, 11.25, 2.25], "texture": "#0"},
				"west": {"uv": [0.125, 0, 0.25, 0.0625], "texture": "#0"},
				"up": {"uv": [0, 0.0625, 0.125, 0.075], "rotation": 270, "texture": "#0"},
				"down": {"uv": [0, 0.0625, 0.125, 0.075], "rotation": 90, "texture": "#0"}
			}
		},
		{
			"from": [7.11922, 10.6174, 10.6974],
			"to": [7.15188, 10.78071, 11.02401],
			"rotation": {"angle": 0, "axis": "y", "origin": [6.69462, 9.80085, 7.00662]},
			"faces": {
				"north": {"uv": [0.0625, 0, 0.075, 0.0625], "texture": "#0"},
				"east": {"uv": [0.125, 0, 0.25, 0.0625], "texture": "#0"},
				"south": {"uv": [10.625, 0, 11.25, 2.25], "texture": "#0"},
				"west": {"uv": [0.125, 0, 0.25, 0.0625], "texture": "#0"},
				"up": {"uv": [0, 0.0625, 0.125, 0.075], "rotation": 270, "texture": "#0"},
				"down": {"uv": [0, 0.0625, 0.125, 0.075], "rotation": 90, "texture": "#0"}
			}
		},
		{
			"from": [6.85793, 8.49438, 5.43885],
			"to": [7.83778, 8.65769, 11.64459],
			"rotation": {"angle": 0, "axis": "y", "origin": [7.34785, 8.90265, 7.65985]},
			"faces": {
				"north": {"uv": [0, 15, 8.75, 15.375], "texture": "#0"},
				"east": {"uv": [0, 15, 8.75, 15.375], "texture": "#0"},
				"south": {"uv": [0, 15.875, 3.125, 16], "texture": "#0"},
				"west": {"uv": [0, 15, 8.75, 15.375], "texture": "#0"},
				"up": {"uv": [0, 12.5, 8.75, 13.75], "rotation": 270, "texture": "#0"},
				"down": {"uv": [0, 12.5, 8.75, 13.75], "rotation": 90, "texture": "#0"}
			}
		},
		{
			"from": [6.85793, 8.33107, 5.63482],
			"to": [7.83778, 8.49438, 11.84056],
			"rotation": {"angle": 0, "axis": "y", "origin": [7.34785, 8.90265, 7.65985]},
			"faces": {
				"north": {"uv": [0, 15.375, 8.75, 15.75], "texture": "#0"},
				"east": {"uv": [0, 15.375, 8.75, 15.75], "texture": "#0"},
				"south": {"uv": [0, 15.5, 3.125, 15.75], "texture": "#0"},
				"west": {"uv": [0, 15.375, 8.75, 15.75], "texture": "#0"},
				"up": {"uv": [0, 12.5, 8.75, 13.75], "rotation": 270, "texture": "#0"},
				"down": {"uv": [0, 12.5, 8.75, 13.75], "rotation": 90, "texture": "#0"}
			}
		},
		{
			"from": [6.85793, 8.16776, 5.86346],
			"to": [7.83778, 8.33107, 12.06919],
			"rotation": {"angle": 0, "axis": "y", "origin": [7.34785, 8.90265, 7.65985]},
			"faces": {
				"north": {"uv": [0, 15.75, 8.75, 16], "texture": "#0"},
				"east": {"uv": [0, 15.75, 8.75, 16], "texture": "#0"},
				"south": {"uv": [0, 15, 3.125, 15.375], "texture": "#0"},
				"west": {"uv": [0, 15.75, 8.75, 16], "texture": "#0"},
				"up": {"uv": [0, 12.5, 8.75, 13.75], "rotation": 270, "texture": "#0"},
				"down": {"uv": [0, 12.5, 8.75, 13.75], "rotation": 90, "texture": "#0"}
			}
		},
		{
			"from": [6.85793, 8.00446, 7.95381],
			"to": [7.83778, 8.16776, 11.87322],
			"rotation": {"angle": 0, "axis": "y", "origin": [7.34785, 8.90265, 7.65985]},
			"faces": {
				"north": {"uv": [0, 15, 4.375, 15.375], "texture": "#0"},
				"east": {"uv": [0, 15, 4.375, 15.375], "texture": "#0"},
				"south": {"uv": [0, 15, 3.125, 15.375], "texture": "#0"},
				"west": {"uv": [0, 15, 8.75, 15.375], "texture": "#0"},
				"up": {"uv": [0, 0.125, 1.5, 0.5], "rotation": 270, "texture": "#0"},
				"down": {"uv": [0, 12.5, 8.5, 13.75], "rotation": 90, "texture": "#0"}
			}
		},
		{
			"from": [6.89059, 7.84115, 8.41107],
			"to": [7.80512, 8.00446, 11.67725],
			"rotation": {"angle": 0, "axis": "y", "origin": [7.34785, 8.90265, 7.65985]},
			"faces": {
				"north": {"uv": [0, 15.375, 1.875, 15.75], "texture": "#0"},
				"east": {"uv": [0, 15.375, 4.375, 15.75], "texture": "#0"},
				"south": {"uv": [0, 15.375, 3.125, 15.75], "texture": "#0"},
				"west": {"uv": [0, 15.375, 8.75, 15.75], "texture": "#0"},
				"up": {"uv": [0, 0.125, 1.25, 0.475], "rotation": 270, "texture": "#0"},
				"down": {"uv": [0, 12.5, 8.75, 13.75], "rotation": 90, "texture": "#0"}
			}
		},
		{
			"from": [6.92325, 7.67784, 8.4764],
			"to": [7.77246, 7.84115, 11.41596],
			"rotation": {"angle": 0, "axis": "y", "origin": [7.34785, 8.90265, 7.65985]},
			"faces": {
				"north": {"uv": [0, 15.75, 4.375, 16], "texture": "#0"},
				"east": {"uv": [0, 15.75, 3.75, 16], "texture": "#0"},
				"south": {"uv": [0, 15.75, 3.125, 16], "texture": "#0"},
				"west": {"uv": [0, 15.75, 8.75, 16], "texture": "#0"},
				"up": {"uv": [0, 0.125, 1.125, 0.45], "rotation": 270, "texture": "#0"},
				"down": {"uv": [0, 12.5, 8.75, 13.75], "rotation": 90, "texture": "#0"}
			}
		},
		{
			"from": [7.11922, 4.21569, 9.29294],
			"to": [7.60915, 8.1351, 11.41596],
			"rotation": {"angle": -22.5, "axis": "x", "origin": [7.34785, 6.56734, 10.14215]},
			"faces": {
				"north": {"uv": [9.125, 10, 10.625, 16], "texture": "#0"},
				"east": {"uv": [9.125, 10, 10.625, 16], "texture": "#0"},
				"south": {"uv": [9.125, 10, 10.625, 16], "texture": "#0"},
				"west": {"uv": [9.125, 10, 10.625, 16], "texture": "#0"},
				"up": {"uv": [0, 0.125, 0.8125, 0.3125], "rotation": 270, "texture": "#0"},
				"down": {"uv": [9.125, 10, 10.625, 16], "rotation": 90, "texture": "#0"}
			}
		},
		{
			"from": [7.02124, 7.2859, 6.81065],
			"to": [7.67447, 8.26575, 7.13726],
			"rotation": {"angle": -22.5, "axis": "x", "origin": [7.34785, 7.77582, 6.2554]},
			"faces": {
				"north": {"uv": [0.125, 0, 2.125, 1], "texture": "#0"},
				"east": {"uv": [0, 0.125, 2.625, 1.125], "texture": "#0"},
				"south": {"uv": [0.125, 0, 3.125, 1], "texture": "#0"},
				"west": {"uv": [1.625, 0, 4.5, 0.875], "texture": "#0"},
				"up": {"uv": [0, 0.125, 0.125, 0.375], "rotation": 270, "texture": "#0"},
				"down": {"uv": [0, 0.125, 0.125, 0.375], "rotation": 90, "texture": "#0"}
			}
		},
		{
			"from": [6.98857, 4.21569, 9.35826],
			"to": [7.73979, 8.1351, 11.31797],
			"rotation": {"angle": -22.5, "axis": "x", "origin": [7.34785, 6.56734, 10.14215]},
			"faces": {
				"north": {"uv": [10.625, 10, 13.5, 16], "texture": "#0"},
				"east": {"uv": [10.625, 10, 13.5, 16], "texture": "#0"},
				"south": {"uv": [10.625, 10, 13.5, 16], "texture": "#0"},
				"west": {"uv": [10.625, 10, 13.5, 16], "texture": "#0"},
				"up": {"uv": [0, 0.125, 0.75, 0.4125], "rotation": 270, "texture": "#0"},
				"down": {"uv": [10.625, 10, 13.5, 16], "rotation": 90, "texture": "#0"}
			}
		},
		{
			"from": [7.02124, 6.40031, 7.02079],
			"to": [7.67447, 7.38016, 7.3474],
			"rotation": {"angle": -45, "axis": "x", "origin": [7.34785, 7.3475, 6.85748]},
			"faces": {
				"north": {"uv": [0.125, 0, 2.25, 0.875], "texture": "#0"},
				"east": {"uv": [1.625, 0, 4.625, 1], "texture": "#0"},
				"south": {"uv": [0.125, 0, 2.5, 0.875], "texture": "#0"},
				"west": {"uv": [1.625, 0, 4, 1.125], "texture": "#0"},
				"up": {"uv": [0, 0.125, 0.125, 0.375], "rotation": 270, "texture": "#0"},
				"down": {"uv": [0, 0.125, 0.125, 0.375], "rotation": 90, "texture": "#0"}
			}
		},
		{
			"from": [7.02124, 6.83941, 7.58632],
			"to": [7.67447, 7.16603, 9.54603],
			"rotation": {"angle": 0, "axis": "z", "origin": [7.34785, 6.9374, 8.27222]},
			"faces": {
				"north": {"uv": [0, 0.125, 0.125, 0.375], "rotation": 90, "texture": "#0"},
				"east": {"uv": [1.625, 0, 3.75, 1.125], "rotation": 90, "texture": "#0"},
				"south": {"uv": [0, 0.125, 0.125, 0.375], "rotation": 90, "texture": "#0"},
				"west": {"uv": [0, 0, 2.5, 1.125], "rotation": 270, "texture": "#0"},
				"up": {"uv": [0.125, 0, 3.125, 1.125], "texture": "#0"},
				"down": {"uv": [0.125, 0, 0.375, 0.75], "rotation": 180, "texture": "#0"}
			}
		},
		{
			"from": [6.85793, 8.65769, 11.41596],
			"to": [7.0539, 9.57222, 11.57926],
			"rotation": {"angle": 0, "axis": "y", "origin": [7.38051, 9.68654, 10.92603]},
			"faces": {
				"north": {"uv": [0.1875, 0, 0.2625, 0.35], "texture": "#0"},
				"east": {"uv": [1.625, 0, 1.6875, 0.35], "texture": "#0"},
				"south": {"uv": [0.125, 0, 2.875, 1], "texture": "#0"},
				"west": {"uv": [12.5, 6.875, 16, 7.5], "texture": "#0"},
				"up": {"uv": [0, 0.125, 2.625, 0.75], "rotation": 270, "texture": "#0"},
				"down": {"uv": [0, 0.1875, 0.0625, 0.2625], "rotation": 90, "texture": "#0"}
			}
		},
		{
			"from": [7.08656, 9.37625, 5.43885],
			"to": [7.73979, 10.3561, 10.33812],
			"rotation": {"angle": 0, "axis": "y", "origin": [7.31519, 9.7192, 7.00662]},
			"faces": {
				"north": {"uv": [0, 0, 0.25, 0.375], "texture": "#0"},
				"east": {"uv": [2.5, 13.75, 8.75, 15], "texture": "#0"},
				"south": {"uv": [0, 0, 0.25, 0.375], "texture": "#0"},
				"west": {"uv": [0, 0, 1.875, 0.375], "texture": "#0"},
				"up": {"uv": [2.5, 13.75, 8.75, 15], "rotation": 270, "texture": "#0"},
				"down": {"uv": [0, 0, 1.875, 0.25], "rotation": 90, "texture": "#0"}
			}
		},
		{
			"from": [7.08656, 8.65769, 11.44862],
			"to": [7.57649, 9.57222, 11.77523],
			"rotation": {"angle": 22.5, "axis": "x", "origin": [7.24987, 9.11496, 11.61193]},
			"faces": {
				"north": {"uv": [0.1875, 0, 0.375, 0.35], "texture": "#0"},
				"east": {"uv": [0, 12.625, 3.25, 13.75], "texture": "#0"},
				"south": {"uv": [0, 12.625, 3.375, 13.75], "texture": "#0"},
				"west": {"uv": [0, 11, 2.875, 11.75], "texture": "#0"},
				"up": {"uv": [0, 0.1875, 0.125, 0.375], "rotation": 270, "texture": "#0"},
				"down": {"uv": [0, 12.5, 3.25, 13.625], "rotation": 90, "texture": "#0"}
			}
		},
		{
			"from": [7.08656, 9.41476, 11.78264],
			"to": [7.57649, 9.90469, 12.10926],
			"rotation": {"angle": 22.5, "axis": "x", "origin": [7.24987, 9.56174, 11.91329]},
			"faces": {
				"north": {"uv": [0, 12.5, 3.25, 13.625], "texture": "#0"},
				"east": {"uv": [0, 12.5, 3.625, 13.375], "texture": "#0"},
				"south": {"uv": [0, 12.5, 3.625, 13.625], "texture": "#0"},
				"west": {"uv": [0, 12.5, 3.5, 13.625], "texture": "#0"},
				"up": {"uv": [0.125, 12.625, 2.5, 13.625], "rotation": 270, "texture": "#0"},
				"down": {"uv": [0, 0.1875, 0.125, 0.375], "rotation": 90, "texture": "#0"}
			}
		},
		{
			"from": [7.64181, 9.14762, 8.63971],
			"to": [7.80512, 10.29078, 11.38329],
			"rotation": {"angle": 0, "axis": "y", "origin": [6.69462, 9.7192, 10.07682]},
			"faces": {
				"north": {"uv": [0.0625, 0, 0.125, 0.4375], "texture": "#0"},
				"east": {"uv": [10.625, 6.25, 6.25, 7.5], "texture": "#0"},
				"south": {"uv": [0.0625, 0, 0.125, 0.4375], "texture": "#0"},
				"west": {"uv": [1.05, 0, 2.1, 0.4375], "texture": "#0"},
				"up": {"uv": [10.625, 5, 6.25, 6.25], "rotation": 270, "texture": "#0"},
				"down": {"uv": [0, 0.0625, 1.05, 0.125], "rotation": 90, "texture": "#0"}
			}
		},
		{
			"from": [7.64181, 9.14762, 10.27279],
			"to": [7.83778, 10.20912, 11.41596],
			"rotation": {"angle": 0, "axis": "y", "origin": [6.66196, 9.68654, 10.92603]},
			"faces": {
				"north": {"uv": [0.2625, 0, 0.3375, 0.40625], "texture": "#0"},
				"east": {"uv": [9, 7.5, 4.625, 8.75], "texture": "#0"},
				"south": {"uv": [0.25, 0, 5.125, 1], "texture": "#0"},
				"west": {"uv": [2.0625, 0, 2.5, 0.40625], "texture": "#0"},
				"up": {"uv": [10.625, 7.5, 6.25, 8.75], "rotation": 270, "texture": "#0"},
				"down": {"uv": [0, 0.2625, 0.4375, 0.3375], "rotation": 90, "texture": "#0"}
			}
		},
		{
			"from": [7.64181, 9.57222, 11.41596],
			"to": [7.83778, 10.06215, 11.48128],
			"rotation": {"angle": 0, "axis": "y", "origin": [6.66196, 9.68654, 10.92603]},
			"faces": {
				"north": {"uv": [0.2625, 0, 0.3375, 0.1875], "texture": "#0"},
				"east": {"uv": [14.125, 6.25, 16, 6.875], "texture": "#0"},
				"south": {"uv": [0.375, 0.25, 5, 1], "texture": "#0"},
				"west": {"uv": [2.075, 0, 2.1, 0.1875], "texture": "#0"},
				"up": {"uv": [0, 0.25, 3.125, 1], "rotation": 270, "texture": "#0"},
				"down": {"uv": [0, 0.2625, 0.025, 0.3375], "rotation": 90, "texture": "#0"}
			}
		},
		{
			"from": [7.64181, 9.55589, 8.63971],
			"to": [7.77246, 10.37243, 11.31797],
			"rotation": {"angle": 0, "axis": "y", "origin": [7.70713, 9.96416, 9.97884]},
			"faces": {
				"north": {"uv": [0.05, 0, 0.1, 0.3125], "texture": "#0"},
				"east": {"uv": [10.625, 3.75, 6.25, 5], "texture": "#0"},
				"south": {"uv": [0, 0, 2.375, 0.5], "texture": "#0"},
				"west": {"uv": [1.025, 0, 2.05, 0.3125], "texture": "#0"},
				"up": {"uv": [10.375, 2.5, 6.625, 3.75], "rotation": 270, "texture": "#0"},
				"down": {"uv": [0, 0.05, 1.025, 0.1], "rotation": 90, "texture": "#0"}
			}
		},
		{
			"from": [7.0539, 10.27445, 8.63971],
			"to": [7.64181, 10.37243, 11.31797],
			"rotation": {"angle": 0, "axis": "y", "origin": [7.57649, 10.32344, 9.97884]},
			"faces": {
				"north": {"uv": [0.05, 0, 0.275, 0.0375], "texture": "#0"},
				"east": {"uv": [1.025, 0, 2.05, 0.0375], "texture": "#0"},
				"south": {"uv": [0, 0, 2.625, 0.5], "texture": "#0"},
				"west": {"uv": [1.025, 0, 2.05, 0.0375], "texture": "#0"},
				"up": {"uv": [0, 0.05, 1.025, 0.275], "rotation": 270, "texture": "#0"},
				"down": {"uv": [0, 0.05, 1.025, 0.275], "rotation": 90, "texture": "#0"}
			}
		},
		{
			"from": [7.11922, 9.11237, 11.26247],
			"to": [7.51116, 9.6023, 11.7524],
			"rotation": {"angle": 0, "axis": "y", "origin": [7.33152, 9.58597, 12.01369]},
			"faces": {
				"north": {"uv": [0.1875, 0, 0.3375, 0.1875], "texture": "#0"},
				"east": {"uv": [1.625, 0, 1.8125, 0.1875], "texture": "#0"},
				"south": {"uv": [0.1875, 0, 0.3375, 0.1875], "texture": "#0"},
				"west": {"uv": [0, 12.5, 2.75, 13.625], "texture": "#0"},
				"up": {"uv": [0, 12.5, 3.25, 13.625], "rotation": 270, "texture": "#0"},
				"down": {"uv": [0, 0.1875, 0.1875, 0.3375], "rotation": 90, "texture": "#0"}
			}
		},
		{
			"from": [7.02124, 7.15525, 8.41107],
			"to": [7.67447, 8.46172, 9.06431],
			"rotation": {"angle": 0, "axis": "y", "origin": [7.34785, 7.80849, 8.73769]},
			"faces": {
				"north": {"uv": [0, 12.5, 2.75, 13.75], "texture": "#0"},
				"east": {"uv": [0, 12.5, 3.125, 13.75], "texture": "#0"},
				"south": {"uv": [0.125, 0, 0.375, 0.5], "texture": "#0"},
				"west": {"uv": [0, 12.5, 2.5, 13.75], "texture": "#0"},
				"up": {"uv": [0, 0.125, 0.25, 0.375], "rotation": 270, "texture": "#0"},
				"down": {"uv": [0, 0.125, 0.25, 0.375], "rotation": 90, "texture": "#0"}
			}
		},
		{
			"from": [7.18454, 7.15525, 7.75784],
			"to": [7.51116, 8.46172, 8.41107],
			"rotation": {"angle": 0, "axis": "y", "origin": [7.34785, 7.80849, 8.73769]},
			"faces": {
				"north": {"uv": [12, 1.375, 16, 2.5], "texture": "#0"},
				"east": {"uv": [12.625, 0, 16, 1.25], "texture": "#0"},
				"south": {"uv": [0.125, 0, 0.25, 0.5], "texture": "#0"},
				"west": {"uv": [11.625, 2.5, 15.375, 3.75], "texture": "#0"},
				"up": {"uv": [0, 0.125, 0.25, 0.25], "rotation": 270, "texture": "#0"},
				"down": {"uv": [0, 0.125, 0.25, 0.25], "rotation": 90, "texture": "#0"}
			}
		},
		{
			"from": [7.64181, 8.65769, 11.41596],
			"to": [7.83778, 9.57222, 11.57926],
			"rotation": {"angle": 0, "axis": "y", "origin": [7.38051, 9.68654, 10.92603]},
			"faces": {
				"north": {"uv": [0.1875, 0, 0.2625, 0.35], "texture": "#0"},
				"east": {"uv": [12.5, 6.875, 16, 7.5], "texture": "#0"},
				"south": {"uv": [0.125, 0, 3.625, 1], "texture": "#0"},
				"west": {"uv": [1.625, 0, 1.6875, 0.35], "texture": "#0"},
				"up": {"uv": [0, 0.1875, 0.0625, 0.2625], "rotation": 270, "texture": "#0"},
				"down": {"uv": [0, 0.1875, 0.0625, 0.2625], "rotation": 90, "texture": "#0"}
			}
		},
		{
			"from": [6.95591, 4.73828, 9.52157],
			"to": [7.77246, 8.00446, 11.15466],
			"rotation": {"angle": -22.5, "axis": "x", "origin": [7.34785, 6.56734, 10.14215]},
			"faces": {
				"north": {"uv": [13.5, 11, 16, 16], "texture": "#0"},
				"east": {"uv": [13.5, 11, 16, 16], "texture": "#0"},
				"south": {"uv": [13.5, 11, 16, 16], "texture": "#0"},
				"west": {"uv": [13.5, 11, 16, 16], "texture": "#0"},
				"up": {"uv": [0, 0.125, 0.625, 0.4375], "rotation": 270, "texture": "#0"},
				"down": {"uv": [13.5, 11, 16, 16], "rotation": 90, "texture": "#0"}
			}
		},
		{
			"from": [7.08656, 9.76819, 1.94404],
			"to": [7.57649, 10.25812, 6.84331],
			"rotation": {"angle": 0, "axis": "y", "origin": [7.31519, 9.7192, 7.00662]},
			"faces": {
				"north": {"uv": [2.625, 13.875, 7.875, 14.875], "texture": "#0"},
				"east": {"uv": [2.5, 13.75, 8, 14.875], "texture": "#0"},
				"south": {"uv": [0, 0, 0.1875, 0.1875], "texture": "#0"},
				"west": {"uv": [2.5, 13.875, 7, 14.875], "texture": "#0"},
				"up": {"uv": [2.5, 13.75, 6.75, 14.875], "rotation": 270, "texture": "#0"},
				"down": {"uv": [0, 0, 1.875, 0.1875], "rotation": 90, "texture": "#0"}
			}
		},
		{
			"from": [7.08656, 9.14762, 2.04203],
			"to": [7.57649, 9.63754, 6.94129],
			"rotation": {"angle": 0, "axis": "y", "origin": [7.31519, 9.7192, 7.00662]},
			"faces": {
				"north": {"uv": [2.625, 14.25, 6.125, 14.875], "texture": "#0"},
				"east": {"uv": [2.625, 13.875, 6.5, 14.875], "texture": "#0"},
				"south": {"uv": [0, 0, 0.1875, 0.1875], "texture": "#0"},
				"west": {"uv": [2.75, 13.875, 7, 14.625], "texture": "#0"},
				"up": {"uv": [2.5, 14, 6.5, 14.875], "rotation": 270, "texture": "#0"},
				"down": {"uv": [2.75, 13.75, 7.5, 14.875], "rotation": 90, "texture": "#0"}
			}
		},
		{
			"from": [7.08656, 4.05238, 9.35826],
			"to": [7.64181, 4.21569, 11.31797],
			"rotation": {"angle": -22.5, "axis": "x", "origin": [7.34785, 6.56734, 10.14215]},
			"faces": {
				"north": {"uv": [9.125, 10, 10.625, 16], "texture": "#0"},
				"east": {"uv": [9.125, 10, 10.625, 16], "texture": "#0"},
				"south": {"uv": [9.125, 10, 10.625, 16], "texture": "#0"},
				"west": {"uv": [9.125, 10, 10.625, 16], "texture": "#0"},
				"up": {"uv": [9.125, 10, 10.625, 16], "rotation": 270, "texture": "#0"},
				"down": {"uv": [9.125, 10, 10.625, 16], "rotation": 90, "texture": "#0"}
			}
		},
		{
			"from": [7.34785, 9.55589, 2.10735],
			"to": [7.77246, 10.37243, 6.35338],
			"rotation": {"angle": 0, "axis": "y", "origin": [6.69462, 8.72301, 7.98647]},
			"faces": {
				"north": {"uv": [13.75, 7.5, 12.75, 9.875], "texture": "#0"},
				"east": {"uv": [0, 3.75, 8.75, 5], "texture": "#0"},
				"south": {"uv": [0.1625, 0, 0.325, 0.3125], "texture": "#0"},
				"west": {"uv": [1.625, 0, 3.25, 0.3125], "texture": "#0"},
				"up": {"uv": [0, 2.5, 8.75, 3.75], "rotation": 270, "texture": "#0"},
				"down": {"uv": [0, 0.1625, 1.625, 0.325], "rotation": 90, "texture": "#0"}
			}
		}
	],
	"display": {
		"thirdperson_righthand": {
			"translation": [0, 0, 1]
		},
		"firstperson_righthand": {
			"rotation": [-2.5, 0, 0],
			"translation": [-8.4, 5.5, 6.75]
		},
		"gui": {
			"rotation": [0, -88, 0],
			"translation": [-0.5, 0, 0],
			"scale": [1.2, 1.2, 1.2]
		},
		"fixed": {
			"rotation": [-4, -90, -12]
		}
	}
}