{
	"credit": "Made with Blockbench",
	"textures": {
		"0": "new_item/28/pyramid",
		"particle": "new_item/28/pyramid"
	},
	"elements": [
		{
			"from": [7, 9, 7],
			"to": [9, 10, 9],
			"faces": {
				"north": {"uv": [0, 0, 9, 1], "texture": "#0"},
				"east": {"uv": [0, 0, 9, 1], "texture": "#0"},
				"south": {"uv": [0, 0, 9, 1], "texture": "#0"},
				"west": {"uv": [0, 0, 9, 1], "texture": "#0"},
				"up": {"uv": [0, 0, 9, 1], "rotation": 270, "texture": "#0"},
				"down": {"uv": [0, 0, 9, 1], "rotation": 90, "texture": "#0"}
			}
		},
		{
			"from": [5, 7, 5],
			"to": [11, 8, 11],
			"faces": {
				"north": {"uv": [0, 0, 9, 1], "texture": "#0"},
				"east": {"uv": [0, 0, 9, 1], "texture": "#0"},
				"south": {"uv": [0, 0, 9, 1], "texture": "#0"},
				"west": {"uv": [0, 0, 9, 1], "texture": "#0"},
				"up": {"uv": [0, 0, 9, 1], "rotation": 270, "texture": "#0"},
				"down": {"uv": [0, 0, 9, 1], "rotation": 90, "texture": "#0"}
			}
		},
		{
			"from": [6, 8, 6],
			"to": [10, 9, 10],
			"faces": {
				"north": {"uv": [0, 0, 9, 1], "texture": "#0"},
				"east": {"uv": [0, 0, 9, 1], "texture": "#0"},
				"south": {"uv": [0, 0, 9, 1], "texture": "#0"},
				"west": {"uv": [0, 0, 9, 1], "texture": "#0"},
				"up": {"uv": [0, 0, 9, 1], "texture": "#0"},
				"down": {"uv": [0, 0, 9, 1], "texture": "#0"}
			}
		},
		{
			"from": [4, 6, 4],
			"to": [12, 7, 12],
			"faces": {
				"north": {"uv": [0, 0, 9, 1], "texture": "#0"},
				"east": {"uv": [0, 0, 9, 1], "texture": "#0"},
				"south": {"uv": [0, 0, 9, 1], "texture": "#0"},
				"west": {"uv": [0, 0, 9, 1], "texture": "#0"},
				"up": {"uv": [0, 0, 9, 1], "rotation": 90, "texture": "#0"},
				"down": {"uv": [0, 0, 9, 1], "rotation": 270, "texture": "#0"}
			}
		},
		{
			"from": [0, 0, 0],
			"to": [16, 1, 16],
			"faces": {
				"north": {"uv": [0, 0, 9, 1], "texture": "#0"},
				"east": {"uv": [0, 0, 9, 1], "texture": "#0"},
				"south": {"uv": [0, 0, 9, 1], "texture": "#0"},
				"west": {"uv": [0, 0, 9, 1], "texture": "#0"},
				"up": {"uv": [0, 0, 9, 1], "rotation": 180, "texture": "#0"},
				"down": {"uv": [0, 0, 9, 1], "rotation": 180, "texture": "#0"}
			}
		},
		{
			"from": [1, 1, 1],
			"to": [15, 2, 15],
			"faces": {
				"north": {"uv": [0, 0, 9, 1], "texture": "#0"},
				"east": {"uv": [0, 0, 9, 1], "texture": "#0"},
				"south": {"uv": [0, 0, 9, 1], "texture": "#0"},
				"west": {"uv": [0, 0, 9, 1], "texture": "#0"},
				"up": {"uv": [0, 0, 9, 1], "texture": "#0"},
				"down": {"uv": [0, 0, 9, 1], "texture": "#0"}
			}
		},
		{
			"from": [2, 2, 2],
			"to": [14, 3, 14],
			"faces": {
				"north": {"uv": [0, 0, 9, 1], "rotation": 180, "texture": "#0"},
				"east": {"uv": [0, 0, 9, 1], "rotation": 180, "texture": "#0"},
				"south": {"uv": [0, 0, 9, 1], "rotation": 180, "texture": "#0"},
				"west": {"uv": [0, 0, 9, 1], "rotation": 180, "texture": "#0"},
				"up": {"uv": [0, 0, 9, 3], "rotation": 180, "texture": "#0"},
				"down": {"uv": [0, 0, 9, 1], "rotation": 180, "texture": "#0"}
			}
		},
		{
			"from": [0, -1, 0],
			"to": [16, 0, 16],
			"faces": {
				"north": {"uv": [0, 0, 9, 1], "rotation": 180, "texture": "#0"},
				"east": {"uv": [0, 0, 9, 1], "rotation": 180, "texture": "#0"},
				"south": {"uv": [0, 0, 9, 1], "rotation": 180, "texture": "#0"},
				"west": {"uv": [0, 0, 9, 1], "rotation": 180, "texture": "#0"},
				"up": {"uv": [0, 0, 9, 1], "texture": "#0"},
				"down": {"uv": [0, 0, 9, 1], "texture": "#0"}
			}
		},
		{
			"from": [1, -2, 1],
			"to": [15, -1, 15],
			"faces": {
				"north": {"uv": [0, 0, 9, 1], "rotation": 180, "texture": "#0"},
				"east": {"uv": [0, 0, 9, 1], "rotation": 180, "texture": "#0"},
				"south": {"uv": [0, 0, 9, 1], "rotation": 180, "texture": "#0"},
				"west": {"uv": [0, 0, 9, 1], "rotation": 180, "texture": "#0"},
				"up": {"uv": [0, 0, 9, 1], "rotation": 90, "texture": "#0"},
				"down": {"uv": [0, 0, 9, 1], "rotation": 270, "texture": "#0"}
			}
		},
		{
			"from": [2, -3, 2],
			"to": [14, -2, 14],
			"faces": {
				"north": {"uv": [0, 0, 9, 1], "rotation": 180, "texture": "#0"},
				"east": {"uv": [0, 0, 9, 1], "rotation": 180, "texture": "#0"},
				"south": {"uv": [0, 0, 9, 1], "rotation": 180, "texture": "#0"},
				"west": {"uv": [0, 0, 9, 1], "rotation": 180, "texture": "#0"},
				"up": {"uv": [0, 0, 9, 1], "texture": "#0"},
				"down": {"uv": [0, 0, 9, 1], "texture": "#0"}
			}
		},
		{
			"from": [7, -10, 7],
			"to": [9, -9, 9],
			"faces": {
				"north": {"uv": [0, 0, 9, 1], "rotation": 180, "texture": "#0"},
				"east": {"uv": [0, 0, 9, 1], "rotation": 180, "texture": "#0"},
				"south": {"uv": [0, 0, 9, 1], "rotation": 180, "texture": "#0"},
				"west": {"uv": [0, 0, 9, 1], "rotation": 180, "texture": "#0"},
				"up": {"uv": [0, 0, 9, 1], "texture": "#0"},
				"down": {"uv": [0, 0, 9, 1], "texture": "#0"}
			}
		},
		{
			"from": [5, -8, 5],
			"to": [11, -7, 11],
			"faces": {
				"north": {"uv": [0, 0, 9, 1], "rotation": 180, "texture": "#0"},
				"east": {"uv": [0, 0, 9, 1], "rotation": 180, "texture": "#0"},
				"south": {"uv": [0, 0, 9, 1], "rotation": 180, "texture": "#0"},
				"west": {"uv": [0, 0, 9, 1], "rotation": 180, "texture": "#0"},
				"up": {"uv": [0, 0, 9, 1], "texture": "#0"},
				"down": {"uv": [0, 0, 9, 1], "texture": "#0"}
			}
		},
		{
			"from": [6, -9, 6],
			"to": [10, -8, 10],
			"faces": {
				"north": {"uv": [0, 0, 9, 1], "rotation": 180, "texture": "#0"},
				"east": {"uv": [0, 0, 9, 1], "rotation": 180, "texture": "#0"},
				"south": {"uv": [0, 0, 9, 1], "rotation": 180, "texture": "#0"},
				"west": {"uv": [0, 0, 9, 1], "rotation": 180, "texture": "#0"},
				"up": {"uv": [0, 0, 9, 1], "texture": "#0"},
				"down": {"uv": [0, 0, 9, 1], "texture": "#0"}
			}
		},
		{
			"from": [4, -7, 4],
			"to": [12, -6, 12],
			"faces": {
				"north": {"uv": [0, 0, 9, 1], "rotation": 180, "texture": "#0"},
				"east": {"uv": [0, 0, 9, 1], "rotation": 180, "texture": "#0"},
				"south": {"uv": [0, 0, 9, 1], "rotation": 180, "texture": "#0"},
				"west": {"uv": [0, 0, 9, 1], "rotation": 180, "texture": "#0"},
				"up": {"uv": [0, 0, 9, 3], "texture": "#0"},
				"down": {"uv": [0, 0, 9, 1], "texture": "#0"}
			}
		}
	],
	"display": {
		"thirdperson_righthand": {
			"rotation": [68, 45, 0],
			"translation": [0, 2.25, 1.25],
			"scale": [0.2, 0.2, 0.2]
		},
		"firstperson_lefthand": {
			"translation": [2.5, 4.75, 1.75],
			"scale": [0.2, 0.2, 0.2]
		},
		"ground": {
			"translation": [0, 4.5, 0],
			"scale": [0.2, 0.2, 0.2]
		},
		"gui": {
			"rotation": [9, 45, 0],
			"translation": [0, 4.75, 0],
			"scale": [0.6, 0.6, 0.6]
		},
		"head": {
			"translation": [0, 11.5, 0],
			"scale": [0.2, 0.2, 0.2]
		},
		"fixed": {
			"translation": [0, 3.5, -3.5],
			"scale": [0.5, 0.5, 0.5]
		}
	},
	"groups": [
		{
			"name": "group",
			"children": [0, 1, 2, 3]
		},
		{
			"name": "group",
			"children": [4, 5, 6]
		},
		{
			"name": "group",
			"children": [7, 8, 9]
		},
		{
			"name": "group",
			"children": [10, 11, 12, 13]
		}
	]
}