{
	"credit": "Made with Blockbench",
	"parent": "item/generated",
	"textures": {
		"layer0": "new_item/29"
	},
	"display": {
		"thirdperson_righthand": {
			"translation": [0, 1.5, 0.25],
			"scale": [0.2, 0.2, 0.2]
		},
		"firstperson_righthand": {
			"rotation": [0, -48, 0],
			"translation": [2.75, 2, 1],
			"scale": [0.2, 0.2, 0.2]
		},
		"ground": {
			"translation": [0, 4.25, 0],
			"scale": [0.2, 0.2, 0.2]
		},
		"gui": {
			"translation": [0, 2, 0]
		},
		"head": {
			"translation": [0, 8, 0],
			"scale": [0.2, 0.2, 0.2]
		},
		"fixed": {
			"rotation": [0, 180, 0],
			"translation": [0, 0, -0.75],
			"scale": [0.4, 0.4, 0.4]
		}
	},
	"groups": [
		{
			"name": "29",
			"children": []
		}
	]
}