{
	"credit": "Made with Blockbench",
	"parent": "item/generated",
	"textures": {
		"layer0": "new_item/53"
	},
	"display": {
		"thirdperson_righthand": {
			"rotation": [0, -90, -90],
			"translation": [0, 1, 0],
			"scale": [0.2, 0.2, 0.2]
		},
		"thirdperson_lefthand": {
			"rotation": [0, 90, 90],
			"translation": [0, 1, 0],
			"scale": [0.2, 0.2, 0.2]
		},
		"firstperson_righthand": {
			"rotation": [0, -108, 0],
			"translation": [2.25, 2.75, 1.75],
			"scale": [0.2, 0.2, 0.2]
		},
		"firstperson_lefthand": {
			"rotation": [0, 70, 0],
			"translation": [2.25, 2.75, 1.75],
			"scale": [0.2, 0.2, 0.2]
		}
	}
}