{
	"__comment": "Designed by EX_WhiteDragon with Cubik Studio - https://cubik.studio",
	"textures": {
		"banshou": "nubx/banshou"
	},
	"elements": [ 	 
		{
			"__comment": "Voxels",
			"from": [ -14.5, 8, 26 ],
			"to": [ -11.5, 9.5, 29 ],
			"faces": {
				"down": { "uv": [ 0.75, 10.3125, 1.125, 10.6875 ], "texture": "#banshou" },
				"up": { "uv": [ 0.75, 13.375, 1.125, 13 ], "texture": "#banshou" },
				"north": { "uv": [ 2.625, 9.5625, 2.25, 9.75 ], "texture": "#banshou" },
				"south": { "uv": [ 2.25, 11.0625, 2.625, 11.25 ], "texture": "#banshou" },
				"west": { "uv": [ 2.25, 10.875, 2.625, 11.0625 ], "texture": "#banshou" },
				"east": { "uv": [ 2.625, 10.6875, 2.25, 10.875 ], "texture": "#banshou" }
			}
		},
		{
			"__comment": "Voxels",
			"from": [ -13, 7, 26 ],
			"to": [ -11.5, 8, 29 ],
			"faces": {
				"down": { "uv": [ 0.9375, 13.75, 1.125, 14.125 ], "texture": "#banshou" },
				"up": { "uv": [ 0.9375, 13.75, 1.125, 13.375 ], "texture": "#banshou" },
				"north": { "uv": [ 8.25, 11.6875, 8.0625, 11.8125 ], "texture": "#banshou" },
				"south": { "uv": [ 8.0625, 11.5625, 8.25, 11.6875 ], "texture": "#banshou" },
				"west": { "uv": [ 7.5, 9.5, 7.875, 9.625 ], "texture": "#banshou" },
				"east": { "uv": [ 7.5, 9.5, 7.125, 9.625 ], "texture": "#banshou" }
			}
		},
		{
			"__comment": "Voxels",
			"from": [ -13, 8, 24.5 ],
			"to": [ -5.5, 9.5, 26 ],
			"faces": {
				"down": { "uv": [ 2.625, 12.9375, 3.5625, 13.125 ], "texture": "#banshou" },
				"up": { "uv": [ 3.5625, 13.125, 4.5, 12.9375 ], "texture": "#banshou" },
				"north": { "uv": [ 4.5, 11.8125, 3.5625, 12 ], "texture": "#banshou" },
				"south": { "uv": [ 2.625, 11.625, 3.5625, 11.8125 ], "texture": "#banshou" },
				"west": { "uv": [ 7.875, 10.1875, 8.0625, 10.375 ], "texture": "#banshou" },
				"east": { "uv": [ 8.25, 14.6875, 8.0625, 14.875 ], "texture": "#banshou" }
			}
		},
		{
			"__comment": "Voxels",
			"from": [ -13, 8, 29 ],
			"to": [ -10, 9.5, 30.5 ],
			"faces": {
				"down": { "uv": [ 2.25, 10.3125, 2.625, 10.5 ], "texture": "#banshou" },
				"up": { "uv": [ 2.25, 10.3125, 2.625, 10.125 ], "texture": "#banshou" },
				"north": { "uv": [ 2.625, 9.9375, 2.25, 10.125 ], "texture": "#banshou" },
				"south": { "uv": [ 2.25, 9.75, 2.625, 9.9375 ], "texture": "#banshou" },
				"west": { "uv": [ 7.875, 11.3125, 8.0625, 11.5 ], "texture": "#banshou" },
				"east": { "uv": [ 8.0625, 11.5, 7.875, 11.6875 ], "texture": "#banshou" }
			}
		},
		{
			"__comment": "Voxels",
			"from": [ -13, 9.5, 26 ],
			"to": [ -11.5, 10.5, 29 ],
			"faces": {
				"down": { "uv": [ 6.75, 13.25, 6.9375, 13.625 ], "texture": "#banshou" },
				"up": { "uv": [ 6.9375, 13.625, 7.125, 13.25 ], "texture": "#banshou" },
				"north": { "uv": [ 8.25, 11.1875, 8.0625, 11.3125 ], "texture": "#banshou" },
				"south": { "uv": [ 8.0625, 11.0625, 8.25, 11.1875 ], "texture": "#banshou" },
				"west": { "uv": [ 2.25, 11.25, 2.625, 11.375 ], "texture": "#banshou" },
				"east": { "uv": [ 1.125, 14.6875, 0.75, 14.8125 ], "texture": "#banshou" }
			}
		},
		{
			"__comment": "Voxels",
			"from": [ -11.5, 7, 24.5 ],
			"to": [ -7, 8, 26 ],
			"faces": {
				"down": { "uv": [ 5.4375, 11.5, 6, 11.6875 ], "texture": "#banshou" },
				"up": { "uv": [ 5.4375, 11.5, 6, 11.3125 ], "texture": "#banshou" },
				"north": { "uv": [ 0.5625, 8, 0, 8.125 ], "texture": "#banshou" },
				"south": { "uv": [ 0.5625, 8, 1.125, 8.125 ], "texture": "#banshou" },
				"west": { "uv": [ 8.0625, 10.9375, 8.25, 11.0625 ], "texture": "#banshou" },
				"east": { "uv": [ 8.25, 10.8125, 8.0625, 10.9375 ], "texture": "#banshou" }
			}
		},
		{
			"__comment": "Voxels",
			"from": [ -11.5, 7, 27.5 ],
			"to": [ -10, 10.5, 29 ],
			"faces": {
				"down": { "uv": [ 7.875, 13.9375, 8.0625, 14.125 ], "texture": "#banshou" },
				"up": { "uv": [ 7.875, 14.3125, 8.0625, 14.125 ], "texture": "#banshou" },
				"north": { "uv": [ 4.3125, 8, 4.125, 8.4375 ], "texture": "#banshou" },
				"south": { "uv": [ 4.3125, 8, 4.5, 8.4375 ], "texture": "#banshou" },
				"west": { "uv": [ 5.0625, 8.0625, 5.25, 8.5 ], "texture": "#banshou" },
				"east": { "uv": [ 5.4375, 8.0625, 5.25, 8.5 ], "texture": "#banshou" }
			}
		},
		{
			"__comment": "Voxels",
			"from": [ -11.5, 8, 23 ],
			"to": [ -4, 9.5, 24.5 ],
			"faces": {
				"down": { "uv": [ 3.5625, 10.6875, 4.5, 10.875 ], "texture": "#banshou" },
				"up": { "uv": [ 2.625, 10.6875, 3.5625, 10.5 ], "texture": "#banshou" },
				"north": { "uv": [ 4.5, 9.75, 3.5625, 9.9375 ], "texture": "#banshou" },
				"south": { "uv": [ 2.625, 9.5625, 3.5625, 9.75 ], "texture": "#banshou" },
				"west": { "uv": [ 7.6875, 8.375, 7.875, 8.5625 ], "texture": "#banshou" },
				"east": { "uv": [ 7.3125, 8.375, 7.125, 8.5625 ], "texture": "#banshou" }
			}
		},
		{
			"__comment": "Voxels",
			"from": [ -11.5, 9.5, 24.5 ],
			"to": [ -7, 10.5, 26 ],
			"faces": {
				"down": { "uv": [ 5.4375, 9.25, 6, 9.4375 ], "texture": "#banshou" },
				"up": { "uv": [ 5.4375, 9.25, 6, 9.0625 ], "texture": "#banshou" },
				"north": { "uv": [ 5.0625, 8, 4.5, 8.125 ], "texture": "#banshou" },
				"south": { "uv": [ 5.4375, 8, 6, 8.125 ], "texture": "#banshou" },
				"west": { "uv": [ 8.0625, 10.6875, 8.25, 10.8125 ], "texture": "#banshou" },
				"east": { "uv": [ 8.25, 10.3125, 8.0625, 10.4375 ], "texture": "#banshou" }
			}
		},
		{
			"__comment": "Voxels",
			"from": [ -10, 7, 23 ],
			"to": [ -5.5, 8, 24.5 ],
			"faces": {
				"down": { "uv": [ 5.4375, 8.3125, 6, 8.5 ], "texture": "#banshou" },
				"up": { "uv": [ 5.4375, 8.3125, 6, 8.125 ], "texture": "#banshou" },
				"north": { "uv": [ 6.5625, 8, 6, 8.125 ], "texture": "#banshou" },
				"south": { "uv": [ 6.5625, 13.0625, 7.125, 13.1875 ], "texture": "#banshou" },
				"west": { "uv": [ 8.0625, 10.1875, 8.25, 10.3125 ], "texture": "#banshou" },
				"east": { "uv": [ 8.25, 10.0625, 8.0625, 10.1875 ], "texture": "#banshou" }
			}
		},
		{
			"__comment": "Voxels",
			"from": [ -10, 7, 26 ],
			"to": [ -8.5, 10.5, 27.5 ],
			"faces": {
				"down": { "uv": [ 7.125, 8.5625, 7.3125, 8.75 ], "texture": "#banshou" },
				"up": { "uv": [ 7.6875, 8.9375, 7.875, 8.75 ], "texture": "#banshou" },
				"north": { "uv": [ 6.375, 14.0625, 6.1875, 14.5 ], "texture": "#banshou" },
				"south": { "uv": [ 6.75, 14.0625, 6.9375, 14.5 ], "texture": "#banshou" },
				"west": { "uv": [ 6.5625, 14.0625, 6.75, 14.5 ], "texture": "#banshou" },
				"east": { "uv": [ 6.9375, 14.9375, 6.75, 15.375 ], "texture": "#banshou" }
			}
		},
		{
			"__comment": "Voxels",
			"from": [ -10, 8, 21.5 ],
			"to": [ -2.5, 9.5, 23 ],
			"faces": {
				"down": { "uv": [ 3.1875, 8.625, 4.125, 8.8125 ], "texture": "#banshou" },
				"up": { "uv": [ 3.1875, 8.625, 4.125, 8.4375 ], "texture": "#banshou" },
				"north": { "uv": [ 4.125, 8.25, 3.1875, 8.4375 ], "texture": "#banshou" },
				"south": { "uv": [ 4.5, 15.25, 5.4375, 15.4375 ], "texture": "#banshou" },
				"west": { "uv": [ 7.5, 8.75, 7.6875, 8.9375 ], "texture": "#banshou" },
				"east": { "uv": [ 7.5, 8.75, 7.3125, 8.9375 ], "texture": "#banshou" }
			}
		},
		{
			"__comment": "Voxels",
			"from": [ -10, 8, 27.5 ],
			"to": [ -8.5, 9.5, 29 ],
			"faces": {
				"down": { "uv": [ 5.25, 10, 5.4375, 10.1875 ], "texture": "#banshou" },
				"up": { "uv": [ 5.25, 11.875, 5.4375, 11.6875 ], "texture": "#banshou" },
				"north": { "uv": [ 5.4375, 11.875, 5.25, 12.0625 ], "texture": "#banshou" },
				"south": { "uv": [ 5.25, 12.0625, 5.4375, 12.25 ], "texture": "#banshou" },
				"west": { "uv": [ 5.25, 12.625, 5.4375, 12.8125 ], "texture": "#banshou" },
				"east": { "uv": [ 5.4375, 12.8125, 5.25, 13 ], "texture": "#banshou" }
			}
		},
		{
			"__comment": "Voxels",
			"from": [ -10, 9.5, 23 ],
			"to": [ -5.5, 10.5, 24.5 ],
			"faces": {
				"down": { "uv": [ 6, 13.375, 6.5625, 13.5625 ], "texture": "#banshou" },
				"up": { "uv": [ 6, 11.6875, 6.5625, 11.5 ], "texture": "#banshou" },
				"north": { "uv": [ 7.125, 12.5625, 6.5625, 12.6875 ], "texture": "#banshou" },
				"south": { "uv": [ 6.5625, 12.4375, 7.125, 12.5625 ], "texture": "#banshou" },
				"west": { "uv": [ 8.0625, 9.9375, 8.25, 10.0625 ], "texture": "#banshou" },
				"east": { "uv": [ 8.25, 9.8125, 8.0625, 9.9375 ], "texture": "#banshou" }
			}
		},
		{
			"__comment": "Voxels",
			"from": [ -8.5, 7, 21.5 ],
			"to": [ -4, 8, 23 ],
			"faces": {
				"down": { "uv": [ 6, 12.625, 6.5625, 12.8125 ], "texture": "#banshou" },
				"up": { "uv": [ 6, 12.625, 6.5625, 12.4375 ], "texture": "#banshou" },
				"north": { "uv": [ 7.125, 12.3125, 6.5625, 12.4375 ], "texture": "#banshou" },
				"south": { "uv": [ 6.5625, 12.1875, 7.125, 12.3125 ], "texture": "#banshou" },
				"west": { "uv": [ 8.0625, 9.6875, 8.25, 9.8125 ], "texture": "#banshou" },
				"east": { "uv": [ 8.25, 9.5625, 8.0625, 9.6875 ], "texture": "#banshou" }
			}
		},
		{
			"__comment": "Voxels",
			"from": [ -8.5, 8, 20 ],
			"to": [ -1, 9.5, 21.5 ],
			"faces": {
				"down": { "uv": [ 3.5625, 12.5625, 4.5, 12.75 ], "texture": "#banshou" },
				"up": { "uv": [ 4.5, 15.25, 5.4375, 15.0625 ], "texture": "#banshou" },
				"north": { "uv": [ 4.5, 12.375, 3.5625, 12.5625 ], "texture": "#banshou" },
				"south": { "uv": [ 2.625, 12.1875, 3.5625, 12.375 ], "texture": "#banshou" },
				"west": { "uv": [ 4.3125, 14.5, 4.5, 14.6875 ], "texture": "#banshou" },
				"east": { "uv": [ 4.5, 14.6875, 4.3125, 14.875 ], "texture": "#banshou" }
			}
		},
		{
			"__comment": "Voxels",
			"from": [ -8.5, 8, 26 ],
			"to": [ -7, 9.5, 27.5 ],
			"faces": {
				"down": { "uv": [ 2.4375, 12, 2.625, 12.1875 ], "texture": "#banshou" },
				"up": { "uv": [ 2.4375, 12.375, 2.625, 12.1875 ], "texture": "#banshou" },
				"north": { "uv": [ 2.625, 12.375, 2.4375, 12.5625 ], "texture": "#banshou" },
				"south": { "uv": [ 2.4375, 12.5625, 2.625, 12.75 ], "texture": "#banshou" },
				"west": { "uv": [ 2.4375, 13.125, 2.625, 13.3125 ], "texture": "#banshou" },
				"east": { "uv": [ 2.625, 13.3125, 2.4375, 13.5 ], "texture": "#banshou" }
			}
		},
		{
			"__comment": "Voxels",
			"from": [ -8.5, 9.5, 21.5 ],
			"to": [ -4, 10.5, 23 ],
			"faces": {
				"down": { "uv": [ 6, 10.9375, 6.5625, 11.125 ], "texture": "#banshou" },
				"up": { "uv": [ 6, 10.9375, 6.5625, 10.75 ], "texture": "#banshou" },
				"north": { "uv": [ 7.125, 12.0625, 6.5625, 12.1875 ], "texture": "#banshou" },
				"south": { "uv": [ 6.5625, 11.9375, 7.125, 12.0625 ], "texture": "#banshou" },
				"west": { "uv": [ 8.0625, 9.4375, 8.25, 9.5625 ], "texture": "#banshou" },
				"east": { "uv": [ 8.25, 9.3125, 8.0625, 9.4375 ], "texture": "#banshou" }
			}
		},
		{
			"__comment": "Voxels",
			"from": [ -7, 7, 20 ],
			"to": [ -2.5, 8, 21.5 ],
			"faces": {
				"down": { "uv": [ 6, 9.8125, 6.5625, 10 ], "texture": "#banshou" },
				"up": { "uv": [ 6, 9.8125, 6.5625, 9.625 ], "texture": "#banshou" },
				"north": { "uv": [ 7.125, 11.8125, 6.5625, 11.9375 ], "texture": "#banshou" },
				"south": { "uv": [ 6.5625, 11.6875, 7.125, 11.8125 ], "texture": "#banshou" },
				"west": { "uv": [ 8.0625, 9.1875, 8.25, 9.3125 ], "texture": "#banshou" },
				"east": { "uv": [ 8.25, 9.0625, 8.0625, 9.1875 ], "texture": "#banshou" }
			}
		},
		{
			"__comment": "Voxels",
			"from": [ -7, 8, 18.5 ],
			"to": [ 0.5, 9.5, 20 ],
			"faces": {
				"down": { "uv": [ 3.5625, 10.3125, 4.5, 10.5 ], "texture": "#banshou" },
				"up": { "uv": [ 2.625, 10.3125, 3.5625, 10.125 ], "texture": "#banshou" },
				"north": { "uv": [ 4.5, 10.125, 3.5625, 10.3125 ], "texture": "#banshou" },
				"south": { "uv": [ 2.625, 9.9375, 3.5625, 10.125 ], "texture": "#banshou" },
				"west": { "uv": [ 8.0625, 15.25, 8.25, 15.4375 ], "texture": "#banshou" },
				"east": { "uv": [ 8.25, 15.4375, 8.0625, 15.625 ], "texture": "#banshou" }
			}
		},
		{
			"__comment": "Voxels",
			"from": [ -7, 9.5, 20 ],
			"to": [ -2.5, 10.5, 21.5 ],
			"faces": {
				"down": { "uv": [ 2.625, 8.0625, 3.1875, 8.25 ], "texture": "#banshou" },
				"up": { "uv": [ 6, 8.3125, 6.5625, 8.125 ], "texture": "#banshou" },
				"north": { "uv": [ 7.125, 11.5625, 6.5625, 11.6875 ], "texture": "#banshou" },
				"south": { "uv": [ 6.5625, 11.4375, 7.125, 11.5625 ], "texture": "#banshou" },
				"west": { "uv": [ 8.0625, 8.9375, 8.25, 9.0625 ], "texture": "#banshou" },
				"east": { "uv": [ 8.25, 8.8125, 8.0625, 8.9375 ], "texture": "#banshou" }
			}
		},
		{
			"__comment": "Voxels",
			"from": [ -5.5, 7, 18.5 ],
			"to": [ -1, 8, 20 ],
			"faces": {
				"down": { "uv": [ 5.4375, 14.875, 6, 15.0625 ], "texture": "#banshou" },
				"up": { "uv": [ 5.4375, 14.875, 6, 14.6875 ], "texture": "#banshou" },
				"north": { "uv": [ 7.125, 11.3125, 6.5625, 11.4375 ], "texture": "#banshou" },
				"south": { "uv": [ 6.5625, 11.1875, 7.125, 11.3125 ], "texture": "#banshou" },
				"west": { "uv": [ 8.0625, 8.6875, 8.25, 8.8125 ], "texture": "#banshou" },
				"east": { "uv": [ 8.25, 8.5625, 8.0625, 8.6875 ], "texture": "#banshou" }
			}
		},
		{
			"__comment": "Voxels",
			"from": [ -5.5, 8, 17 ],
			"to": [ 2, 9.5, 18.5 ],
			"faces": {
				"down": { "uv": [ 3.1875, 8.0625, 4.125, 8.25 ], "texture": "#banshou" },
				"up": { "uv": [ 4.5, 16, 5.4375, 15.8125 ], "texture": "#banshou" },
				"north": { "uv": [ 5.4375, 15.625, 4.5, 15.8125 ], "texture": "#banshou" },
				"south": { "uv": [ 4.5, 15.4375, 5.4375, 15.625 ], "texture": "#banshou" },
				"west": { "uv": [ 7.875, 11.6875, 8.0625, 11.875 ], "texture": "#banshou" },
				"east": { "uv": [ 7.5, 8.9375, 7.3125, 9.125 ], "texture": "#banshou" }
			}
		},
		{
			"__comment": "Voxels",
			"from": [ -5.5, 9.5, 18.5 ],
			"to": [ -1, 10.5, 20 ],
			"faces": {
				"down": { "uv": [ 5.4375, 13.9375, 6, 14.125 ], "texture": "#banshou" },
				"up": { "uv": [ 5.4375, 13.5625, 6, 13.375 ], "texture": "#banshou" },
				"north": { "uv": [ 7.125, 11.0625, 6.5625, 11.1875 ], "texture": "#banshou" },
				"south": { "uv": [ 6.5625, 10.9375, 7.125, 11.0625 ], "texture": "#banshou" },
				"west": { "uv": [ 6.1875, 13.9375, 6.375, 14.0625 ], "texture": "#banshou" },
				"east": { "uv": [ 6.5625, 13.9375, 6.375, 14.0625 ], "texture": "#banshou" }
			}
		},
		{
			"__comment": "Voxels",
			"from": [ -4, 7, 17 ],
			"to": [ 0.5, 8, 18.5 ],
			"faces": {
				"down": { "uv": [ 5.4375, 10.375, 6, 10.5625 ], "texture": "#banshou" },
				"up": { "uv": [ 5.4375, 10.375, 6, 10.1875 ], "texture": "#banshou" },
				"north": { "uv": [ 7.125, 10.8125, 6.5625, 10.9375 ], "texture": "#banshou" },
				"south": { "uv": [ 6.5625, 10.6875, 7.125, 10.8125 ], "texture": "#banshou" },
				"west": { "uv": [ 7.6875, 14.875, 7.875, 15 ], "texture": "#banshou" },
				"east": { "uv": [ 7.875, 14.75, 7.6875, 14.875 ], "texture": "#banshou" }
			}
		},
		{
			"__comment": "Voxels",
			"from": [ -4, 8, 15.5 ],
			"to": [ 3.5, 9.5, 17 ],
			"faces": {
				"down": { "uv": [ 2.625, 13.3125, 3.5625, 13.5 ], "texture": "#banshou" },
				"up": { "uv": [ 3.5625, 13.5, 4.5, 13.3125 ], "texture": "#banshou" },
				"north": { "uv": [ 3.5625, 13.125, 2.625, 13.3125 ], "texture": "#banshou" },
				"south": { "uv": [ 3.5625, 13.125, 4.5, 13.3125 ], "texture": "#banshou" },
				"west": { "uv": [ 7.875, 11.875, 8.0625, 12.0625 ], "texture": "#banshou" },
				"east": { "uv": [ 8.0625, 12.8125, 7.875, 13 ], "texture": "#banshou" }
			}
		},
		{
			"__comment": "Voxels",
			"from": [ -4, 9.5, 17 ],
			"to": [ 0.5, 10.5, 18.5 ],
			"faces": {
				"down": { "uv": [ 5.4375, 9.8125, 6, 10 ], "texture": "#banshou" },
				"up": { "uv": [ 5.4375, 9.8125, 6, 9.625 ], "texture": "#banshou" },
				"north": { "uv": [ 7.125, 10.5625, 6.5625, 10.6875 ], "texture": "#banshou" },
				"south": { "uv": [ 6.5625, 10.4375, 7.125, 10.5625 ], "texture": "#banshou" },
				"west": { "uv": [ 7.6875, 14.625, 7.875, 14.75 ], "texture": "#banshou" },
				"east": { "uv": [ 7.875, 14.5, 7.6875, 14.625 ], "texture": "#banshou" }
			}
		},
		{
			"__comment": "Voxels",
			"from": [ -2.5, 7, 15.5 ],
			"to": [ 2, 8, 17 ],
			"faces": {
				"down": { "uv": [ 5.4375, 15.8125, 6, 16 ], "texture": "#banshou" },
				"up": { "uv": [ 5.4375, 15.8125, 6, 15.625 ], "texture": "#banshou" },
				"north": { "uv": [ 7.125, 9.9375, 6.5625, 10.0625 ], "texture": "#banshou" },
				"south": { "uv": [ 6.5625, 9.8125, 7.125, 9.9375 ], "texture": "#banshou" },
				"west": { "uv": [ 7.6875, 14.125, 7.875, 14.25 ], "texture": "#banshou" },
				"east": { "uv": [ 7.875, 14, 7.6875, 14.125 ], "texture": "#banshou" }
			}
		},
		{
			"__comment": "Voxels",
			"from": [ -2.5, 8, 14 ],
			"to": [ 5, 9.5, 15.5 ],
			"faces": {
				"down": { "uv": [ 3.5625, 11.625, 4.5, 11.8125 ], "texture": "#banshou" },
				"up": { "uv": [ 2.625, 11.625, 3.5625, 11.4375 ], "texture": "#banshou" },
				"north": { "uv": [ 4.5, 11.4375, 3.5625, 11.625 ], "texture": "#banshou" },
				"south": { "uv": [ 2.625, 11.25, 3.5625, 11.4375 ], "texture": "#banshou" },
				"west": { "uv": [ 7.875, 13, 8.0625, 13.1875 ], "texture": "#banshou" },
				"east": { "uv": [ 7.6875, 8.9375, 7.5, 9.125 ], "texture": "#banshou" }
			}
		},
		{
			"__comment": "Voxels",
			"from": [ -2.5, 9.5, 15.5 ],
			"to": [ 2, 10.5, 17 ],
			"faces": {
				"down": { "uv": [ 5.4375, 12.625, 6, 12.8125 ], "texture": "#banshou" },
				"up": { "uv": [ 5.4375, 12.625, 6, 12.4375 ], "texture": "#banshou" },
				"north": { "uv": [ 7.125, 9.6875, 6.5625, 9.8125 ], "texture": "#banshou" },
				"south": { "uv": [ 6.5625, 9.5625, 7.125, 9.6875 ], "texture": "#banshou" },
				"west": { "uv": [ 7.6875, 13.3125, 7.875, 13.4375 ], "texture": "#banshou" },
				"east": { "uv": [ 7.875, 13.1875, 7.6875, 13.3125 ], "texture": "#banshou" }
			}
		},
		{
			"__comment": "Voxels",
			"from": [ -1, 7, 14 ],
			"to": [ 3.5, 8, 15.5 ],
			"faces": {
				"down": { "uv": [ 6, 15.8125, 6.5625, 16 ], "texture": "#banshou" },
				"up": { "uv": [ 6, 15.8125, 6.5625, 15.625 ], "texture": "#banshou" },
				"north": { "uv": [ 7.125, 9.4375, 6.5625, 9.5625 ], "texture": "#banshou" },
				"south": { "uv": [ 6.5625, 9.3125, 7.125, 9.4375 ], "texture": "#banshou" },
				"west": { "uv": [ 7.6875, 13.0625, 7.875, 13.1875 ], "texture": "#banshou" },
				"east": { "uv": [ 7.875, 12.9375, 7.6875, 13.0625 ], "texture": "#banshou" }
			}
		},
		{
			"__comment": "Voxels",
			"from": [ -1, 8, 12.5 ],
			"to": [ 6.5, 9.5, 14 ],
			"faces": {
				"down": { "uv": [ 3.5625, 9.5625, 4.5, 9.75 ], "texture": "#banshou" },
				"up": { "uv": [ 2.625, 9.5625, 3.5625, 9.375 ], "texture": "#banshou" },
				"north": { "uv": [ 4.5, 9.375, 3.5625, 9.5625 ], "texture": "#banshou" },
				"south": { "uv": [ 3.1875, 9.1875, 4.125, 9.375 ], "texture": "#banshou" },
				"west": { "uv": [ 7.875, 12.625, 8.0625, 12.8125 ], "texture": "#banshou" },
				"east": { "uv": [ 7.3125, 9.125, 7.125, 9.3125 ], "texture": "#banshou" }
			}
		},
		{
			"__comment": "Voxels",
			"from": [ -1, 9.5, 14 ],
			"to": [ 3.5, 10.5, 15.5 ],
			"faces": {
				"down": { "uv": [ 6, 12.25, 6.5625, 12.4375 ], "texture": "#banshou" },
				"up": { "uv": [ 6, 12.25, 6.5625, 12.0625 ], "texture": "#banshou" },
				"north": { "uv": [ 7.125, 9.1875, 6.5625, 9.3125 ], "texture": "#banshou" },
				"south": { "uv": [ 6.5625, 9.0625, 7.125, 9.1875 ], "texture": "#banshou" },
				"west": { "uv": [ 7.6875, 12.8125, 7.875, 12.9375 ], "texture": "#banshou" },
				"east": { "uv": [ 7.875, 12.6875, 7.6875, 12.8125 ], "texture": "#banshou" }
			}
		},
		{
			"__comment": "Voxels",
			"from": [ 0.5, 7, 12.5 ],
			"to": [ 5, 8, 14 ],
			"faces": {
				"down": { "uv": [ 6, 10.1875, 6.5625, 10.375 ], "texture": "#banshou" },
				"up": { "uv": [ 6, 9.625, 6.5625, 9.4375 ], "texture": "#banshou" },
				"north": { "uv": [ 7.125, 8.9375, 6.5625, 9.0625 ], "texture": "#banshou" },
				"south": { "uv": [ 6.5625, 8.8125, 7.125, 8.9375 ], "texture": "#banshou" },
				"west": { "uv": [ 7.6875, 12.5625, 7.875, 12.6875 ], "texture": "#banshou" },
				"east": { "uv": [ 7.875, 12.4375, 7.6875, 12.5625 ], "texture": "#banshou" }
			}
		},
		{
			"__comment": "Voxels",
			"from": [ 0.5, 8, 11 ],
			"to": [ 8, 9.5, 12.5 ],
			"faces": {
				"down": { "uv": [ 4.5, 14.875, 5.4375, 15.0625 ], "texture": "#banshou" },
				"up": { "uv": [ 4.5, 14.875, 5.4375, 14.6875 ], "texture": "#banshou" },
				"north": { "uv": [ 5.4375, 14.5, 4.5, 14.6875 ], "texture": "#banshou" },
				"south": { "uv": [ 4.5, 14.3125, 5.4375, 14.5 ], "texture": "#banshou" },
				"west": { "uv": [ 5.25, 13.75, 5.4375, 13.9375 ], "texture": "#banshou" },
				"east": { "uv": [ 8.0625, 13.375, 7.875, 13.5625 ], "texture": "#banshou" }
			}
		},
		{
			"__comment": "Voxels",
			"from": [ 0.5, 9.5, 12.5 ],
			"to": [ 5, 10.5, 14 ],
			"faces": {
				"down": { "uv": [ 5.4375, 13.1875, 6, 13.375 ], "texture": "#banshou" },
				"up": { "uv": [ 5.4375, 11.875, 6, 11.6875 ], "texture": "#banshou" },
				"north": { "uv": [ 7.125, 8.6875, 6.5625, 8.8125 ], "texture": "#banshou" },
				"south": { "uv": [ 6.5625, 8.5625, 7.125, 8.6875 ], "texture": "#banshou" },
				"west": { "uv": [ 7.6875, 12.125, 7.875, 12.25 ], "texture": "#banshou" },
				"east": { "uv": [ 7.875, 12, 7.6875, 12.125 ], "texture": "#banshou" }
			}
		},
		{
			"__comment": "Voxels",
			"from": [ 2, 7, 11 ],
			"to": [ 6.5, 8, 12.5 ],
			"faces": {
				"down": { "uv": [ 5.4375, 8.6875, 6, 8.875 ], "texture": "#banshou" },
				"up": { "uv": [ 6, 15.4375, 6.5625, 15.25 ], "texture": "#banshou" },
				"north": { "uv": [ 7.125, 8.4375, 6.5625, 8.5625 ], "texture": "#banshou" },
				"south": { "uv": [ 6.5625, 8.3125, 7.125, 8.4375 ], "texture": "#banshou" },
				"west": { "uv": [ 7.6875, 11.5, 7.875, 11.625 ], "texture": "#banshou" },
				"east": { "uv": [ 8.25, 14.5625, 8.0625, 14.6875 ], "texture": "#banshou" }
			}
		},
		{
			"__comment": "Voxels",
			"from": [ 2, 8, 9.5 ],
			"to": [ 9.5, 9.5, 11 ],
			"faces": {
				"down": { "uv": [ 3.5625, 12.1875, 4.5, 12.375 ], "texture": "#banshou" },
				"up": { "uv": [ 2.625, 12.1875, 3.5625, 12 ], "texture": "#banshou" },
				"north": { "uv": [ 4.5, 12, 3.5625, 12.1875 ], "texture": "#banshou" },
				"south": { "uv": [ 2.625, 11.8125, 3.5625, 12 ], "texture": "#banshou" },
				"west": { "uv": [ 7.6875, 8, 7.875, 8.1875 ], "texture": "#banshou" },
				"east": { "uv": [ 7.6875, 8, 7.5, 8.1875 ], "texture": "#banshou" }
			}
		},
		{
			"__comment": "Voxels",
			"from": [ 2, 9.5, 11 ],
			"to": [ 6.5, 10.5, 12.5 ],
			"faces": {
				"down": { "uv": [ 6, 13.1875, 6.5625, 13.375 ], "texture": "#banshou" },
				"up": { "uv": [ 6, 12.0625, 6.5625, 11.875 ], "texture": "#banshou" },
				"north": { "uv": [ 7.125, 8.1875, 6.5625, 8.3125 ], "texture": "#banshou" },
				"south": { "uv": [ 6.5625, 8.0625, 7.125, 8.1875 ], "texture": "#banshou" },
				"west": { "uv": [ 8.0625, 14.4375, 8.25, 14.5625 ], "texture": "#banshou" },
				"east": { "uv": [ 8.25, 14.3125, 8.0625, 14.4375 ], "texture": "#banshou" }
			}
		},
		{
			"__comment": "Voxels",
			"from": [ 3.5, 7, 9.5 ],
			"to": [ 8, 8, 11 ],
			"faces": {
				"down": { "uv": [ 6.5625, 15.8125, 7.125, 16 ], "texture": "#banshou" },
				"up": { "uv": [ 5.4375, 10.75, 6, 10.5625 ], "texture": "#banshou" },
				"north": { "uv": [ 7.6875, 14.875, 7.125, 15 ], "texture": "#banshou" },
				"south": { "uv": [ 7.125, 14.75, 7.6875, 14.875 ], "texture": "#banshou" },
				"west": { "uv": [ 8.0625, 13.6875, 8.25, 13.8125 ], "texture": "#banshou" },
				"east": { "uv": [ 8.25, 13.5625, 8.0625, 13.6875 ], "texture": "#banshou" }
			}
		},
		{
			"__comment": "Voxels",
			"from": [ 3.5, 8, 8 ],
			"to": [ 11, 9.5, 9.5 ],
			"faces": {
				"down": { "uv": [ 3.5625, 10.5, 4.5, 10.6875 ], "texture": "#banshou" },
				"up": { "uv": [ 2.625, 10.5, 3.5625, 10.3125 ], "texture": "#banshou" },
				"north": { "uv": [ 4.5, 9.9375, 3.5625, 10.125 ], "texture": "#banshou" },
				"south": { "uv": [ 2.625, 9.75, 3.5625, 9.9375 ], "texture": "#banshou" },
				"west": { "uv": [ 7.875, 10.9375, 8.0625, 11.125 ], "texture": "#banshou" },
				"east": { "uv": [ 8.0625, 11.125, 7.875, 11.3125 ], "texture": "#banshou" }
			}
		},
		{
			"__comment": "Voxels",
			"from": [ 3.5, 9.5, 9.5 ],
			"to": [ 8, 10.5, 11 ],
			"faces": {
				"down": { "uv": [ 5.4375, 10, 6, 10.1875 ], "texture": "#banshou" },
				"up": { "uv": [ 4.5, 8.3125, 5.0625, 8.125 ], "texture": "#banshou" },
				"north": { "uv": [ 7.6875, 14.625, 7.125, 14.75 ], "texture": "#banshou" },
				"south": { "uv": [ 7.125, 14.5, 7.6875, 14.625 ], "texture": "#banshou" },
				"west": { "uv": [ 8.0625, 13.4375, 8.25, 13.5625 ], "texture": "#banshou" },
				"east": { "uv": [ 8.25, 13.3125, 8.0625, 13.4375 ], "texture": "#banshou" }
			}
		},
		{
			"__comment": "Voxels",
			"from": [ 5, 7, 8 ],
			"to": [ 9.5, 8, 9.5 ],
			"faces": {
				"down": { "uv": [ 6, 10.5625, 6.5625, 10.75 ], "texture": "#banshou" },
				"up": { "uv": [ 6, 11.875, 6.5625, 11.6875 ], "texture": "#banshou" },
				"north": { "uv": [ 7.6875, 14.375, 7.125, 14.5 ], "texture": "#banshou" },
				"south": { "uv": [ 7.125, 14.25, 7.6875, 14.375 ], "texture": "#banshou" },
				"west": { "uv": [ 8.0625, 12.5625, 8.25, 12.6875 ], "texture": "#banshou" },
				"east": { "uv": [ 8.25, 13.1875, 8.0625, 13.3125 ], "texture": "#banshou" }
			}
		},
		{
			"__comment": "Voxels",
			"from": [ 5, 8, 6.5 ],
			"to": [ 18.5, 9.5, 8 ],
			"faces": {
				"down": { "uv": [ 2.625, 15.0625, 4.3125, 15.25 ], "texture": "#banshou" },
				"up": { "uv": [ 2.625, 14.875, 4.3125, 14.6875 ], "texture": "#banshou" },
				"north": { "uv": [ 4.3125, 14.5, 2.625, 14.6875 ], "texture": "#banshou" },
				"south": { "uv": [ 2.625, 14.875, 4.3125, 15.0625 ], "texture": "#banshou" },
				"west": { "uv": [ 5.25, 13.375, 5.4375, 13.5625 ], "texture": "#banshou" },
				"east": { "uv": [ 5.4375, 12.4375, 5.25, 12.625 ], "texture": "#banshou" }
			}
		},
		{
			"__comment": "Voxels",
			"from": [ 5, 9.5, 8 ],
			"to": [ 9.5, 10.5, 9.5 ],
			"faces": {
				"down": { "uv": [ 6, 15.4375, 6.5625, 15.625 ], "texture": "#banshou" },
				"up": { "uv": [ 5.4375, 11.125, 6, 10.9375 ], "texture": "#banshou" },
				"north": { "uv": [ 7.6875, 14.125, 7.125, 14.25 ], "texture": "#banshou" },
				"south": { "uv": [ 7.125, 14, 7.6875, 14.125 ], "texture": "#banshou" },
				"west": { "uv": [ 8.0625, 13.0625, 8.25, 13.1875 ], "texture": "#banshou" },
				"east": { "uv": [ 8.25, 12.6875, 8.0625, 12.8125 ], "texture": "#banshou" }
			}
		},
		{
			"__comment": "Voxels",
			"from": [ 6.5, 7, 0.5 ],
			"to": [ 11, 10.5, 3.5 ],
			"faces": {
				"down": { "uv": [ 0, 8.125, 0.5625, 8.5 ], "texture": "#banshou" },
				"up": { "uv": [ 1.125, 12, 1.6875, 11.625 ], "texture": "#banshou" },
				"north": { "uv": [ 0.5625, 9.125, 0, 9.5625 ], "texture": "#banshou" },
				"south": { "uv": [ 0, 8.6875, 0.5625, 9.125 ], "texture": "#banshou" },
				"west": { "uv": [ 0.75, 14.8125, 1.125, 15.25 ], "texture": "#banshou" },
				"east": { "uv": [ 1.125, 14.25, 0.75, 14.6875 ], "texture": "#banshou" }
			}
		},
		{
			"__comment": "Voxels",
			"from": [ 6.5, 7, 6.5 ],
			"to": [ 11, 8, 8 ],
			"faces": {
				"down": { "uv": [ 5.4375, 12.0625, 6, 12.25 ], "texture": "#banshou" },
				"up": { "uv": [ 5.4375, 12.0625, 6, 11.875 ], "texture": "#banshou" },
				"north": { "uv": [ 7.6875, 11.375, 7.125, 11.5 ], "texture": "#banshou" },
				"south": { "uv": [ 7.125, 11.5, 7.6875, 11.625 ], "texture": "#banshou" },
				"west": { "uv": [ 8.0625, 11.9375, 8.25, 12.0625 ], "texture": "#banshou" },
				"east": { "uv": [ 8.25, 12.0625, 8.0625, 12.1875 ], "texture": "#banshou" }
			}
		},
		{
			"__comment": "Voxels",
			"from": [ 6.5, 8, 5 ],
			"to": [ 17, 9.5, 6.5 ],
			"faces": {
				"down": { "uv": [ 1.125, 12.9375, 2.4375, 13.125 ], "texture": "#banshou" },
				"up": { "uv": [ 1.125, 13.3125, 2.4375, 13.125 ], "texture": "#banshou" },
				"north": { "uv": [ 2.4375, 13.875, 1.125, 14.0625 ], "texture": "#banshou" },
				"south": { "uv": [ 1.125, 12, 2.4375, 12.1875 ], "texture": "#banshou" },
				"west": { "uv": [ 7.5, 8.5625, 7.6875, 8.75 ], "texture": "#banshou" },
				"east": { "uv": [ 7.5, 8.5625, 7.3125, 8.75 ], "texture": "#banshou" }
			}
		},
		{
			"__comment": "Voxels",
			"from": [ 6.5, 9.5, 6.5 ],
			"to": [ 11, 10.5, 8 ],
			"faces": {
				"down": { "uv": [ 6, 15.0625, 6.5625, 15.25 ], "texture": "#banshou" },
				"up": { "uv": [ 6, 15.0625, 6.5625, 14.875 ], "texture": "#banshou" },
				"north": { "uv": [ 7.6875, 12, 7.125, 12.125 ], "texture": "#banshou" },
				"south": { "uv": [ 7.125, 12.125, 7.6875, 12.25 ], "texture": "#banshou" },
				"west": { "uv": [ 7.6875, 14.25, 7.875, 14.375 ], "texture": "#banshou" },
				"east": { "uv": [ 7.875, 14.375, 7.6875, 14.5 ], "texture": "#banshou" }
			}
		},
		{
			"__comment": "Voxels",
			"from": [ 8, 6.5, 0.5 ],
			"to": [ 11, 7, 3.5 ],
			"faces": {
				"down": { "uv": [ 0.75, 12.5625, 1.125, 12.9375 ], "texture": "#banshou" },
				"up": { "uv": [ 0.75, 12.5, 1.125, 12.125 ], "texture": "#banshou" },
				"north": { "uv": [ 9, 15.75, 8.625, 15.8125 ], "texture": "#banshou" },
				"south": { "uv": [ 8.25, 15.75, 8.625, 15.8125 ], "texture": "#banshou" },
				"west": { "uv": [ 15, 15.8125, 15.375, 15.875 ], "texture": "#banshou" },
				"east": { "uv": [ 15, 15.8125, 14.625, 15.875 ], "texture": "#banshou" }
			}
		},
		{
			"__comment": "Voxels",
			"from": [ 8, 7, -1 ],
			"to": [ 9.5, 10.5, 0.5 ],
			"faces": {
				"down": { "uv": [ 5.25, 13, 5.4375, 13.1875 ], "texture": "#banshou" },
				"up": { "uv": [ 5.25, 13.375, 5.4375, 13.1875 ], "texture": "#banshou" },
				"north": { "uv": [ 6.5625, 14.0625, 6.375, 14.5 ], "texture": "#banshou" },
				"south": { "uv": [ 6.5625, 13.1875, 6.75, 13.625 ], "texture": "#banshou" },
				"west": { "uv": [ 6.75, 15.375, 6.9375, 15.8125 ], "texture": "#banshou" },
				"east": { "uv": [ 6.75, 14.9375, 6.5625, 15.375 ], "texture": "#banshou" }
			}
		},
		{
			"__comment": "Voxels",
			"from": [ 8, 7, 5 ],
			"to": [ 15.5, 8, 6.5 ],
			"faces": {
				"down": { "uv": [ 3.1875, 9, 4.125, 9.1875 ], "texture": "#banshou" },
				"up": { "uv": [ 3.1875, 9, 4.125, 8.8125 ], "texture": "#banshou" },
				"north": { "uv": [ 5.4375, 8.5, 4.5, 8.625 ], "texture": "#banshou" },
				"south": { "uv": [ 4.5, 9, 5.4375, 9.125 ], "texture": "#banshou" },
				"west": { "uv": [ 8.0625, 13.8125, 8.25, 13.9375 ], "texture": "#banshou" },
				"east": { "uv": [ 8.25, 14.1875, 8.0625, 14.3125 ], "texture": "#banshou" }
			}
		},
		{
			"__comment": "Voxels",
			"from": [ 8, 8, 3.5 ],
			"to": [ 18.5, 9.5, 5 ],
			"faces": {
				"down": { "uv": [ 1.125, 13.6875, 2.4375, 13.875 ], "texture": "#banshou" },
				"up": { "uv": [ 1.125, 12.375, 2.4375, 12.1875 ], "texture": "#banshou" },
				"north": { "uv": [ 2.4375, 12.375, 1.125, 12.5625 ], "texture": "#banshou" },
				"south": { "uv": [ 1.125, 13.3125, 2.4375, 13.5 ], "texture": "#banshou" },
				"west": { "uv": [ 7.875, 12.0625, 8.0625, 12.25 ], "texture": "#banshou" },
				"east": { "uv": [ 8.0625, 12.25, 7.875, 12.4375 ], "texture": "#banshou" }
			}
		},
		{
			"__comment": "Voxels",
			"from": [ 8, 9.5, 5 ],
			"to": [ 17, 10, 6.5 ],
			"faces": {
				"down": { "uv": [ 1.125, 9.1875, 2.25, 9.375 ], "texture": "#banshou" },
				"up": { "uv": [ 1.125, 9.1875, 2.25, 9 ], "texture": "#banshou" },
				"north": { "uv": [ 14.625, 15.875, 13.5, 15.9375 ], "texture": "#banshou" },
				"south": { "uv": [ 12.375, 15.875, 13.5, 15.9375 ], "texture": "#banshou" },
				"west": { "uv": [ 12.5625, 15.75, 12.75, 15.8125 ], "texture": "#banshou" },
				"east": { "uv": [ 12.5625, 15.75, 12.375, 15.8125 ], "texture": "#banshou" }
			}
		},
		{
			"__comment": "Voxels",
			"from": [ 8, 10, 5 ],
			"to": [ 15.5, 10.5, 6.5 ],
			"faces": {
				"down": { "uv": [ 2.625, 12.5625, 3.5625, 12.75 ], "texture": "#banshou" },
				"up": { "uv": [ 2.625, 12.5625, 3.5625, 12.375 ], "texture": "#banshou" },
				"north": { "uv": [ 10.6875, 15.8125, 9.75, 15.875 ], "texture": "#banshou" },
				"south": { "uv": [ 8.8125, 15.8125, 9.75, 15.875 ], "texture": "#banshou" },
				"west": { "uv": [ 8.8125, 15.6875, 9, 15.75 ], "texture": "#banshou" },
				"east": { "uv": [ 8.8125, 15.6875, 8.625, 15.75 ], "texture": "#banshou" }
			}
		},
		{
			"__comment": "Voxels",
			"from": [ 8, 10.5, 0.5 ],
			"to": [ 11, 11, 3.5 ],
			"faces": {
				"down": { "uv": [ 0.75, 11.6875, 1.125, 12.0625 ], "texture": "#banshou" },
				"up": { "uv": [ 0.75, 11.0625, 1.125, 10.6875 ], "texture": "#banshou" },
				"north": { "uv": [ 13.875, 15.8125, 13.5, 15.875 ], "texture": "#banshou" },
				"south": { "uv": [ 13.125, 15.8125, 13.5, 15.875 ], "texture": "#banshou" },
				"west": { "uv": [ 12, 15.8125, 12.375, 15.875 ], "texture": "#banshou" },
				"east": { "uv": [ 12, 15.8125, 11.625, 15.875 ], "texture": "#banshou" }
			}
		},
		{
			"__comment": "Voxels",
			"from": [ 9.5, 6.5, 3.5 ],
			"to": [ 14, 8, 5 ],
			"faces": {
				"down": { "uv": [ 5.4375, 10.75, 6, 10.9375 ], "texture": "#banshou" },
				"up": { "uv": [ 5.4375, 8.6875, 6, 8.5 ], "texture": "#banshou" },
				"north": { "uv": [ 6, 13.75, 5.4375, 13.9375 ], "texture": "#banshou" },
				"south": { "uv": [ 6, 13, 6.5625, 13.1875 ], "texture": "#banshou" },
				"west": { "uv": [ 7.6875, 8.5625, 7.875, 8.75 ], "texture": "#banshou" },
				"east": { "uv": [ 7.3125, 8.75, 7.125, 8.9375 ], "texture": "#banshou" }
			}
		},
		{
			"__comment": "Voxels",
			"from": [ 9.5, 7, 11 ],
			"to": [ 14, 10.5, 12.5 ],
			"faces": {
				"down": { "uv": [ 5.4375, 12.25, 6, 12.4375 ], "texture": "#banshou" },
				"up": { "uv": [ 5.4375, 15.4375, 6, 15.25 ], "texture": "#banshou" },
				"north": { "uv": [ 1.125, 9.125, 0.5625, 9.5625 ], "texture": "#banshou" },
				"south": { "uv": [ 0.5625, 8.6875, 1.125, 9.125 ], "texture": "#banshou" },
				"west": { "uv": [ 6.75, 13.625, 6.9375, 14.0625 ], "texture": "#banshou" },
				"east": { "uv": [ 7.125, 14.9375, 6.9375, 15.375 ], "texture": "#banshou" }
			}
		},
		{
			"__comment": "Voxels",
			"from": [ 9.5, 8, -7 ],
			"to": [ 14, 9.5, -4 ],
			"faces": {
				"down": { "uv": [ 1.125, 9.5625, 1.6875, 9.9375 ], "texture": "#banshou" },
				"up": { "uv": [ 1.6875, 9.9375, 2.25, 9.5625 ], "texture": "#banshou" },
				"north": { "uv": [ 6, 15.0625, 5.4375, 15.25 ], "texture": "#banshou" },
				"south": { "uv": [ 6, 8.875, 6.5625, 9.0625 ], "texture": "#banshou" },
				"west": { "uv": [ 2.25, 9.1875, 2.625, 9.375 ], "texture": "#banshou" },
				"east": { "uv": [ 2.625, 9.375, 2.25, 9.5625 ], "texture": "#banshou" }
			}
		},
		{
			"__comment": "Voxels",
			"from": [ 9.5, 9.5, 3.5 ],
			"to": [ 18.5, 10, 5 ],
			"faces": {
				"down": { "uv": [ 2.625, 13.9375, 3.75, 14.125 ], "texture": "#banshou" },
				"up": { "uv": [ 2.625, 13.9375, 3.75, 13.75 ], "texture": "#banshou" },
				"north": { "uv": [ 15.375, 15.9375, 14.25, 16 ], "texture": "#banshou" },
				"south": { "uv": [ 13.125, 15.9375, 14.25, 16 ], "texture": "#banshou" },
				"west": { "uv": [ 11.4375, 15.75, 11.625, 15.8125 ], "texture": "#banshou" },
				"east": { "uv": [ 11.8125, 15.75, 11.625, 15.8125 ], "texture": "#banshou" }
			}
		},
		{
			"__comment": "Voxels",
			"from": [ 9.5, 10, 3.5 ],
			"to": [ 17, 10.5, 5 ],
			"faces": {
				"down": { "uv": [ 4.5, 14.125, 5.4375, 14.3125 ], "texture": "#banshou" },
				"up": { "uv": [ 3.375, 13.75, 4.3125, 13.5625 ], "texture": "#banshou" },
				"north": { "uv": [ 15.5625, 15.875, 14.625, 15.9375 ], "texture": "#banshou" },
				"south": { "uv": [ 7.875, 15.8125, 8.8125, 15.875 ], "texture": "#banshou" },
				"west": { "uv": [ 8.0625, 8.0625, 8.25, 8.125 ], "texture": "#banshou" },
				"east": { "uv": [ 8.25, 8.125, 8.0625, 8.1875 ], "texture": "#banshou" }
			}
		},
		{
			"__comment": "Voxels",
			"from": [ 9.5, 10.5, 3.5 ],
			"to": [ 14, 11, 5 ],
			"faces": {
				"down": { "uv": [ 4.5, 8.3125, 5.0625, 8.5 ], "texture": "#banshou" },
				"up": { "uv": [ 5.4375, 9.625, 6, 9.4375 ], "texture": "#banshou" },
				"north": { "uv": [ 7.875, 9.125, 7.3125, 9.1875 ], "texture": "#banshou" },
				"south": { "uv": [ 10.6875, 15.8125, 11.25, 15.875 ], "texture": "#banshou" },
				"west": { "uv": [ 9.75, 15.75, 9.9375, 15.8125 ], "texture": "#banshou" },
				"east": { "uv": [ 10.125, 15.75, 9.9375, 15.8125 ], "texture": "#banshou" }
			}
		},
		{
			"__comment": "Voxels",
			"from": [ 11, 6.5, 2 ],
			"to": [ 12.5, 11, 3.5 ],
			"faces": {
				"down": { "uv": [ 2.4375, 12.75, 2.625, 12.9375 ], "texture": "#banshou" },
				"up": { "uv": [ 5.25, 14.125, 5.4375, 13.9375 ], "texture": "#banshou" },
				"north": { "uv": [ 5.8125, 14.125, 5.625, 14.6875 ], "texture": "#banshou" },
				"south": { "uv": [ 5.4375, 14.125, 5.625, 14.6875 ], "texture": "#banshou" },
				"west": { "uv": [ 6, 13.9375, 6.1875, 14.5 ], "texture": "#banshou" },
				"east": { "uv": [ 6, 14.125, 5.8125, 14.6875 ], "texture": "#banshou" }
			}
		},
		{
			"__comment": "Voxels",
			"from": [ 11, 6.5, 5 ],
			"to": [ 15.5, 7, 6.5 ],
			"faces": {
				"down": { "uv": [ 6, 14.5, 6.5625, 14.6875 ], "texture": "#banshou" },
				"up": { "uv": [ 6, 14.875, 6.5625, 14.6875 ], "texture": "#banshou" },
				"north": { "uv": [ 1.6875, 8, 1.125, 8.0625 ], "texture": "#banshou" },
				"south": { "uv": [ 2.625, 8, 3.1875, 8.0625 ], "texture": "#banshou" },
				"west": { "uv": [ 6.75, 13.1875, 6.9375, 13.25 ], "texture": "#banshou" },
				"east": { "uv": [ 7.125, 13.1875, 6.9375, 13.25 ], "texture": "#banshou" }
			}
		},
		{
			"__comment": "Voxels",
			"from": [ 11, 6.5, 11 ],
			"to": [ 12.5, 7, 12.5 ],
			"faces": {
				"down": { "uv": [ 7.125, 8.1875, 7.3125, 8.375 ], "texture": "#banshou" },
				"up": { "uv": [ 7.125, 8.1875, 7.3125, 8 ], "texture": "#banshou" },
				"north": { "uv": [ 14.8125, 15.75, 14.625, 15.8125 ], "texture": "#banshou" },
				"south": { "uv": [ 9.5625, 15.6875, 9.75, 15.75 ], "texture": "#banshou" },
				"west": { "uv": [ 15.375, 15.75, 15.5625, 15.8125 ], "texture": "#banshou" },
				"east": { "uv": [ 15.75, 15.75, 15.5625, 15.8125 ], "texture": "#banshou" }
			}
		},
		{
			"__comment": "Voxels",
			"from": [ 11, 7, 9.5 ],
			"to": [ 17, 10.5, 11 ],
			"faces": {
				"down": { "uv": [ 4.6875, 10.5625, 5.4375, 10.75 ], "texture": "#banshou" },
				"up": { "uv": [ 4.6875, 10.5625, 5.4375, 10.375 ], "texture": "#banshou" },
				"north": { "uv": [ 0.75, 11.625, 0, 12.0625 ], "texture": "#banshou" },
				"south": { "uv": [ 0, 12.9375, 0.75, 13.375 ], "texture": "#banshou" },
				"west": { "uv": [ 6.9375, 13.625, 7.125, 14.0625 ], "texture": "#banshou" },
				"east": { "uv": [ 7.125, 14.0625, 6.9375, 14.5 ], "texture": "#banshou" }
			}
		},
		{
			"__comment": "Voxels",
			"from": [ 11, 7, 12.5 ],
			"to": [ 12.5, 10.5, 14 ],
			"faces": {
				"down": { "uv": [ 7.875, 10, 8.0625, 10.1875 ], "texture": "#banshou" },
				"up": { "uv": [ 7.875, 10, 8.0625, 9.8125 ], "texture": "#banshou" },
				"north": { "uv": [ 6.75, 14.5, 6.5625, 14.9375 ], "texture": "#banshou" },
				"south": { "uv": [ 6.9375, 15.375, 7.125, 15.8125 ], "texture": "#banshou" },
				"west": { "uv": [ 6.75, 14.5, 6.9375, 14.9375 ], "texture": "#banshou" },
				"east": { "uv": [ 6.75, 13.625, 6.5625, 14.0625 ], "texture": "#banshou" }
			}
		},
		{
			"__comment": "Voxels",
			"from": [ 11, 7.5, -5.5 ],
			"to": [ 14, 8, -4 ],
			"faces": {
				"down": { "uv": [ 4.125, 8.8125, 4.5, 9 ], "texture": "#banshou" },
				"up": { "uv": [ 2.25, 10.6875, 2.625, 10.5 ], "texture": "#banshou" },
				"north": { "uv": [ 1.125, 12.0625, 0.75, 12.125 ], "texture": "#banshou" },
				"south": { "uv": [ 0.75, 11.625, 1.125, 11.6875 ], "texture": "#banshou" },
				"west": { "uv": [ 14.8125, 15.75, 15, 15.8125 ], "texture": "#banshou" },
				"east": { "uv": [ 12, 15.75, 11.8125, 15.8125 ], "texture": "#banshou" }
			}
		},
		{
			"__comment": "Voxels",
			"from": [ 11, 7.5, 0.5 ],
			"to": [ 20, 10.5, 2 ],
			"faces": {
				"down": { "uv": [ 1.125, 9.9375, 2.25, 10.125 ], "texture": "#banshou" },
				"up": { "uv": [ 1.125, 10.6875, 2.25, 10.5 ], "texture": "#banshou" },
				"north": { "uv": [ 1.125, 15.25, 0, 15.625 ], "texture": "#banshou" },
				"south": { "uv": [ 0, 15.625, 1.125, 16 ], "texture": "#banshou" },
				"west": { "uv": [ 6.9375, 12.6875, 7.125, 13.0625 ], "texture": "#banshou" },
				"east": { "uv": [ 6.9375, 12.6875, 6.75, 13.0625 ], "texture": "#banshou" }
			}
		},
		{
			"__comment": "Voxels",
			"from": [ 11, 8, -4 ],
			"to": [ 26, 9.5, -2.5 ],
			"faces": {
				"down": { "uv": [ 2.625, 15.625, 4.5, 15.8125 ], "texture": "#banshou" },
				"up": { "uv": [ 2.625, 16, 4.5, 15.8125 ], "texture": "#banshou" },
				"north": { "uv": [ 4.5, 15.4375, 2.625, 15.625 ], "texture": "#banshou" },
				"south": { "uv": [ 2.625, 15.25, 4.5, 15.4375 ], "texture": "#banshou" },
				"west": { "uv": [ 8.0625, 14.875, 8.25, 15.0625 ], "texture": "#banshou" },
				"east": { "uv": [ 8.25, 15.0625, 8.0625, 15.25 ], "texture": "#banshou" }
			}
		},
		{
			"__comment": "Voxels",
			"from": [ 11, 8, -1 ],
			"to": [ 23, 10, 0.5 ],
			"faces": {
				"down": { "uv": [ 1.125, 14.25, 2.625, 14.4375 ], "texture": "#banshou" },
				"up": { "uv": [ 1.125, 15, 2.625, 14.8125 ], "texture": "#banshou" },
				"north": { "uv": [ 2.625, 15.75, 1.125, 16 ], "texture": "#banshou" },
				"south": { "uv": [ 1.125, 15.5, 2.625, 15.75 ], "texture": "#banshou" },
				"west": { "uv": [ 2.4375, 8.3125, 2.625, 8.5625 ], "texture": "#banshou" },
				"east": { "uv": [ 7.5, 10.1875, 7.3125, 10.4375 ], "texture": "#banshou" }
			}
		},
		{
			"__comment": "Voxels",
			"from": [ 11, 9.5, -5.5 ],
			"to": [ 14, 10, -4 ],
			"faces": {
				"down": { "uv": [ 2.25, 9, 2.625, 9.1875 ], "texture": "#banshou" },
				"up": { "uv": [ 2.25, 9, 2.625, 8.8125 ], "texture": "#banshou" },
				"north": { "uv": [ 1.125, 9.9375, 0.75, 10 ], "texture": "#banshou" },
				"south": { "uv": [ 0.75, 9.5625, 1.125, 9.625 ], "texture": "#banshou" },
				"west": { "uv": [ 11.25, 15.75, 11.4375, 15.8125 ], "texture": "#banshou" },
				"east": { "uv": [ 10.5, 15.75, 10.3125, 15.8125 ], "texture": "#banshou" }
			}
		},
		{
			"__comment": "Voxels",
			"from": [ 11, 10.5, 5 ],
			"to": [ 15.5, 11, 6.5 ],
			"faces": {
				"down": { "uv": [ 5.4375, 13.5625, 6, 13.75 ], "texture": "#banshou" },
				"up": { "uv": [ 5.4375, 9.0625, 6, 8.875 ], "texture": "#banshou" },
				"north": { "uv": [ 7.875, 9.1875, 7.3125, 9.25 ], "texture": "#banshou" },
				"south": { "uv": [ 15.375, 15.9375, 15.9375, 16 ], "texture": "#banshou" },
				"west": { "uv": [ 10.125, 15.75, 10.3125, 15.8125 ], "texture": "#banshou" },
				"east": { "uv": [ 8.25, 8, 8.0625, 8.0625 ], "texture": "#banshou" }
			}
		},
		{
			"__comment": "Voxels",
			"from": [ 11, 10.5, 11 ],
			"to": [ 12.5, 11, 12.5 ],
			"faces": {
				"down": { "uv": [ 5.25, 12.25, 5.4375, 12.4375 ], "texture": "#banshou" },
				"up": { "uv": [ 5.25, 13.75, 5.4375, 13.5625 ], "texture": "#banshou" },
				"north": { "uv": [ 8.25, 8.1875, 8.0625, 8.25 ], "texture": "#banshou" },
				"south": { "uv": [ 8.0625, 8.375, 8.25, 8.4375 ], "texture": "#banshou" },
				"west": { "uv": [ 8.0625, 8.4375, 8.25, 8.5 ], "texture": "#banshou" },
				"east": { "uv": [ 15.1875, 15.75, 15, 15.8125 ], "texture": "#banshou" }
			}
		},
		{
			"__comment": "Voxels",
			"from": [ 12.5, 6.5, 6.5 ],
			"to": [ 17, 8, 8 ],
			"faces": {
				"down": { "uv": [ 5.4375, 11.125, 6, 11.3125 ], "texture": "#banshou" },
				"up": { "uv": [ 6, 9.4375, 6.5625, 9.25 ], "texture": "#banshou" },
				"north": { "uv": [ 6.5625, 8.3125, 6, 8.5 ], "texture": "#banshou" },
				"south": { "uv": [ 5.4375, 15.4375, 6, 15.625 ], "texture": "#banshou" },
				"west": { "uv": [ 7.875, 12.4375, 8.0625, 12.625 ], "texture": "#banshou" },
				"east": { "uv": [ 7.875, 8.9375, 7.6875, 9.125 ], "texture": "#banshou" }
			}
		},
		{
			"__comment": "Voxels",
			"from": [ 12.5, 6.5, 9.5 ],
			"to": [ 14, 7, 11 ],
			"faces": {
				"down": { "uv": [ 7.875, 13.1875, 8.0625, 13.375 ], "texture": "#banshou" },
				"up": { "uv": [ 2.4375, 13.125, 2.625, 12.9375 ], "texture": "#banshou" },
				"north": { "uv": [ 13.875, 15.75, 13.6875, 15.8125 ], "texture": "#banshou" },
				"south": { "uv": [ 13.5, 15.75, 13.6875, 15.8125 ], "texture": "#banshou" },
				"west": { "uv": [ 15.75, 15.75, 15.9375, 15.8125 ], "texture": "#banshou" },
				"east": { "uv": [ 15.375, 15.75, 15.1875, 15.8125 ], "texture": "#banshou" }
			}
		},
		{
			"__comment": "Voxels",
			"from": [ 12.5, 7, 8 ],
			"to": [ 18.5, 10.5, 9.5 ],
			"faces": {
				"down": { "uv": [ 4.6875, 10.1875, 5.4375, 10.375 ], "texture": "#banshou" },
				"up": { "uv": [ 4.6875, 10.9375, 5.4375, 10.75 ], "texture": "#banshou" },
				"north": { "uv": [ 0.75, 12.5, 0, 12.9375 ], "texture": "#banshou" },
				"south": { "uv": [ 0, 12.0625, 0.75, 12.5 ], "texture": "#banshou" },
				"west": { "uv": [ 6.5625, 15.375, 6.75, 15.8125 ], "texture": "#banshou" },
				"east": { "uv": [ 7.125, 14.5, 6.9375, 14.9375 ], "texture": "#banshou" }
			}
		},
		{
			"__comment": "Voxels",
			"from": [ 12.5, 7.5, -4 ],
			"to": [ 15.5, 8, -2.5 ],
			"faces": {
				"down": { "uv": [ 4.125, 9, 4.5, 9.1875 ], "texture": "#banshou" },
				"up": { "uv": [ 4.125, 9.375, 4.5, 9.1875 ], "texture": "#banshou" },
				"north": { "uv": [ 15.9375, 15.875, 15.5625, 15.9375 ], "texture": "#banshou" },
				"south": { "uv": [ 11.25, 15.8125, 11.625, 15.875 ], "texture": "#banshou" },
				"west": { "uv": [ 9.375, 15.6875, 9.5625, 15.75 ], "texture": "#banshou" },
				"east": { "uv": [ 2.625, 8, 2.4375, 8.0625 ], "texture": "#banshou" }
			}
		},
		{
			"__comment": "Voxels",
			"from": [ 12.5, 7.5, -1 ],
			"to": [ 21.5, 8, 0.5 ],
			"faces": {
				"down": { "uv": [ 1.125, 10.6875, 2.25, 10.875 ], "texture": "#banshou" },
				"up": { "uv": [ 1.125, 9.5625, 2.25, 9.375 ], "texture": "#banshou" },
				"north": { "uv": [ 10.125, 15.875, 9, 15.9375 ], "texture": "#banshou" },
				"south": { "uv": [ 7.875, 15.875, 9, 15.9375 ], "texture": "#banshou" },
				"west": { "uv": [ 9.375, 15.75, 9.5625, 15.8125 ], "texture": "#banshou" },
				"east": { "uv": [ 9.75, 15.75, 9.5625, 15.8125 ], "texture": "#banshou" }
			}
		},
		{
			"__comment": "Voxels",
			"from": [ 12.5, 7.5, 2 ],
			"to": [ 18.5, 10.5, 3.5 ],
			"faces": {
				"down": { "uv": [ 4.5, 10, 5.25, 10.1875 ], "texture": "#banshou" },
				"up": { "uv": [ 4.5, 10, 5.25, 9.8125 ], "texture": "#banshou" },
				"north": { "uv": [ 0.75, 10.3125, 0, 10.6875 ], "texture": "#banshou" },
				"south": { "uv": [ 0, 10.6875, 0.75, 11.0625 ], "texture": "#banshou" },
				"west": { "uv": [ 6.5625, 10.0625, 6.75, 10.4375 ], "texture": "#banshou" },
				"east": { "uv": [ 6.75, 12.6875, 6.5625, 13.0625 ], "texture": "#banshou" }
			}
		},
		{
			"__comment": "Voxels",
			"from": [ 12.5, 8, -2.5 ],
			"to": [ 24.5, 10, -1 ],
			"faces": {
				"down": { "uv": [ 1.125, 14.4375, 2.625, 14.625 ], "texture": "#banshou" },
				"up": { "uv": [ 1.125, 14.8125, 2.625, 14.625 ], "texture": "#banshou" },
				"north": { "uv": [ 2.625, 15.25, 1.125, 15.5 ], "texture": "#banshou" },
				"south": { "uv": [ 1.125, 15, 2.625, 15.25 ], "texture": "#banshou" },
				"west": { "uv": [ 7.6875, 9.625, 7.875, 9.875 ], "texture": "#banshou" },
				"east": { "uv": [ 2.625, 8.5625, 2.4375, 8.8125 ], "texture": "#banshou" }
			}
		},
		{
			"__comment": "Voxels",
			"from": [ 12.5, 9.5, -4 ],
			"to": [ 15.5, 10, -2.5 ],
			"faces": {
				"down": { "uv": [ 4.125, 8.625, 4.5, 8.8125 ], "texture": "#banshou" },
				"up": { "uv": [ 4.125, 8.625, 4.5, 8.4375 ], "texture": "#banshou" },
				"north": { "uv": [ 12.75, 15.8125, 12.375, 15.875 ], "texture": "#banshou" },
				"south": { "uv": [ 12.75, 15.8125, 13.125, 15.875 ], "texture": "#banshou" },
				"west": { "uv": [ 15.75, 15.8125, 15.9375, 15.875 ], "texture": "#banshou" },
				"east": { "uv": [ 8.25, 8.5, 8.0625, 8.5625 ], "texture": "#banshou" }
			}
		},
		{
			"__comment": "Voxels",
			"from": [ 12.5, 9.5, 6.5 ],
			"to": [ 18.5, 10.5, 8 ],
			"faces": {
				"down": { "uv": [ 4.5, 9.625, 5.25, 9.8125 ], "texture": "#banshou" },
				"up": { "uv": [ 4.5, 9.625, 5.25, 9.4375 ], "texture": "#banshou" },
				"north": { "uv": [ 7.875, 15.25, 7.125, 15.375 ], "texture": "#banshou" },
				"south": { "uv": [ 7.125, 15.375, 7.875, 15.5 ], "texture": "#banshou" },
				"west": { "uv": [ 8.0625, 10.5625, 8.25, 10.6875 ], "texture": "#banshou" },
				"east": { "uv": [ 8.25, 10.4375, 8.0625, 10.5625 ], "texture": "#banshou" }
			}
		},
		{
			"__comment": "Voxels",
			"from": [ 12.5, 10, -1 ],
			"to": [ 21.5, 10.5, 0.5 ],
			"faces": {
				"down": { "uv": [ 0, 8.5, 1.125, 8.6875 ], "texture": "#banshou" },
				"up": { "uv": [ 2.625, 14.3125, 3.75, 14.125 ], "texture": "#banshou" },
				"north": { "uv": [ 11.25, 15.875, 10.125, 15.9375 ], "texture": "#banshou" },
				"south": { "uv": [ 11.25, 15.875, 12.375, 15.9375 ], "texture": "#banshou" },
				"west": { "uv": [ 10.5, 15.75, 10.6875, 15.8125 ], "texture": "#banshou" },
				"east": { "uv": [ 10.875, 15.75, 10.6875, 15.8125 ], "texture": "#banshou" }
			}
		},
		{
			"__comment": "Voxels",
			"from": [ 12.5, 10.5, 6.5 ],
			"to": [ 17, 11, 8 ],
			"faces": {
				"down": { "uv": [ 6, 10.375, 6.5625, 10.5625 ], "texture": "#banshou" },
				"up": { "uv": [ 6, 13, 6.5625, 12.8125 ], "texture": "#banshou" },
				"north": { "uv": [ 7.125, 8, 6.5625, 8.0625 ], "texture": "#banshou" },
				"south": { "uv": [ 7.3125, 9.25, 7.875, 9.3125 ], "texture": "#banshou" },
				"west": { "uv": [ 12.75, 15.75, 12.9375, 15.8125 ], "texture": "#banshou" },
				"east": { "uv": [ 13.125, 15.75, 12.9375, 15.8125 ], "texture": "#banshou" }
			}
		},
		{
			"__comment": "Voxels",
			"from": [ 12.5, 10.5, 9.5 ],
			"to": [ 14, 11, 11 ],
			"faces": {
				"down": { "uv": [ 7.5, 8.1875, 7.6875, 8.375 ], "texture": "#banshou" },
				"up": { "uv": [ 7.6875, 8.375, 7.875, 8.1875 ], "texture": "#banshou" },
				"north": { "uv": [ 14.0625, 15.75, 13.875, 15.8125 ], "texture": "#banshou" },
				"south": { "uv": [ 14.0625, 15.75, 14.25, 15.8125 ], "texture": "#banshou" },
				"west": { "uv": [ 14.25, 15.75, 14.4375, 15.8125 ], "texture": "#banshou" },
				"east": { "uv": [ 14.625, 15.75, 14.4375, 15.8125 ], "texture": "#banshou" }
			}
		},
		{
			"__comment": "Voxels",
			"from": [ 14, 6.5, 8 ],
			"to": [ 17, 7, 9.5 ],
			"faces": {
				"down": { "uv": [ 6.75, 10.25, 7.125, 10.4375 ], "texture": "#banshou" },
				"up": { "uv": [ 6.75, 10.25, 7.125, 10.0625 ], "texture": "#banshou" },
				"north": { "uv": [ 14.25, 15.8125, 13.875, 15.875 ], "texture": "#banshou" },
				"south": { "uv": [ 14.25, 15.8125, 14.625, 15.875 ], "texture": "#banshou" },
				"west": { "uv": [ 8.25, 15.6875, 8.4375, 15.75 ], "texture": "#banshou" },
				"east": { "uv": [ 8.625, 15.6875, 8.4375, 15.75 ], "texture": "#banshou" }
			}
		},
		{
			"__comment": "Voxels",
			"from": [ 14, 7.5, -2.5 ],
			"to": [ 24.5, 8, -1 ],
			"faces": {
				"down": { "uv": [ 1.125, 13.5, 2.4375, 13.6875 ], "texture": "#banshou" },
				"up": { "uv": [ 1.125, 14.25, 2.4375, 14.0625 ], "texture": "#banshou" },
				"north": { "uv": [ 11.8125, 15.9375, 10.5, 16 ], "texture": "#banshou" },
				"south": { "uv": [ 11.8125, 15.9375, 13.125, 16 ], "texture": "#banshou" },
				"west": { "uv": [ 5.0625, 8, 5.25, 8.0625 ], "texture": "#banshou" },
				"east": { "uv": [ 5.4375, 8, 5.25, 8.0625 ], "texture": "#banshou" }
			}
		},
		{
			"__comment": "Voxels",
			"from": [ 14, 7.5, 3.5 ],
			"to": [ 17, 8, 5 ],
			"faces": {
				"down": { "uv": [ 7.125, 13.8125, 7.5, 14 ], "texture": "#banshou" },
				"up": { "uv": [ 7.5, 14, 7.875, 13.8125 ], "texture": "#banshou" },
				"north": { "uv": [ 15.75, 15.8125, 15.375, 15.875 ], "texture": "#banshou" },
				"south": { "uv": [ 9, 15.75, 9.375, 15.8125 ], "texture": "#banshou" },
				"west": { "uv": [ 8.0625, 8.3125, 8.25, 8.375 ], "texture": "#banshou" },
				"east": { "uv": [ 8.25, 8.25, 8.0625, 8.3125 ], "texture": "#banshou" }
			}
		},
		{
			"__comment": "Voxels",
			"from": [ 14, 8, -5.5 ],
			"to": [ 15.5, 9.5, -4 ],
			"faces": {
				"down": { "uv": [ 7.875, 9.25, 8.0625, 9.4375 ], "texture": "#banshou" },
				"up": { "uv": [ 7.875, 9.25, 8.0625, 9.0625 ], "texture": "#banshou" },
				"north": { "uv": [ 8.0625, 8.875, 7.875, 9.0625 ], "texture": "#banshou" },
				"south": { "uv": [ 7.875, 8.6875, 8.0625, 8.875 ], "texture": "#banshou" },
				"west": { "uv": [ 7.875, 8.125, 8.0625, 8.3125 ], "texture": "#banshou" },
				"east": { "uv": [ 8.25, 15.625, 8.0625, 15.8125 ], "texture": "#banshou" }
			}
		},
		{
			"__comment": "Voxels",
			"from": [ 14, 10, -2.5 ],
			"to": [ 24.5, 10.5, -1 ],
			"faces": {
				"down": { "uv": [ 1.125, 12.5625, 2.4375, 12.75 ], "texture": "#banshou" },
				"up": { "uv": [ 1.125, 12.9375, 2.4375, 12.75 ], "texture": "#banshou" },
				"north": { "uv": [ 10.5, 15.9375, 9.1875, 16 ], "texture": "#banshou" },
				"south": { "uv": [ 7.875, 15.9375, 9.1875, 16 ], "texture": "#banshou" },
				"west": { "uv": [ 10.875, 15.75, 11.0625, 15.8125 ], "texture": "#banshou" },
				"east": { "uv": [ 11.25, 15.75, 11.0625, 15.8125 ], "texture": "#banshou" }
			}
		},
		{
			"__comment": "Voxels",
			"from": [ 14, 10.5, 8 ],
			"to": [ 17, 11, 9.5 ],
			"faces": {
				"down": { "uv": [ 7.125, 13.625, 7.5, 13.8125 ], "texture": "#banshou" },
				"up": { "uv": [ 7.5, 13.8125, 7.875, 13.625 ], "texture": "#banshou" },
				"north": { "uv": [ 1.125, 12.9375, 0.75, 13 ], "texture": "#banshou" },
				"south": { "uv": [ 0.75, 12.5, 1.125, 12.5625 ], "texture": "#banshou" },
				"west": { "uv": [ 12, 15.75, 12.1875, 15.8125 ], "texture": "#banshou" },
				"east": { "uv": [ 12.375, 15.75, 12.1875, 15.8125 ], "texture": "#banshou" }
			}
		},
		{
			"__comment": "Voxels",
			"from": [ 15.5, 7, -2.5 ],
			"to": [ 23, 7.5, -1 ],
			"faces": {
				"down": { "uv": [ 3.5625, 12.75, 4.5, 12.9375 ], "texture": "#banshou" },
				"up": { "uv": [ 2.625, 12.9375, 3.5625, 12.75 ], "texture": "#banshou" },
				"north": { "uv": [ 4.3125, 13.5, 3.375, 13.5625 ], "texture": "#banshou" },
				"south": { "uv": [ 3.1875, 8, 4.125, 8.0625 ], "texture": "#banshou" },
				"west": { "uv": [ 13.125, 15.75, 13.3125, 15.8125 ], "texture": "#banshou" },
				"east": { "uv": [ 13.5, 15.75, 13.3125, 15.8125 ], "texture": "#banshou" }
			}
		},
		{
			"__comment": "Voxels",
			"from": [ 15.5, 8.5, -13 ],
			"to": [ 21.5, 9.5, -8.5 ],
			"faces": {
				"down": { "uv": [ 0, 14.6875, 0.75, 15.25 ], "texture": "#banshou" },
				"up": { "uv": [ 0, 14.6875, 0.75, 14.125 ], "texture": "#banshou" },
				"north": { "uv": [ 7.875, 15.5, 7.125, 15.625 ], "texture": "#banshou" },
				"south": { "uv": [ 7.125, 15.125, 7.875, 15.25 ], "texture": "#banshou" },
				"west": { "uv": [ 7.125, 13.3125, 7.6875, 13.4375 ], "texture": "#banshou" },
				"east": { "uv": [ 7.6875, 13.1875, 7.125, 13.3125 ], "texture": "#banshou" }
			}
		},
		{
			"__comment": "Voxels",
			"from": [ 17, 6, -11.5 ],
			"to": [ 21.5, 8.5, -8.5 ],
			"faces": {
				"down": { "uv": [ 1.6875, 10.875, 2.25, 11.25 ], "texture": "#banshou" },
				"up": { "uv": [ 1.125, 8.8125, 1.6875, 8.4375 ], "texture": "#banshou" },
				"north": { "uv": [ 3.1875, 9.0625, 2.625, 9.375 ], "texture": "#banshou" },
				"south": { "uv": [ 2.625, 8.75, 3.1875, 9.0625 ], "texture": "#banshou" },
				"west": { "uv": [ 0.75, 10, 1.125, 10.3125 ], "texture": "#banshou" },
				"east": { "uv": [ 1.125, 9.625, 0.75, 9.9375 ], "texture": "#banshou" }
			}
		},
		{
			"__comment": "Voxels",
			"from": [ 17, 6, -2.5 ],
			"to": [ 23, 7, -1 ],
			"faces": {
				"down": { "uv": [ 4.5, 9.25, 5.25, 9.4375 ], "texture": "#banshou" },
				"up": { "uv": [ 3.75, 14.5, 4.5, 14.3125 ], "texture": "#banshou" },
				"north": { "uv": [ 7.875, 15.875, 7.125, 16 ], "texture": "#banshou" },
				"south": { "uv": [ 7.125, 15, 7.875, 15.125 ], "texture": "#banshou" },
				"west": { "uv": [ 8.0625, 12.9375, 8.25, 13.0625 ], "texture": "#banshou" },
				"east": { "uv": [ 8.25, 12.8125, 8.0625, 12.9375 ], "texture": "#banshou" }
			}
		},
		{
			"__comment": "Voxels",
			"from": [ 17, 6, -1 ],
			"to": [ 21.5, 7.5, 0.5 ],
			"faces": {
				"down": { "uv": [ 6, 8.5, 6.5625, 8.6875 ], "texture": "#banshou" },
				"up": { "uv": [ 6, 8.875, 6.5625, 8.6875 ], "texture": "#banshou" },
				"north": { "uv": [ 6.5625, 9.0625, 6, 9.25 ], "texture": "#banshou" },
				"south": { "uv": [ 6, 10, 6.5625, 10.1875 ], "texture": "#banshou" },
				"west": { "uv": [ 2.4375, 14.0625, 2.625, 14.25 ], "texture": "#banshou" },
				"east": { "uv": [ 2.625, 13.875, 2.4375, 14.0625 ], "texture": "#banshou" }
			}
		},
		{
			"__comment": "Voxels",
			"from": [ 17, 7, 6.5 ],
			"to": [ 18.5, 8, 8 ],
			"faces": {
				"down": { "uv": [ 2.4375, 13.6875, 2.625, 13.875 ], "texture": "#banshou" },
				"up": { "uv": [ 2.4375, 13.6875, 2.625, 13.5 ], "texture": "#banshou" },
				"north": { "uv": [ 8.25, 12.4375, 8.0625, 12.5625 ], "texture": "#banshou" },
				"south": { "uv": [ 8.0625, 12.3125, 8.25, 12.4375 ], "texture": "#banshou" },
				"west": { "uv": [ 8.0625, 12.1875, 8.25, 12.3125 ], "texture": "#banshou" },
				"east": { "uv": [ 8.25, 11.8125, 8.0625, 11.9375 ], "texture": "#banshou" }
			}
		},
		{
			"__comment": "Voxels",
			"from": [ 17, 7.5, -13 ],
			"to": [ 21.5, 8.5, -11.5 ],
			"faces": {
				"down": { "uv": [ 6, 11.125, 6.5625, 11.3125 ], "texture": "#banshou" },
				"up": { "uv": [ 6, 11.5, 6.5625, 11.3125 ], "texture": "#banshou" },
				"north": { "uv": [ 7.6875, 13.0625, 7.125, 13.1875 ], "texture": "#banshou" },
				"south": { "uv": [ 7.125, 12.9375, 7.6875, 13.0625 ], "texture": "#banshou" },
				"west": { "uv": [ 8.0625, 11.4375, 8.25, 11.5625 ], "texture": "#banshou" },
				"east": { "uv": [ 8.25, 11.3125, 8.0625, 11.4375 ], "texture": "#banshou" }
			}
		},
		{
			"__comment": "Voxels",
			"from": [ 17, 8, -8.5 ],
			"to": [ 26, 9.5, -7 ],
			"faces": {
				"down": { "uv": [ 2.625, 14.3125, 3.75, 14.5 ], "texture": "#banshou" },
				"up": { "uv": [ 1.125, 9, 2.25, 8.8125 ], "texture": "#banshou" },
				"north": { "uv": [ 2.25, 10.125, 1.125, 10.3125 ], "texture": "#banshou" },
				"south": { "uv": [ 1.125, 10.3125, 2.25, 10.5 ], "texture": "#banshou" },
				"west": { "uv": [ 4.3125, 15.0625, 4.5, 15.25 ], "texture": "#banshou" },
				"east": { "uv": [ 4.5, 14.875, 4.3125, 15.0625 ], "texture": "#banshou" }
			}
		},
		{
			"__comment": "Voxels",
			"from": [ 17, 9.5, -13 ],
			"to": [ 21.5, 10.5, -8.5 ],
			"faces": {
				"down": { "uv": [ 0.5625, 11.0625, 1.125, 11.625 ], "texture": "#banshou" },
				"up": { "uv": [ 0, 11.625, 0.5625, 11.0625 ], "texture": "#banshou" },
				"north": { "uv": [ 7.6875, 12.8125, 7.125, 12.9375 ], "texture": "#banshou" },
				"south": { "uv": [ 7.125, 12.6875, 7.6875, 12.8125 ], "texture": "#banshou" },
				"west": { "uv": [ 7.125, 12.5625, 7.6875, 12.6875 ], "texture": "#banshou" },
				"east": { "uv": [ 7.6875, 12.4375, 7.125, 12.5625 ], "texture": "#banshou" }
			}
		},
		{
			"__comment": "Voxels",
			"from": [ 17, 10.5, -11.5 ],
			"to": [ 21.5, 12, -8.5 ],
			"faces": {
				"down": { "uv": [ 0.5625, 8.125, 1.125, 8.5 ], "texture": "#banshou" },
				"up": { "uv": [ 1.125, 8.4375, 1.6875, 8.0625 ], "texture": "#banshou" },
				"north": { "uv": [ 6.5625, 13.5625, 6, 13.75 ], "texture": "#banshou" },
				"south": { "uv": [ 6, 13.75, 6.5625, 13.9375 ], "texture": "#banshou" },
				"west": { "uv": [ 7.5, 13.4375, 7.875, 13.625 ], "texture": "#banshou" },
				"east": { "uv": [ 7.5, 12.25, 7.125, 12.4375 ], "texture": "#banshou" }
			}
		},
		{
			"__comment": "Voxels",
			"from": [ 17, 10.5, -2.5 ],
			"to": [ 23, 12, -1 ],
			"faces": {
				"down": { "uv": [ 3.75, 14.125, 4.5, 14.3125 ], "texture": "#banshou" },
				"up": { "uv": [ 3.75, 14.125, 4.5, 13.9375 ], "texture": "#banshou" },
				"north": { "uv": [ 4.5, 13.75, 3.75, 13.9375 ], "texture": "#banshou" },
				"south": { "uv": [ 4.5, 13.9375, 5.25, 14.125 ], "texture": "#banshou" },
				"west": { "uv": [ 5.25, 9.8125, 5.4375, 10 ], "texture": "#banshou" },
				"east": { "uv": [ 5.4375, 9.625, 5.25, 9.8125 ], "texture": "#banshou" }
			}
		},
		{
			"__comment": "Voxels",
			"from": [ 18.5, 6, -8.5 ],
			"to": [ 24.5, 8, -7 ],
			"faces": {
				"down": { "uv": [ 4.5, 13.75, 5.25, 13.9375 ], "texture": "#banshou" },
				"up": { "uv": [ 4.5, 13.75, 5.25, 13.5625 ], "texture": "#banshou" },
				"north": { "uv": [ 3.375, 13.5, 2.625, 13.75 ], "texture": "#banshou" },
				"south": { "uv": [ 1.6875, 8.5625, 2.4375, 8.8125 ], "texture": "#banshou" },
				"west": { "uv": [ 7.125, 10.1875, 7.3125, 10.4375 ], "texture": "#banshou" },
				"east": { "uv": [ 7.6875, 10.1875, 7.5, 10.4375 ], "texture": "#banshou" }
			}
		},
		{
			"__comment": "Voxels",
			"from": [ 18.5, 6, -4 ],
			"to": [ 24.5, 8, -2.5 ],
			"faces": {
				"down": { "uv": [ 4.5, 13.375, 5.25, 13.5625 ], "texture": "#banshou" },
				"up": { "uv": [ 4.5, 13.375, 5.25, 13.1875 ], "texture": "#banshou" },
				"north": { "uv": [ 2.4375, 8.3125, 1.6875, 8.5625 ], "texture": "#banshou" },
				"south": { "uv": [ 1.6875, 8.0625, 2.4375, 8.3125 ], "texture": "#banshou" },
				"west": { "uv": [ 2.4375, 8.0625, 2.625, 8.3125 ], "texture": "#banshou" },
				"east": { "uv": [ 4.5, 13.5, 4.3125, 13.75 ], "texture": "#banshou" }
			}
		},
		{
			"__comment": "Voxels",
			"from": [ 18.5, 6, 0.5 ],
			"to": [ 20, 7.5, 2 ],
			"faces": {
				"down": { "uv": [ 5.25, 9.4375, 5.4375, 9.625 ], "texture": "#banshou" },
				"up": { "uv": [ 5.25, 9.4375, 5.4375, 9.25 ], "texture": "#banshou" },
				"north": { "uv": [ 7.3125, 9.3125, 7.125, 9.5 ], "texture": "#banshou" },
				"south": { "uv": [ 7.3125, 9.3125, 7.5, 9.5 ], "texture": "#banshou" },
				"west": { "uv": [ 7.5, 9.3125, 7.6875, 9.5 ], "texture": "#banshou" },
				"east": { "uv": [ 7.875, 9.3125, 7.6875, 9.5 ], "texture": "#banshou" }
			}
		},
		{
			"__comment": "Voxels",
			"from": [ 18.5, 8, -7 ],
			"to": [ 26, 9.5, -4 ],
			"faces": {
				"down": { "uv": [ 0, 13.375, 0.9375, 13.75 ], "texture": "#banshou" },
				"up": { "uv": [ 0, 14.125, 0.9375, 13.75 ], "texture": "#banshou" },
				"north": { "uv": [ 3.5625, 10.6875, 2.625, 10.875 ], "texture": "#banshou" },
				"south": { "uv": [ 3.5625, 10.875, 4.5, 11.0625 ], "texture": "#banshou" },
				"west": { "uv": [ 7.125, 13.4375, 7.5, 13.625 ], "texture": "#banshou" },
				"east": { "uv": [ 7.875, 12.25, 7.5, 12.4375 ], "texture": "#banshou" }
			}
		},
		{
			"__comment": "Voxels",
			"from": [ 18.5, 8, 2 ],
			"to": [ 20, 10, 3.5 ],
			"faces": {
				"down": { "uv": [ 7.125, 8.9375, 7.3125, 9.125 ], "texture": "#banshou" },
				"up": { "uv": [ 7.875, 10.5625, 8.0625, 10.375 ], "texture": "#banshou" },
				"north": { "uv": [ 7.875, 10.1875, 7.6875, 10.4375 ], "texture": "#banshou" },
				"south": { "uv": [ 7.125, 9.875, 7.3125, 10.125 ], "texture": "#banshou" },
				"west": { "uv": [ 7.3125, 9.875, 7.5, 10.125 ], "texture": "#banshou" },
				"east": { "uv": [ 7.6875, 9.875, 7.5, 10.125 ], "texture": "#banshou" }
			}
		},
		{
			"__comment": "Voxels",
			"from": [ 18.5, 9.5, -8.5 ],
			"to": [ 26, 10.5, -7 ],
			"faces": {
				"down": { "uv": [ 2.625, 10.875, 3.5625, 11.0625 ], "texture": "#banshou" },
				"up": { "uv": [ 3.5625, 11.25, 4.5, 11.0625 ], "texture": "#banshou" },
				"north": { "uv": [ 5.4375, 8.625, 4.5, 8.75 ], "texture": "#banshou" },
				"south": { "uv": [ 4.5, 8.875, 5.4375, 9 ], "texture": "#banshou" },
				"west": { "uv": [ 7.6875, 11.375, 7.875, 11.5 ], "texture": "#banshou" },
				"east": { "uv": [ 8.0625, 8, 7.875, 8.125 ], "texture": "#banshou" }
			}
		},
		{
			"__comment": "Voxels",
			"from": [ 18.5, 9.5, -4 ],
			"to": [ 26, 10.5, -2.5 ],
			"faces": {
				"down": { "uv": [ 2.625, 11.0625, 3.5625, 11.25 ], "texture": "#banshou" },
				"up": { "uv": [ 3.5625, 11.4375, 4.5, 11.25 ], "texture": "#banshou" },
				"north": { "uv": [ 5.4375, 9.125, 4.5, 9.25 ], "texture": "#banshou" },
				"south": { "uv": [ 4.5, 8.75, 5.4375, 8.875 ], "texture": "#banshou" },
				"west": { "uv": [ 8.0625, 14.0625, 8.25, 14.1875 ], "texture": "#banshou" },
				"east": { "uv": [ 8.25, 13.9375, 8.0625, 14.0625 ], "texture": "#banshou" }
			}
		},
		{
			"__comment": "Voxels",
			"from": [ 18.5, 10.5, -8.5 ],
			"to": [ 24.5, 12, -7 ],
			"faces": {
				"down": { "uv": [ 4.5, 13, 5.25, 13.1875 ], "texture": "#banshou" },
				"up": { "uv": [ 4.5, 13, 5.25, 12.8125 ], "texture": "#banshou" },
				"north": { "uv": [ 5.25, 12.625, 4.5, 12.8125 ], "texture": "#banshou" },
				"south": { "uv": [ 4.5, 12.4375, 5.25, 12.625 ], "texture": "#banshou" },
				"west": { "uv": [ 7.3125, 8.375, 7.5, 8.5625 ], "texture": "#banshou" },
				"east": { "uv": [ 7.6875, 8.375, 7.5, 8.5625 ], "texture": "#banshou" }
			}
		},
		{
			"__comment": "Voxels",
			"from": [ 18.5, 10.5, -4 ],
			"to": [ 24.5, 12, -2.5 ],
			"faces": {
				"down": { "uv": [ 4.5, 12.25, 5.25, 12.4375 ], "texture": "#banshou" },
				"up": { "uv": [ 4.5, 12.25, 5.25, 12.0625 ], "texture": "#banshou" },
				"north": { "uv": [ 5.25, 11.875, 4.5, 12.0625 ], "texture": "#banshou" },
				"south": { "uv": [ 4.5, 11.6875, 5.25, 11.875 ], "texture": "#banshou" },
				"west": { "uv": [ 7.3125, 8.1875, 7.5, 8.375 ], "texture": "#banshou" },
				"east": { "uv": [ 7.5, 8, 7.3125, 8.1875 ], "texture": "#banshou" }
			}
		},
		{
			"__comment": "Voxels",
			"from": [ 18.5, 10.5, -1 ],
			"to": [ 21.5, 12, 0.5 ],
			"faces": {
				"down": { "uv": [ 7.125, 11.8125, 7.5, 12 ], "texture": "#banshou" },
				"up": { "uv": [ 7.5, 12, 7.875, 11.8125 ], "texture": "#banshou" },
				"north": { "uv": [ 7.5, 11.625, 7.125, 11.8125 ], "texture": "#banshou" },
				"south": { "uv": [ 7.5, 11.625, 7.875, 11.8125 ], "texture": "#banshou" },
				"west": { "uv": [ 7.875, 15.625, 8.0625, 15.8125 ], "texture": "#banshou" },
				"east": { "uv": [ 8.0625, 15.4375, 7.875, 15.625 ], "texture": "#banshou" }
			}
		},
		{
			"__comment": "Voxels",
			"from": [ 18.5, 10.5, 0.5 ],
			"to": [ 20, 12, 2 ],
			"faces": {
				"down": { "uv": [ 7.875, 15.25, 8.0625, 15.4375 ], "texture": "#banshou" },
				"up": { "uv": [ 7.875, 15.25, 8.0625, 15.0625 ], "texture": "#banshou" },
				"north": { "uv": [ 8.0625, 14.875, 7.875, 15.0625 ], "texture": "#banshou" },
				"south": { "uv": [ 7.875, 14.6875, 8.0625, 14.875 ], "texture": "#banshou" },
				"west": { "uv": [ 7.875, 14.5, 8.0625, 14.6875 ], "texture": "#banshou" },
				"east": { "uv": [ 8.0625, 14.3125, 7.875, 14.5 ], "texture": "#banshou" }
			}
		},
		{
			"__comment": "Voxels",
			"from": [ 20, 6, -7 ],
			"to": [ 24.5, 8, -4 ],
			"faces": {
				"down": { "uv": [ 1.125, 10.875, 1.6875, 11.25 ], "texture": "#banshou" },
				"up": { "uv": [ 1.6875, 11.625, 2.25, 11.25 ], "texture": "#banshou" },
				"north": { "uv": [ 3.1875, 8.5, 2.625, 8.75 ], "texture": "#banshou" },
				"south": { "uv": [ 2.625, 8.25, 3.1875, 8.5 ], "texture": "#banshou" },
				"west": { "uv": [ 2.25, 11.75, 2.625, 12 ], "texture": "#banshou" },
				"east": { "uv": [ 2.625, 11.375, 2.25, 11.625 ], "texture": "#banshou" }
			}
		},
		{
			"__comment": "Voxels",
			"from": [ 20, 8, 0.5 ],
			"to": [ 21.5, 10, 2 ],
			"faces": {
				"down": { "uv": [ 7.875, 13.75, 8.0625, 13.9375 ], "texture": "#banshou" },
				"up": { "uv": [ 7.875, 13.75, 8.0625, 13.5625 ], "texture": "#banshou" },
				"north": { "uv": [ 7.875, 9.875, 7.6875, 10.125 ], "texture": "#banshou" },
				"south": { "uv": [ 7.125, 9.625, 7.3125, 9.875 ], "texture": "#banshou" },
				"west": { "uv": [ 7.3125, 9.625, 7.5, 9.875 ], "texture": "#banshou" },
				"east": { "uv": [ 7.6875, 9.625, 7.5, 9.875 ], "texture": "#banshou" }
			}
		},
		{
			"__comment": "Voxels",
			"from": [ 20, 9.5, -7 ],
			"to": [ 26, 10.5, -4 ],
			"faces": {
				"down": { "uv": [ 0, 9.9375, 0.75, 10.3125 ], "texture": "#banshou" },
				"up": { "uv": [ 0, 9.9375, 0.75, 9.5625 ], "texture": "#banshou" },
				"north": { "uv": [ 7.875, 15.625, 7.125, 15.75 ], "texture": "#banshou" },
				"south": { "uv": [ 7.125, 15.75, 7.875, 15.875 ], "texture": "#banshou" },
				"west": { "uv": [ 0.75, 14.125, 1.125, 14.25 ], "texture": "#banshou" },
				"east": { "uv": [ 2.625, 11.625, 2.25, 11.75 ], "texture": "#banshou" }
			}
		},
		{
			"__comment": "Voxels",
			"from": [ 20, 10.5, -7 ],
			"to": [ 24.5, 12, -4 ],
			"faces": {
				"down": { "uv": [ 1.125, 11.25, 1.6875, 11.625 ], "texture": "#banshou" },
				"up": { "uv": [ 1.6875, 12, 2.25, 11.625 ], "texture": "#banshou" },
				"north": { "uv": [ 6, 12.8125, 5.4375, 13 ], "texture": "#banshou" },
				"south": { "uv": [ 5.4375, 13, 6, 13.1875 ], "texture": "#banshou" },
				"west": { "uv": [ 7.125, 11.1875, 7.5, 11.375 ], "texture": "#banshou" },
				"east": { "uv": [ 7.875, 11.1875, 7.5, 11.375 ], "texture": "#banshou" }
			}
		},
		{
			"__comment": "Voxels",
			"from": [ 21.5, 6, -10 ],
			"to": [ 23, 12, -8.5 ],
			"faces": {
				"down": { "uv": [ 7.875, 10.75, 8.0625, 10.9375 ], "texture": "#banshou" },
				"up": { "uv": [ 7.875, 10.75, 8.0625, 10.5625 ], "texture": "#banshou" },
				"north": { "uv": [ 4.6875, 10.9375, 4.5, 11.6875 ], "texture": "#banshou" },
				"south": { "uv": [ 4.6875, 10.9375, 4.875, 11.6875 ], "texture": "#banshou" },
				"west": { "uv": [ 4.875, 10.9375, 5.0625, 11.6875 ], "texture": "#banshou" },
				"east": { "uv": [ 5.25, 10.9375, 5.0625, 11.6875 ], "texture": "#banshou" }
			}
		},
		{
			"__comment": "Voxels",
			"from": [ 21.5, 7.5, -11.5 ],
			"to": [ 23, 10.5, -10 ],
			"faces": {
				"down": { "uv": [ 7.875, 9.625, 8.0625, 9.8125 ], "texture": "#banshou" },
				"up": { "uv": [ 7.875, 9.625, 8.0625, 9.4375 ], "texture": "#banshou" },
				"north": { "uv": [ 7.3125, 10.8125, 7.125, 11.1875 ], "texture": "#banshou" },
				"south": { "uv": [ 7.3125, 10.8125, 7.5, 11.1875 ], "texture": "#banshou" },
				"west": { "uv": [ 7.5, 10.8125, 7.6875, 11.1875 ], "texture": "#banshou" },
				"east": { "uv": [ 7.875, 10.8125, 7.6875, 11.1875 ], "texture": "#banshou" }
			}
		},
		{
			"__comment": "Voxels",
			"from": [ 23, 7.5, -10 ],
			"to": [ 24.5, 10.5, -8.5 ],
			"faces": {
				"down": { "uv": [ 7.875, 8.5, 8.0625, 8.6875 ], "texture": "#banshou" },
				"up": { "uv": [ 7.875, 8.5, 8.0625, 8.3125 ], "texture": "#banshou" },
				"north": { "uv": [ 7.3125, 10.4375, 7.125, 10.8125 ], "texture": "#banshou" },
				"south": { "uv": [ 7.3125, 10.4375, 7.5, 10.8125 ], "texture": "#banshou" },
				"west": { "uv": [ 7.5, 10.4375, 7.6875, 10.8125 ], "texture": "#banshou" },
				"east": { "uv": [ 7.875, 10.4375, 7.6875, 10.8125 ], "texture": "#banshou" }
			}
		},
		{
			"__comment": "Voxels",
			"from": [ 24.5, 7.5, -8.5 ],
			"to": [ 26, 8, -2.5 ],
			"faces": {
				"down": { "uv": [ 5.25, 10.9375, 5.4375, 11.6875 ], "texture": "#banshou" },
				"up": { "uv": [ 4.5, 10.9375, 4.6875, 10.1875 ], "texture": "#banshou" },
				"north": { "uv": [ 9.1875, 15.6875, 9, 15.75 ], "texture": "#banshou" },
				"south": { "uv": [ 9.1875, 15.6875, 9.375, 15.75 ], "texture": "#banshou" },
				"west": { "uv": [ 7.125, 10.125, 7.875, 10.1875 ], "texture": "#banshou" },
				"east": { "uv": [ 2.4375, 8, 1.6875, 8.0625 ], "texture": "#banshou" }
			}
		}
	],
	"display": {
		"thirdperson_righthand": {
			"rotation":  [ -126, 180, -90 ],
			"translation":  [ 0.6962, 2.0869, 2.0869 ],
			"scale":  [ 0.3, 0.3, 0.3 ]
		},
		"firstperson_righthand": {
			"rotation":  [ 30, 17, 90 ],
			"translation":  [ 8.3478, 0.6966, -11.82 ],
			"scale":  [ 0.8, 0.8, 0.8 ]
		},
		"gui": {
			"rotation":  [ 90, 0, 0 ],
			"translation":  [ 0.6956, 0.6956, 0 ],
			"scale":  [ 0.3, 0.3, 0.3 ]
		},
		"ground": {
			"scale":  [ 0.3, 0.3, 0.3 ]
		},
		"fixed": {
			"rotation":  [ 90, 0, 180 ],
			"scale":  [ 0.3, 0.3, 0.3 ]
		}
	}
}