{
	"credit": "Made with Blockbench",
	"texture_size": [32, 32],
	"textures": {
		"2": "nubx/xgd",
		"particle": "nubx/xgd"
	},
	"elements": [
		{
			"from": [7.45313, 19.76563, 6.51563],
			"to": [8.54688, 31.10938, 8.29688],
			"rotation": {"angle": 0, "axis": "y", "origin": [8, 23.17969, 8]},
			"faces": {
				"north": {"uv": [4, 0, 4.5, 5.75], "texture": "#2"},
				"east": {"uv": [0, 0, 1, 5.75], "texture": "#2"},
				"south": {"uv": [4.5, 0, 5, 5.75], "texture": "#2"},
				"west": {"uv": [1, 0, 0, 5.75], "texture": "#2"},
				"up": {"uv": [9.5, 3, 9, 2], "texture": "#2"},
				"down": {"uv": [6.5, 9, 6, 10], "texture": "#2"}
			}
		},
		{
			"from": [7.45313, 15.32813, 6.60938],
			"to": [8.54688, 19.76563, 8.32813],
			"rotation": {"angle": 0, "axis": "y", "origin": [8, 13.99219, 8.15625]},
			"faces": {
				"north": {"uv": [5.5, 7, 6, 9.25], "texture": "#2"},
				"east": {"uv": [1, 6, 1.75, 8.25], "texture": "#2"},
				"south": {"uv": [8, 3.5, 8.5, 5.75], "texture": "#2"},
				"west": {"uv": [1.75, 6, 1, 8.25], "texture": "#2"},
				"up": {"uv": [10.5, 3.75, 10, 3], "texture": "#2"},
				"down": {"uv": [4, 10, 3.5, 10.75], "texture": "#2"}
			}
		},
		{
			"from": [7.45703, 18.92188, 6.05485],
			"to": [8.54297, 20.19916, 6.26563],
			"rotation": {"angle": -22.5, "axis": "x", "origin": [8, 21.14063, 7.375]},
			"faces": {
				"north": {"uv": [4.5, 10, 5, 10.75], "texture": "#2"},
				"east": {"uv": [9, 10.5, 9.25, 11.25], "texture": "#2"},
				"south": {"uv": [5, 10, 5.5, 10.75], "texture": "#2"},
				"west": {"uv": [9.5, 10.5, 9.75, 11.25], "texture": "#2"},
				"up": {"uv": [11.5, 3.25, 11, 3], "texture": "#2"},
				"down": {"uv": [4, 11, 3.5, 11.25], "texture": "#2"}
			}
		},
		{
			"from": [7.45703, 14.48438, 6.1486],
			"to": [8.54297, 15.76166, 6.35938],
			"rotation": {"angle": -22.5, "axis": "x", "origin": [8, 16.70313, 7.46875]},
			"faces": {
				"north": {"uv": [10, 5, 10.5, 5.75], "texture": "#2"},
				"east": {"uv": [10.5, 9.5, 10.75, 10.25], "texture": "#2"},
				"south": {"uv": [6, 10, 6.5, 10.75], "texture": "#2"},
				"west": {"uv": [10, 10.5, 10.25, 11.25], "texture": "#2"},
				"up": {"uv": [11.5, 3.75, 11, 3.5], "texture": "#2"},
				"down": {"uv": [4.5, 11, 4, 11.25], "texture": "#2"}
			}
		},
		{
			"from": [7.45313, 10.48438, 6.82813],
			"to": [8.54688, 15.32813, 8.26563],
			"shade": false,
			"rotation": {"angle": 0, "axis": "y", "origin": [8, 9.14844, 8.25]},
			"faces": {
				"north": {"uv": [7, 0, 7.5, 2.5], "texture": "#2"},
				"east": {"uv": [0, 6, 0.75, 8.5], "texture": "#2"},
				"south": {"uv": [7, 2.5, 7.5, 5], "texture": "#2"},
				"west": {"uv": [0.75, 6, 0, 8.5], "texture": "#2"},
				"up": {"uv": [4.5, 10.75, 4, 10], "texture": "#2"},
				"down": {"uv": [10.5, 4, 10, 4.75], "texture": "#2"}
			}
		},
		{
			"from": [7.45313, 9.35938, 8.26563],
			"to": [8.54688, 29.42597, 9.41881],
			"rotation": {"angle": 0, "axis": "y", "origin": [8, 24.51767, 8.84222]},
			"faces": {
				"north": {"uv": [2, 0, 2.5, 10], "texture": "#2"},
				"east": {"uv": [2.5, 0, 3, 10], "texture": "#2"},
				"south": {"uv": [3, 0, 3.5, 10], "texture": "#2"},
				"west": {"uv": [3, 0, 2.5, 10], "texture": "#2"},
				"up": {"uv": [10.5, 7.5, 10, 7], "texture": "#2"},
				"down": {"uv": [10.5, 7.5, 10, 8], "texture": "#2"}
			}
		},
		{
			"from": [7.45313, 4.67188, 7.98438],
			"to": [8.54688, 8.85938, 9.02818],
			"rotation": {"angle": 0, "axis": "y", "origin": [8, 6.82813, 8.50628]},
			"faces": {
				"north": {"uv": [5, 8, 5.5, 10], "texture": "#2"},
				"east": {"uv": [8, 7, 8.5, 9], "texture": "#2"},
				"south": {"uv": [0, 8.5, 0.5, 10.5], "texture": "#2"},
				"west": {"uv": [0.5, 8.5, 1, 10.5], "texture": "#2"},
				"up": {"uv": [10.5, 9, 10, 8.5], "texture": "#2"},
				"down": {"uv": [10.5, 9, 10, 9.5], "texture": "#2"}
			}
		},
		{
			"from": [7.61719, 7.67188, 8.51563],
			"to": [8.38281, 8.51563, 9.37193],
			"rotation": {"angle": 45, "axis": "x", "origin": [7.91406, 8.03125, 8.85003]},
			"faces": {
				"north": {"uv": [9.5, 10, 10, 10.5], "texture": "#2"},
				"east": {"uv": [10, 9.5, 10.5, 10], "texture": "#2"},
				"south": {"uv": [10, 10, 10.5, 10.5], "texture": "#2"},
				"west": {"uv": [0, 10.5, 0.5, 11], "texture": "#2"},
				"up": {"uv": [11, 0.5, 10.5, 0], "texture": "#2"},
				"down": {"uv": [1, 10.5, 0.5, 11], "texture": "#2"}
			}
		},
		{
			"from": [7.61719, 6.42188, 8.51563],
			"to": [8.38281, 7.26563, 9.37193],
			"shade": false,
			"rotation": {"angle": 45, "axis": "x", "origin": [7.91406, 6.78125, 8.85003]},
			"faces": {
				"north": {"uv": [10.5, 0.5, 11, 1], "texture": "#2"},
				"east": {"uv": [1, 10.5, 1.5, 11], "texture": "#2"},
				"south": {"uv": [10.5, 1, 11, 1.5], "texture": "#2"},
				"west": {"uv": [1.5, 10.5, 2, 11], "texture": "#2"},
				"up": {"uv": [11, 2, 10.5, 1.5], "texture": "#2"},
				"down": {"uv": [11, 2, 10.5, 2.5], "texture": "#2"}
			}
		},
		{
			"from": [7.61719, 5.14063, 8.51563],
			"to": [8.38281, 5.98438, 9.37193],
			"rotation": {"angle": 45, "axis": "x", "origin": [7.91406, 5.5, 8.85003]},
			"faces": {
				"north": {"uv": [10.5, 2.5, 11, 3], "texture": "#2"},
				"east": {"uv": [10.5, 3, 11, 3.5], "texture": "#2"},
				"south": {"uv": [10.5, 3.5, 11, 4], "texture": "#2"},
				"west": {"uv": [10.5, 4, 11, 4.5], "texture": "#2"},
				"up": {"uv": [11, 5, 10.5, 4.5], "texture": "#2"},
				"down": {"uv": [11, 5, 10.5, 5.5], "texture": "#2"}
			}
		},
		{
			"from": [7.45117, 29.05516, 6.08449],
			"to": [8.54883, 30.51068, 7.58308],
			"rotation": {"angle": -22.5, "axis": "x", "origin": [7.99805, 33.85497, 7.56886]},
			"faces": {
				"north": {"uv": [9.5, 2, 10, 2.75], "texture": "#2"},
				"east": {"uv": [1, 8.5, 1.75, 9.25], "texture": "#2"},
				"south": {"uv": [9.5, 3, 10, 3.75], "texture": "#2"},
				"west": {"uv": [8.5, 3.5, 9.25, 4.25], "texture": "#2"},
				"up": {"uv": [10, 4.75, 9.5, 4], "texture": "#2"},
				"down": {"uv": [10, 5, 9.5, 5.75], "texture": "#2"}
			}
		},
		{
			"from": [7.44336, 30.22436, 6.69439],
			"to": [8.55664, 31.92391, 7.41549],
			"shade": false,
			"rotation": {"angle": -45, "axis": "x", "origin": [7.99023, 32.24338, 7.47917]},
			"faces": {
				"north": {"uv": [9.5, 7, 10, 7.75], "texture": "#2"},
				"east": {"uv": [5.5, 10.5, 5.75, 11.25], "texture": "#2"},
				"south": {"uv": [7.5, 9.5, 8, 10.25], "texture": "#2"},
				"west": {"uv": [10.5, 5.5, 10.75, 6.25], "texture": "#2"},
				"up": {"uv": [11, 10.75, 10.5, 10.5], "texture": "#2"},
				"down": {"uv": [0.5, 11, 0, 11.25], "texture": "#2"}
			}
		},
		{
			"from": [7.45508, 30.75179, 5.60174],
			"to": [8.54492, 31.67734, 6.98948],
			"rotation": {"angle": -22.5, "axis": "x", "origin": [8.00195, 33.57992, 6.90482]},
			"faces": {
				"north": {"uv": [9, 3, 9.5, 3.5], "texture": "#2"},
				"east": {"uv": [9.5, 6, 10.25, 6.5], "texture": "#2"},
				"south": {"uv": [6.5, 10, 7, 10.5], "texture": "#2"},
				"west": {"uv": [9.5, 6.5, 10.25, 7], "texture": "#2"},
				"up": {"uv": [6, 10.25, 5.5, 9.5], "texture": "#2"},
				"down": {"uv": [7.5, 9.5, 7, 10.25], "texture": "#2"}
			}
		},
		{
			"from": [7.4375, 31.3235, 6.42901],
			"to": [8.5625, 31.97245, 7.66005],
			"rotation": {"angle": 0, "axis": "y", "origin": [7.98438, 31.16148, 7.24716]},
			"faces": {
				"north": {"uv": [11, 0, 11.5, 0.25], "texture": "#2"},
				"east": {"uv": [0.5, 11, 1, 11.25], "texture": "#2"},
				"south": {"uv": [11, 0.5, 11.5, 0.75], "texture": "#2"},
				"west": {"uv": [1, 11, 1.5, 11.25], "texture": "#2"},
				"up": {"uv": [8.5, 10.5, 8, 10], "texture": "#2"},
				"down": {"uv": [10.5, 8, 10, 8.5], "texture": "#2"}
			}
		},
		{
			"from": [7.54688, 3.82813, 7.125],
			"to": [8.45313, 9.51563, 8.9375],
			"rotation": {"angle": 0, "axis": "y", "origin": [8.09375, 7.71875, 8.15625]},
			"faces": {
				"north": {"uv": [6, 6, 6.5, 8.75], "texture": "#2"},
				"east": {"uv": [5, 0, 6, 2.75], "texture": "#2"},
				"south": {"uv": [6.5, 6, 7, 8.75], "texture": "#2"},
				"west": {"uv": [5, 3, 6, 5.75], "texture": "#2"},
				"up": {"uv": [7, 10, 6.5, 9], "texture": "#2"},
				"down": {"uv": [8.5, 9, 8, 10], "texture": "#2"}
			}
		},
		{
			"from": [7.25, 3.09375, 7.28125],
			"to": [8.75, 4.69375, 8.88125],
			"rotation": {"angle": 45, "axis": "x", "origin": [8, 3.84375, 8.03125]},
			"faces": {
				"north": {"uv": [8.5, 4.5, 9.25, 5.25], "texture": "#2"},
				"east": {"uv": [8.5, 5.5, 9.25, 6.25], "texture": "#2"},
				"south": {"uv": [8.5, 6.5, 9.25, 7.25], "texture": "#2"},
				"west": {"uv": [8.5, 5.5, 9.25, 6.25], "texture": "#2"},
				"up": {"uv": [9.25, 8.25, 8.5, 7.5], "texture": "#2"},
				"down": {"uv": [9.25, 8.5, 8.5, 9.25], "texture": "#2"}
			}
		},
		{
			"from": [7.5275, 9.2325, 5.89344],
			"to": [8.4725, 10.70109, 10.10656],
			"rotation": {"angle": 0, "axis": "y", "origin": [8, 10.25625, 8]},
			"faces": {
				"north": {"uv": [1, 9.5, 1.5, 10.25], "texture": "#2"},
				"east": {"uv": [4, 6, 6, 6.75], "texture": "#2"},
				"south": {"uv": [1.5, 9.5, 2, 10.25], "texture": "#2"},
				"west": {"uv": [6, 5, 8, 5.75], "texture": "#2"},
				"up": {"uv": [4.5, 10, 4, 8], "texture": "#2"},
				"down": {"uv": [5, 8, 4.5, 10], "texture": "#2"}
			}
		},
		{
			"from": [6.8735, 9.2325, 6.54744],
			"to": [8.12938, 10.68938, 9.45256],
			"rotation": {"angle": 0, "axis": "y", "origin": [7.96063, 10.25625, 8]},
			"faces": {
				"north": {"uv": [9, 0, 9.75, 0.75], "texture": "#2"},
				"east": {"uv": [4, 7, 5.5, 7.75], "texture": "#2"},
				"south": {"uv": [9, 1, 9.75, 1.75], "texture": "#2"},
				"west": {"uv": [7, 6, 8.5, 6.75], "texture": "#2"},
				"up": {"uv": [7.75, 8.5, 7, 7], "texture": "#2"},
				"down": {"uv": [8.25, 0, 7.5, 1.5], "texture": "#2"}
			}
		},
		{
			"from": [8.12938, 9.2325, 6.54744],
			"to": [9.1265, 10.68938, 9.45256],
			"rotation": {"angle": 0, "axis": "y", "origin": [8.03938, 10.25625, 8]},
			"faces": {
				"north": {"uv": [2.5, 10, 3, 10.75], "texture": "#2"},
				"east": {"uv": [7.5, 1.5, 9, 2.25], "texture": "#2"},
				"south": {"uv": [3, 10, 3.5, 10.75], "texture": "#2"},
				"west": {"uv": [7.5, 2.5, 9, 3.25], "texture": "#2"},
				"up": {"uv": [8, 5, 7.5, 3.5], "texture": "#2"},
				"down": {"uv": [9, 0, 8.5, 1.5], "texture": "#2"}
			}
		},
		{
			"from": [8, 9.23641, 8.41344],
			"to": [8.59465, 10.67766, 9.33834],
			"rotation": {"angle": -45, "axis": "y", "origin": [7.60625, 10.25625, 9.575]},
			"faces": {
				"north": {"uv": [6.5, 10.5, 6.75, 11.25], "texture": "#2"},
				"east": {"uv": [9.5, 8, 10, 8.75], "texture": "#2"},
				"south": {"uv": [10.5, 6.5, 10.75, 7.25], "texture": "#2"},
				"west": {"uv": [8.5, 9.5, 9, 10.25], "texture": "#2"},
				"up": {"uv": [11.25, 1.5, 11, 1], "texture": "#2"},
				"down": {"uv": [1.75, 11, 1.5, 11.5], "texture": "#2"}
			}
		},
		{
			"from": [8, 9.23641, 6.66166],
			"to": [8.59465, 10.67766, 7.58656],
			"rotation": {"angle": 45, "axis": "y", "origin": [7.60625, 10.25625, 6.425]},
			"faces": {
				"north": {"uv": [7, 10.5, 7.25, 11.25], "texture": "#2"},
				"east": {"uv": [9, 9.5, 9.5, 10.25], "texture": "#2"},
				"south": {"uv": [7.5, 10.5, 7.75, 11.25], "texture": "#2"},
				"west": {"uv": [9.5, 9, 10, 9.75], "texture": "#2"},
				"up": {"uv": [11.25, 2, 11, 1.5], "texture": "#2"},
				"down": {"uv": [2.25, 11, 2, 11.5], "texture": "#2"}
			}
		},
		{
			"from": [7.40535, 9.23641, 6.66166],
			"to": [8, 10.67766, 7.58656],
			"rotation": {"angle": -45, "axis": "y", "origin": [8.39375, 10.25625, 6.425]},
			"faces": {
				"north": {"uv": [8.5, 10.5, 8.75, 11.25], "texture": "#2"},
				"east": {"uv": [2, 10, 2.5, 10.75], "texture": "#2"},
				"south": {"uv": [10.5, 8.5, 10.75, 9.25], "texture": "#2"},
				"west": {"uv": [10, 2, 10.5, 2.75], "texture": "#2"},
				"up": {"uv": [11.25, 3, 11, 2.5], "texture": "#2"},
				"down": {"uv": [3.25, 11, 3, 11.5], "texture": "#2"}
			}
		},
		{
			"from": [7.40535, 9.23641, 8.41344],
			"to": [8, 10.67766, 9.33834],
			"rotation": {"angle": 45, "axis": "y", "origin": [8.39375, 10.25625, 9.575]},
			"faces": {
				"north": {"uv": [10.5, 7.5, 10.75, 8.25], "texture": "#2"},
				"east": {"uv": [10, 0, 10.5, 0.75], "texture": "#2"},
				"south": {"uv": [8, 10.5, 8.25, 11.25], "texture": "#2"},
				"west": {"uv": [10, 1, 10.5, 1.75], "texture": "#2"},
				"up": {"uv": [11.25, 2.5, 11, 2], "texture": "#2"},
				"down": {"uv": [2.75, 11, 2.5, 11.5], "texture": "#2"}
			}
		}
	],
	"gui_light": "front",
	"display": {
		"thirdperson_righthand": {
			"translation": [0, -0.5, 1.25]
		},
		"firstperson_righthand": {
			"rotation": [-22.25, 33.5, 0],
			"translation": [3.25, -1.25, 0]
		},
		"firstperson_lefthand": {
			"rotation": [-22.25, 33.5, 0],
			"translation": [3.25, -1.25, 0]
		},
		"gui": {
			"rotation": [-88.25, 139.75, 116.25],
			"translation": [-4.25, -4, 0],
			"scale": [0.7, 0.7, 0.7]
		},
		"fixed": {
			"rotation": [0, 90, 0],
			"translation": [0, -7.5, -2.75]
		}
	}
}