{"shoot.ak":{"category":"player","sounds":["shoot/ak"]},"shoot.famas_reload":{"category":"player","sounds":["shoot/famas_reload"]},"shoot.explosion1":{"category":"player","sounds":["shoot/explosion1"]},"shoot.famas":{"category":"player","sounds":["shoot/famas"]},"shoot.xgd":{"category":"player","sounds":["shoot/xgd"]},"shoot.m1928_reload":{"category":"player","sounds":["shoot/m1928_reload"]},"shoot.m1928":{"category":"player","sounds":["shoot/m1928"]},"shoot.m1903":{"category":"player","sounds":["shoot/m1903"]},"shoot.reload3":{"category":"player","sounds":["shoot/reload3"]},"shoot.stg44":{"category":"player","sounds":["shoot/stg44"]},"shoot.shoulei":{"category":"player","sounds":["shoot/shoulei"]},"shoot.m1garand_fire":{"category":"player","sounds":["shoot/m1garand_fire"]},"shoot.m1garand_reload":{"category":"player","sounds":["shoot/m1garand_reload"]},"shoot.m1897":{"category":"player","sounds":["shoot/m1897"]},"shoot.reload1":{"category":"player","sounds":["shoot/reload1"]},"shoot.reload2":{"category":"player","sounds":["shoot/reload2"]},"shoot.sgreload":{"category":"player","sounds":["shoot/sgreload"]},"shoot.hgreload":{"category":"player","sounds":["shoot/hgreload"]},"shoot.mg17":{"category":"player","sounds":["shoot/mg17"]},"shoot.mp5":{"category":"player","sounds":["shoot/mp5"]},"shoot.xipao":{"category":"player","sounds":["shoot/xipao"]},"shoot.98k":{"category":"player","sounds":["shoot/98k"]},"shoot.98k_reload":{"category":"player","sounds":["shoot/98k_reload"]},"shoot.m1911":{"category":"player","sounds":["shoot/m1911"]},"shoot.m16":{"category":"player","sounds":["shoot/m16"]},"shoot.bazooka":{"category":"player","sounds":["shoot/bazooka"]},"shoot.carbine":{"category":"player","sounds":["shoot/carbine"]},"shoot.gauss":{"category":"player","sounds":["shoot/gauss"]},"shoot.hunting":{"category":"player","sounds":["shoot/hunting"]},"shoot.hunting_silenced":{"category":"player","sounds":["shoot/hunting_silenced"]},"shoot.olympia":{"category":"player","sounds":["shoot/olympia"]},"shoot.python":{"category":"player","sounds":["shoot/python"]},"shoot.type95":{"category":"player","sounds":["shoot/type95"]},"shoot.enfield_reload":{"category":"player","sounds":["shoot/enfield_reload"]},"shoot.enfield":{"category":"player","sounds":["shoot/enfield"]},"shoot.rpd":{"category":"player","sounds":["shoot/rpd"]},"shoot.reload3s":{"category":"player","sounds":["shoot/reload3s"]},"shoot.deserteagle":{"category":"player","sounds":["shoot/deserteagle"]},"scope.end_scope":{"category":"player","sounds":["scope/end_scope"]},"scope.start_scope":{"category":"player","sounds":["scope/start_scope"]}}