{
  "parent": "item/generated",
  "textures": {
    "layer0": "item/brick"
  },
  "overrides": [
    {
      "predicate": {
        "custom_model_data": 1
      },
      "model": "item/reload/m1911reload"
    },
    {
      "predicate": {
        "custom_model_data": 2
      },
      "model": "item/reload/98jload"
    },
    {
      "predicate": {
        "custom_model_data": 3
      },
      "model": "item/reload/famasreload"
    },
    {
      "predicate": {
        "custom_model_data": 4
      },
      "model": "item/reload/m1grand"
    },
    {
      "predicate": {
        "custom_model_data": 5
      },
      "model": "item/reload/m1897"
    },
    {
      "predicate": {
        "custom_model_data": 6
      },
      "model": "item/reload/m16reload"
    },
    {
      "predicate": {
        "custom_model_data": 7
      },
      "model": "item/reload/m16a4reload"
    },
    {
      "predicate": {
        "custom_model_data": 8
      },
      "model": "item/reload/kar98k"
    },
    {
      "predicate": {
        "custom_model_data": 9
      },
      "model": "item/reload/akreload"
    },
    {
      "predicate": {
        "custom_model_data": 10
      },
      "model": "item/reload/tmx3"
    },
    {
      "predicate": {
        "custom_model_data": 11
      },
      "model": "item/reload/no4mk1"
    }
    
  ]
}