{
  "parent": "item/handheld",
  "textures": {
    "layer0": "item/iron_hoe"
  },
  "overrides": [
    {
      "predicate": {
        "custom_model_data": 1
      },
      "model": "item/jimiao/ak47"
    },
    {
      "predicate": {
        "custom_model_data": 2
      },
      "model": "item/jimiao/m1911"
    },
    {
      "predicate": {
        "custom_model_data": 3
      },
      "model": "item/jimiao/mp5"
    },
    {
      "predicate": {
        "custom_model_data": 4
      },
      "model": "item/jimiao/kar98j"
    },
    {
      "predicate": {
        "custom_model_data": 5
      },
      "model": "item/jimiao/famas"
    },
    {
      "predicate": {
        "custom_model_data": 6
      },
      "model": "item/jimiao/m1grand"
    },
    {
      "predicate": {
        "custom_model_data": 7
      },
      "model": "item/jimiao/m1897"
    },
    {
      "predicate": {
        "custom_model_data": 8
      },
      "model": "item/jimiao/m16"
    },
    {
      "predicate": {
        "custom_model_data": 9
      },
      "model": "item/jimiao/m16a4"
    },
    {
      "predicate": {
        "custom_model_data": 10
      },
      "model": "item/jimiao/kar98k"
    },
    {
      "predicate": {
        "custom_model_data": 11
      },
      "model": "item/jimiao/tmx2"
    },
    {
      "predicate": {
        "custom_model_data": 12
      },
      "model": "item/jimiao/enfield"
    }
    
  ]
}