{
  "parent": "item/handheld",
  "textures": {
    "layer0": "item/iron_sword"
  },
  "overrides": [
    {
      "predicate": {
        "custom_model_data": 1
      },
      "model": "item/jinzhan/xgd"
    },
    {
      "predicate": {
        "custom_model_data": 2
      },
      "model": "item/jinzhan/jiangshijian1"
    },
    {
      "predicate": {
        "custom_model_data": 3
      },
      "model": "item/jinzhan/banshou"
    },
    {
      "predicate": {
        "custom_model_data": 4
      },
      "model": "item/ammo/xgd"
    },
    {
      "predicate": {
        "custom_model_data": 5
      },
      "model": "item/ammo/ammorpg"
    },
    {
      "predicate": {
        "custom_model_data": 6
      },
      "model": "item/ammo/ammomusketball"
    },
    {
      "predicate": {
        "custom_model_data": 7
      },
      "model": "item/ammo/ammo50cal"
    },
    {
      "predicate": {
        "custom_model_data": 8
      },
      "model": "item/ammo/ammo40m"
    },
    {
      "predicate": {
        "custom_model_data": 9
      },
      "model": "item/ammo/ammomininuke"
    },
    {
      "predicate": {
        "custom_model_data": 10
      },
      "model": "item/jinzhan/xgd"
    },
    {
      "predicate": {
        "custom_model_data": 11
      },
      "model": "item/ammo/ammofusion"
    }
    
  ]
}